:020000040002F8
:10700000005100209DBC02004554030089BC0200D1
:1070100089BC020089BC020089BC0200000000009B
:1070200000000000000000000000000009BE020097
:1070300089BC020000000000A5BD020089BC02005E
:1070400005C0020005C0020005C0020005C0020024
:1070500005C0020005C0020005C0020005C0020014
:1070600005C0020005C0020005C0020005C0020004
:1070700005C0020005C0020005C0020005C00200F4
:1070800005C0020005C0020005C0020005C00200E4
:1070900005C0020005C0020005C0020005C00200D4
:1070A00005C0020005C0020005C0020005C00200C4
:1070B00005C0020005C0020005C0020005C00200B4
:1070C00005C0020005C0020005C0020005C00200A4
:1070D00005C0020005C0020005C0020005C0020094
:1070E00005C0020005C0020005C0020005C0020084
:1070F00005C0020005C0020005C0020005C0020074
:1071000053B94AB9002908BF00281CBF4FF0FF310E
:107110004FF0FF3000F00CB8ADF1080C6DE904CE73
:1071200000F010F8DDF804E0DDE9022304B0704758
:10713000704700BF034613F8012B002AFBD1181A31
:10714000013870472DE9F04786468C460846089E70
:10715000154674461946002B40F0C2808542B2FAAB
:1071600082F245D94AB1C2F1200300FA02FC2EFA9C
:1071700003F3954043EA0C0C94404FEA154EA8B235
:10718000BCFBFEF8230C0EFB18CC08FB00F943EA0D
:107190000C43994528D9EB1808F1FF3704D29945DB
:1071A00002D9A8F102072B44A3EB0903A4B2B3FB55
:1071B000FEFC0EFB1C330CFB00F044EA0344A0422F
:1071C00014D92C190CF1FF3304D2A04202D9ACF12E
:1071D00002032C44241A43EA07401EB1D440002382
:1071E00034607360BDE8F0874746DDE76346F1E74A
:1071F00092BB431B01214FEA154EAFB2B3FBFEFC1D
:10720000200C0EFB1C330CFB07F840EA03439845A7
:1072100062D9EB180CF1FF3004D2984502D9ACF1D9
:1072200002002B44A3EB0803A4B2B3FBFEFC0EFB4D
:107230001C330CFB07F744EA0344A7424ED92C1930
:107240000CF1FF3304D2A74202D9ACF102032C4463
:10725000E41B43EA0040C0E7C2F1200320FA03F137
:10726000954090402EFA03F303434FEA154EAFB218
:10727000B1FBFEFC0EFB1C10190C0CFB07F841EADD
:107280000041884504FA02F422D969180CF1FF3054
:1072900004D2884502D9ACF102002944A1EB0801CF
:1072A0009BB2B1FBFEFC0EFB1C110CFB07F743EA83
:1072B00001439F420ED9EB180CF1FF3104D29F42DB
:1072C00002D9ACF102012B44DB1B41EA004192E7F9
:1072D0006046E3E76146F7E76046A3E76346B7E742
:1072E000834206D916B9002108467BE7C6E900E0CB
:1072F000F9E7B3FA83F78FB9834201D3724508D80F
:10730000BEEB020460EB030301209C461EB9002182
:1073100068E73846FAE7C6E9004CF8E7C7F1200C01
:10732000BB4022FA0CF41C432EFA0CF120FA0CF3A9
:10733000B84001434FEA14490EFA07F5B3FBF9F8D8
:107340001FFA84FE09FB18300B0C08FB0EFA43EA07
:1073500000439A4502FA07F240D9E31808F1FF30DA
:1073600004D29A4502D9A8F102002344A3EB0A03F0
:1073700089B2B3FBF9F809FB183308FB0EFE41EAAA
:1073800003418E452CD9611808F1FF3304D28E4594
:1073900002D9A8F10203214443EA0040A0FB02986D
:1073A000A1EB0E014145CE46434602D306D14D45E1
:1073B00004D2B9EB020E68EB04030138002EA6D00C
:1073C000B5EB0E0261EB030101FA0CFC22FA07F3A4
:1073D0004CEA0303F940C6E9003198E74046C5E7A7
:1073E0004346D9E72DE9F04F8DB002AF01234D4A56
:1073F0004D480093032100230DF052FE00F05EFA89
:107400004A4D28460EF079FC80BB494A4648022185
:107410000DF033FE00F008F9034620B1454A42481A
:1074200001210DF033FE00F073F9034620B1424A0A
:107430003D4801210DF02AFE00F0CCF900F0B2F930
:10744000DFF8E8903D4EDFF8F8806B681B685B0161
:107450002BD43C493C4A3D4840F2B6630DF089FBD1
:107460003B480DF086FB40F2B66111E06B68A968FD
:107470001B682A6958010ED43249334A33484FF405
:107480007F730DF076FB32480DF073FB4FF47F7184
:107490002D480DF065FB136843F0806313600B68A3
:1074A0002C4A1A2128469847B4E7AB684FF0806110
:1074B0005B694846984740F6CD4000210BF06AFCD6
:1074C0003468142301343460B4FBF3F203FB124438
:1074D000002CBAD107F1080000F0A8F9C7F804D0D1
:1074E0008EB0D7E9051097F809B097F80AA097F879
:1074F0000CE0D7F810C0FB6902AAC2E90B130923FC
:10750000C2E9058BC2E907AEC2E909C042F8103FE3
:107510000548234644F6C00102F0C2F9D7F804D06A
:1075200093E700BFB067030008650300B86103007C
:10753000CC67030086680300B8680300801200204F
:10754000CD68030019680300E8670300576803006B
:107550007468030001000A0070B52F4D2F4E90B0E3
:107560000446A3685B6D002B4AD1A3681B6D002BFA
:107570004CD1A3685B6CFBB9A3689B6A0BBBA36887
:107580005B6B1BB1204698470028EAD0244801468F
:10759000C38831F80A2F9B1A9BB2402B6A4628BF3A
:1075A00040230DF077FC0246C8B9A3681B6B002B83
:1075B000D7D020469847D4E7204698470028DED009
:1075C000DAE74022694620469847021ED7DD694621
:1075D000284601F077FD30460AF016F8CFE7A36899
:1075E00000995B6A4BB1204698470E4920EAE07249
:1075F000A1F10A000DF084FCB3E76FF05700F4E747
:10760000204698470028B0D110B070BD204698475A
:107610000028AED1F8E700BF700500207C070020ED
:10762000840500208E05002010B519480EF065FB7A
:1076300040B9184A184801210DF01FFD6FF01204DF
:10764000204610BD002003F049F9044648B110F16E
:10765000780F06D0114A034601210F480DF016FDA0
:10766000EEE70B4CA3682BB19B6D1BB10C490022BC
:1076700020469847A3689B6B0BB105489847094A79
:1076800005484FF4805303210DF000FD0024D7E797
:10769000D86103001A690300E06403003369030042
:1076A000597502004A6903002DE9F04105460E466E
:1076B00090460A4601460B481F4601F035FD044638
:1076C00060B9094842463B460AF01CF830B93246D8
:1076D00029460448BDE8F04101F026BD2046BDE83A
:1076E000F08100BF700500207C0700200B78012B83
:1076F00005D9062B06D1044B02221A7070470348A5
:1077000009F082BF704700BFC4270020AC070020EB
:1077100010B5144C20460EF0F0FA40B9124A134846
:1077200001210DF0AAFC6FF01204204610BDA368E1
:107730001B6863B120460E4900229847044648B1B1
:107740000C4A2346012109480DF0A0FCEDE76FF03B
:107750005704F5E7084B01221A70084B084A032129
:10776000F1E700BFF86103007A69030038650300A0
:10777000ED7602008A690300C427002040420F0012
:10778000A8690300014B1878704700BFC427002088
:10779000034B10B504460FCB84E80F0010BD00BFAB
:1077A0007865030010B5074C074920460AF09AFB9C
:1077B00020460BF051FB054A0548BDE81040032167
:1077C0000DF05BBCA0080020C9690300D569030067
:1077D000D064030080B50F4B0F4A19780F4B00AFF0
:1077E0008AB0012908BF13466A460D49136240F268
:1077F000024351619384D0200A4BDF21C2E9060184
:1078000042F8103F084800234FF4335102F048F883
:10781000BD4680BDA8060020FB690300006A030086
:10782000046A030005000001F064030030B585B070
:1078300004466846FFF7ACFF1E220021A01C0EF094
:10784000C5FB164B01251B7863702570FFF79AFF67
:107850000023A371009BA360019BE360029B236153
:10786000039B63612071E57100F01AF8A06100F0DC
:1078700079F8207700F07CF860770CF034FF10B1D5
:1078800063792B43637100F011F818B1637943F009
:10789000020363710023A37005B030BDA806002069
:1078A000014B1868704700BF84120020024B186813
:1078B000C0F30010704700BF84120020F8B500AF7D
:1078C0001F4C20460DF0E9FE08B1002323600DF0A7
:1078D0000DFF1C4B1C4A1D68246893E8030082E8D6
:1078E00003001A4885420DBFD988FF21C3E9000172
:1078F000013105BFD980002191805971DD8814497B
:10790000FFF7D4FF134B8CB0002818BF0B4610793B
:1079100051796A46104EC2E9074340F2024393850B
:107920000E4BC2E90565C2E9090142F8103F0C4857
:1079300000234FF4735101F0B3FFBD46F8BD00BF03
:10794000841200208055002088120020FE5A0E0D5F
:10795000456A0300C48A0300516A0300070000015E
:1079600030650300014B1879704700BF8812002072
:10797000014B5879704700BF88120020F8B50F46B8
:1079800000293BD0066830460CF0E7FE0122014694
:10799000044630460CF0A9FEC3070DD4184A194915
:1079A0001948AF230DF0E5F8394618480DF0E1F815
:1079B000AF2113480DF0D4F8214630460CF0ABFE51
:1079C00025182946002230460CF08FFE2D1AAC42B5
:1079D0000BD00B4A0E490C48B7230DF0CAF83946B4
:1079E0000C480DF0C6F8B721E3E7214630460CF00D
:1079F00098FE2146BDE8F8400CF0D4BFF8BD00BFAA
:107A0000966A0300B96A030057680300CA6A030054
:107A1000026B0300286B0300B2F5802F2DE9F041C3
:107A200010D2042A28D84349434A44484FF40773E4
:107A30000DF09FF842480DF09CF84FF407713E4856
:107A40000DF08EF80823D21ACC1D114424F007043F
:107A500021F00701091B17294FEAD1060ED8394931
:107A6000354A364840F225230DF083F834480DF0AE
:107A700080F840F22521E2E70423E4E700270460D0
:107A80003146A660E76030460CF07AFE0121421DC7
:107A9000804630460CF06BFE9200D51DED08284460
:107AA000B0423AD8B8F1FF3FA2F110023946B8BF50
:107AB0003A4604F110000EF089FA2A46394620466B
:107AC0000CF047FE3B463A46394620460CF018FE7D
:107AD000A6EB05082046394601220CF022FE42465C
:107AE00029460CF036FE2B463A46294620460CF035
:107AF00007FE314620460CF02CFE43463A463146FE
:107B000020460CF0FDFD3146204601220CF009FE16
:107B10002946BDE8F0410CF003BF0B49064A07486F
:107B200040F23A230DF025F805480DF022F840F216
:107B30003A2184E7646B0300966A030057680300E8
:107B4000856B03009E6B0300C76B03002DE9F04FAC
:107B500091B00546009302F004030193C2F3C203FF
:107B6000013304938307DDF8689002920E4640F0DB
:107B7000FC81041D30B1072909D86FF01B0011B03A
:107B8000BDE8F08F01F007063444C6F10806009BFB
:107B90004FF000084FF0040B591ECDF80C804746FB
:107BA00043464FF0FF32DA460DB10098206004984A
:107BB000002800F3DF809B48DDF800C0844503D334
:107BC00099488445C0F0D680DDF808C0A4EB050EC6
:107BD0001CF0020F4FEA9E0000F0E7804FF0000C0F
:107BE000D1E07A2862D84B280FD847285ED82928B8
:107BF0002DD8252859D059D820287DD0A0F1230987
:107C0000D9F1000343EB090376E04C382E284DD818
:107C1000DFE800F0724C4C4C4C4C4C4C4C4C4C4CF7
:107C20004E4C4C4C4C4C4C4C4C5C4C4E4E5C5C5C4E
:107C3000724E6F4C724C184E184C4C817E4E4C4C10
:107C40004E4C7E00002000234FF0040B3CE02A380D
:107C50004FF0010EC0B20EFA00F04FF6DA7E10EAD5
:107C60000E0F49D110F0625E30D110F0010343D005
:107C70007046013C5C44B4FBFBF40BFB04F4002DA8
:107C80005ED0AAEB050EA644B6453FF676AF0028B7
:107C900068D1BAF1040F43D1E14659F8040B2060D2
:107CA0000434CC464FF0040A26E0013A002323E0D6
:107CB00011F8013C6C2B30D111F8023C00206C2BE8
:107CC0000346C1D14FF0080BDA46D2E70CF10709A1
:107CD00029F0070C0734FCE802AB24F0070435B1A7
:107CE00005982044B0423FF648AFC4E900AB0834E1
:107CF00000234FF0080BDA4611F8010F002800F0BE
:107D0000BC80002B7FF46DAF2528F5D10132012313
:107D10004FF0040BEFE7184695E700200346A8E76D
:107D2000BAF1080F40F09B800CF1070929F0070C0D
:107D3000FCE8029AC4E9009A08344FF0080ADBE72D
:107D400080B9BAF1040F02D10CF10409A8E7BAF125
:107D5000080F40F084800CF1070929F0070909F1A8
:107D6000080CE9E70498E1460138049059F8040B3F
:107D7000009019E70298800748D5A4EB050E4FEA5A
:107D80009E004FF0010CBEF5007F1DD32749284A05
:107D900028484FF41F730CF0ECFE27480CF0E9FE66
:107DA0004FF41F7122480CF0DBFE0F2F0ED8002D70
:107DB00046D007F1400CEC440CF8200C0CF8102CC9
:107DC00003980130039020E00F2F0CD91749184A6F
:107DD000184840F281230CF0CCFE18480CF0C9FE84
:107DE00040F28121DEE7BDB107F1400EEE44C0B2A2
:107DF0000EF8200C0EF8102CBCF1000FE0D060F053
:107E00007F000EF8200C08F101080137C5F10800C9
:107E10000434CC4605906FE7BCF1000F10D001365A
:107E2000F3E700BFE8600300A0920300DA910300CB
:107E3000F26B030057680300206C0300416C0300E1
:107E4000019802360028E0D100980592CDE906316C
:107E5000FFF770F9DDE90631059A0644D5E7444A93
:107E60004449454840F2C6230CF083FE514643483E
:107E70000CF07FFE40F2C62194E7631BB3F5806FE0
:107E80000CD33C493A4A3C4840F2D2230CF071FEF4
:107E90003B480CF06EFE40F2D22183E71DB9A6F1FB
:107EA0000804E0186BE6019A28609B082B709DF887
:107EB0000C30C2B1EB7085F80280B8F1000F05D02C
:107EC00008A80022C5F1010C97420ED1C5F10103AB
:107ED0000DF120094FF0000A02930DF1300B5745C8
:107EE00012D1601B4BE66B70E5E710F8013B1906F9
:107EF00008D50CEB040EB64503F07F033FF63DAE0C
:107F000004F8013B0132DFE7B8F1000F03D099F923
:107F10000020002A17DB019BD3B11AF80B2004F8CC
:107F2000012B0022029B18191044B0423FF625AEE7
:107F300099F8000004F8010B0099039220460EF016
:107F400037F8039A14440AF1010A09F10109C6E756
:107F500099F8002055F822300093019B45F8223013
:107F60000098FFF7E7F8421CDCE76FF00D0006E62B
:107F7000F26B0300DA910300576803005B6C0300A7
:107F8000706C03002DE9F04F97B000AF8946D7F829
:107F900080B0FA623B62044658B9A849A84AA94889
:107FA00040F299330CF0E5FD40F29931A4480CF011
:107FB000D7FDCBF3C00390F802A07B6141B94578AF
:107FC00000780AEB800020444D4517D8A0EB040947
:107FD000E378FB61BAF1000F02D01BF0010F16D15C
:107FE000FB6953BBFB6A1BB13A6A49462046984776
:107FF0004D4628465C37BD46BDE8F08F461C3046EE
:10800000FFF798F80130304409F10109DCE72378E3
:1080100062687A62FA6A9900B96104EB8301002A06
:1080200040F001814D460E4601EB0A094FF0000871
:108030004E454CD101EB0A0610E01BF0020FD1D0E7
:1080400023789A00BA6162687A62FA6A04EB830163
:10805000002A77D14D4601EB0A0690461BF0050F2A
:108060000CBF02230123FB62FB6906EB430A0BF002
:108070000203BB625645BCD016F8021B16F8013C41
:1080800054F82390704B994502D3704B994536D3E1
:108090007B69002B40D0786A0CF02CFD00283BD087
:1080A000E9468AB06A466A4B53617B6AC2E9063187
:1080B0004FF400731384674B42F8103F6648002367
:1080C0004FF4125101F0ECFB023DCD46D2E716F819
:1080D000013BF96254F82300FFF72CF8D7F88430FD
:1080E000F96A01304BB1D7F8883098453EBFD7F8D0
:1080F000843023F8180008F10108054498E77B69EB
:1081000023B1786A0CF0F6FC0028C9D11BF0010FEE
:1081100005D1FB6AED1AADE7BB6A002BAAD0484631
:10812000FFF708F8D7F8843053B1D7F8883098456E
:108130003FBFD7F88420431C22F8183008F101080B
:10814000054497E7BAF1000F73D01BF0040673D013
:10815000D046002607F1480052463B61B9620DF057
:1081600027FFB96A3B6901EB0A02BA62FA69F96949
:108170005200FA60BA6A02EB41023A610BF0020265
:10818000BA60BA6A39698A4268D162787A621BF049
:10819000020F32440CBF4FEA580100211BF0010FBF
:1081A000D2B240F0E4801BF0040F14BF4046002020
:1081B0007B616270A070E1703A6AB969FB6A20461F
:1081C0009847051EFFF615AF7B6923707B6A6370C5
:1081D000FB69E37041463A6AFB6A84F802A007F142
:1081E00048009847B0F10008C0F2F580BB693A6AD0
:1081F000A9EB0A01C91AFB68C91AD7E90A0398470B
:108200000028C0F2EA80A84408EB00054FF0000BFC
:1082100007F1380AB345C0F0AC8000213A6AFB6A26
:1082200008469847E5E656464FF0000807F1380043
:1082300092E75646D04696E7B04694E7876C03002F
:10824000F26B030057680300E8600300A09203008C
:10825000A26C030004000001D8640300BA6A12F89B
:10826000021BBA6212F8015C5D4A54F82500904284
:1082700002D35C4A904218D37A693AB1786A7B603B
:108280000CF038FC7B6800287FF47BAFBA68002ACA
:108290004CD00F2E40D95449544A554840F24D43D2
:1082A0000CF067FC40F24D4180E67A693AB1786A99
:1082B0007B600CF01FFC7B6800287FF462AF1BF032
:1082C000010F0BD00F2E27D94749484A484840F2A2
:1082D00043430CF04EFC40F2434167E61BF0040FB1
:1082E0003FF44FAFB8F10F0F09D942493F4A404818
:1082F00040F246430CF03DFC40F2464156E608F1A0
:10830000280207F1300008F1010102EB000808F82B
:10831000105C5FFA81F834E706F1280207F13000BB
:10832000711C161806F8205CCEB22AE7B8F10F0FC0
:1083300009D930492D4A2E484FF48A630CF019FCB4
:108340004FF48A6132E608F1280207F1300C08F197
:108350000100944407F1580252FA80F008F1020833
:108360000CF8101C5FFA88F800F8105C09E7002090
:108370001EE71BF80A3087F8373054F82390D7F8F7
:1083800084302BB3D7F888309B4521D2D7F884307E
:1083900033F81B803A6AFB6A012107F137009847DE
:1083A00000281ADB0544B8F1000F06D14846FEF755
:1083B000C1FE00F101081FFA88F83A6AFB6A4146DB
:1083C00048469847002808DB05440BF1010B21E7DC
:1083D0004FF00008DEE745460BE6054609E600BF1C
:1083E000E8600300A0920300456D0300F26B0300F8
:1083F00057680300646D0300014B1860704700BFAD
:108400009805002080B505460E46174698460AF0A6
:108410007BFD03460DF05EFEDFF81890044649F838
:108420000030424630463946A84754F8090003F068
:10843000A3FC00BF0800000038B50D46044620220A
:1084400000210DF0C3FDEB68E361AB68A3612B680D
:1084500023626B6863620022A2622A6923B1591EFB
:10846000194208BF42F0010222610122002104F1F9
:108470002C000DF0BFFC48B105490648064A2F23E1
:108480000CF077FB04482F210CF06AFB38BD00BFCD
:10849000BB6D030057680300956D03002DE9F04F95
:1084A00089B0CDE90123436A00278B420446884600
:1084B00005970797BA4654D300F11406EFF31185D8
:1084C000202383F31288BFF36F8F3046A9460AF04A
:1084D0008DFF58B94D4A4E494E4888230CF049FB50
:1084E00031464D480CF045FB882163E030460AF0E8
:1084F000A1FF079A2AB1394620460CF022FC00233E
:10850000079306A920460CF041FB06994145834696
:1085100030D32268236A13F8221021F0030103F8F4
:10852000221003EB820A2168424620460CF052FBDF
:10853000E3682060984218D04FF0000B30460AF0F4
:1085400063FF50B389F31188BFF36F8F059929B189
:10855000A2690AB12046904700230593BBF1000FA2
:10856000ACD1504609B0BDE8F08F236943F0080351
:108570002361E1E718B120460CF046FBDEE7DDE9B8
:108580000132134339D003910DF062FC0399A0BB73
:108590009DBB30460AF038FF78B91C4A1F491D4878
:1085A00040F231130CF0E5FA31461D480CF0E1FAC7
:1085B00040F2311115480CF0D3FA85F31188BFF35E
:1085C0006F8FDDE9012304F12C0009F09BF883464D
:1085D000EFF31189202383F31288BFF36F8F3046A6
:1085E0000AF004FF00283FF475AF3046BBFA8BFB5E
:1085F0000AF020FF4FEA5B1BA0E707AB05AA204665
:1086000027680CF01EFB834698E700BFC46D03008B
:10861000F16D030057680300066E03001C6E030033
:10862000336E03002DE9F0410446C36908460E4647
:10863000984704F114050746EFF31188202383F3CC
:108640001288BFF36F8F28460AF0D0FE68B91B4A24
:108650001B491C4888230CF08CFA29461A480CF058
:1086600088FA882115480CF07BFA28460AF0E2FEC9
:10867000337843F00103337061683A4620460CF0CA
:10868000A9FA606020460CF077FB28460AF0BCFE91
:1086900068B90A4A0D490B4840F231130CF069FAE7
:1086A00029460B480CF065FA40F23111DAE788F3FD
:1086B0001188BFF36F8FBDE8F08100BFC46D030068
:1086C000F16D030057680300066E03001C6E030083
:1086D000336E03002DE9F843044600F11407EFF36D
:1086E0001188202383F31288BFF36F8F38460AF076
:1086F0007DFE054668B9354A3549364888230CF071
:1087000038FA394634480CF034FA88212F480CF0F6
:1087100027FA38460AF08EFE2369A26813F0080F84
:1087200002D163689A4200D9636A9B1A002B3FD03A
:10873000216A11F8223013F0030001EB82093AD0CC
:10874000022803D151F82260B60805D1D8071FD4FA
:10875000E369484698470646A168324620460CF031
:1087600039FA3146A06020460CF042FA38460AF049
:108770004BFE10BB154A1949164840F231130CF054
:10878000F8F9394616480CF0F4F940F23111BDE71A
:1087900043F0020301F822304846E369A568984790
:1087A0002946024620460CF015FA0025A060DDE7B8
:1087B0001D46A946DAE70546FBE788F31188BFF3B3
:1087C0006F8F002D8BD14846BDE8F883C46D030040
:1087D000F16D030057680300066E03001C6E030072
:1087E000336E03002DE9F0410446C36908460D4687
:1087F000984704F114060746EFF31188202383F30A
:108800001288BFF36F8F30460AF0F0FD68B9284A2E
:108810002849294888230CF0ACF9314627480CF048
:10882000A8F9882122480CF09BF930460AF002FE94
:108830002B786FF300032B7023699B0705D5E26843
:10884000236A03EB82039D4222D12B786FF341030D
:108850002B70D4E90231994204D13A4620460CF0FB
:10886000B9F9A060394620460CF0C2F930460AF04A
:10887000CBFD90B90E4A12490F4840F231130CF06B
:1088800078F931460F480CF074F940F23111C9E71C
:108890002B6867F39F032B60E8E788F31188BFF329
:1088A0006F8F04F12C00BDE8F04108F0ADBE00BFB1
:1088B000C46D0300F16D030057680300066E0300EA
:1088C0001C6E0300336E030070B5044600F11405FE
:1088D000EFF31186202383F31288BFF36F8F2846AE
:1088E0000AF084FD68B91B4A1B491C4888230CF018
:1088F00040F929461A480CF03CF9882115480CF03B
:108900002FF928460AF096FD2369A06813F0080F96
:1089100002D16368984213D9646A241A28460AF07F
:1089200073FD78B90B4A0F490C4840F231130CF033
:1089300020F929460C480CF01CF940F23111DDE712
:108940001C1AEBE786F31188BFF36F8F201E18BF48
:10895000012070BDC46D0300F16D03005768030072
:10896000066E03001C6E0300336E030008B5044658
:10897000EFF31183202383F31288BFF36F8F06F088
:1089800035FE204603F0C4FD02480CF0DCF80CF084
:108990006FFDFCE7486E03002DE9F84F04460846DA
:1089A000A38B1907154612D4022803F0070165D1DD
:1089B00020460CF009FA88B10138042800F237810A
:1089C000DFE810F05C0035018200D40004010128CA
:1089D0000CBF43F0100143F02001A1831434204662
:1089E0000AF012FD002840F09D819A499A4A9B485E
:1089F00040F231130CF0BDF82146B1E003F007025C
:108A0000501F01281ED80020062A2768C4E900004C
:108A100014D13A4603E0E08B0130E0831268002A6B
:108A2000F9D123F0070343F00202A28320460CF0A1
:108A3000CBF990B342F02002A2832EE023F007038B
:108A40009AB2F2E7042A33D123F007039AB2A28341
:108A500020460CF0B9F910B142F02002A283A38B9A
:108A600003F00709894540F0EC80A18BCA0640F16C
:108A7000508121F01003A38301F00701D4F818807E
:108A8000A38BB8F1000FB9DA0022276823F007039F
:108A9000C4E9002243F00103A383A38B03F0070979
:108AA000894540F0CF80002FDFD00026B24644E059
:108AB0006B496C4A694840F21B130CF05AF840F2BB
:108AC0001B1168480CF04CF849B16749654A634886
:108AD0004FF4AB730CF04DF84FF4AB71F1E7236832
:108AE0004BB962495F4A5D4840F257130CF041F8B8
:108AF00040F25711E5E723691E684EB95C49594AAF
:108B000056484FF4AD730CF034F84FF4AD71D8E71C
:108B1000A38B23F0070343F006039BB2A3830F4606
:108B200088464FF00609A268002A40F08D80002F89
:108B300040F08D80002E98D0BA4643F0080304F12F
:108B4000140BA38358460AF05FFC002840F09A807B
:108B50004049414A414840F231130CF00AF8594665
:108B600044480CF006F840F23111ADE0022909D07A
:108B700041493C4A394840F25D130BF0FAFF40F29C
:108B80005D119EE7E78B4FB13C49364A33484FF4BD
:108B9000AF730BF0EEFF4FF4AF7192E723695E689D
:108BA0004EB933492F4A2D4840F261130BF0E1FFD3
:108BB00040F2611185E7A38B23F0070343F0040320
:108BC0009BB2A383B8464FF00409ACE7012909D052
:108BD0002B49244A21484FF4B2730BF0CAFF4FF4DB
:108BE000B2716EE723684BB920491E4A1B4840F218
:108BF00065130BF0BEFF40F2651162E723699E68C2
:108C00004EB91B49174A15484FF4B4730BF0B1FF26
:108C10004FF4B47155E7A38B23F0070343F005032A
:108C20009BB20027A383B8464FF005097BE70C49A8
:108C30000C4A0A4840F26B130BF09BFF40F26B1199
:108C40003FE7002700266EE74FF0010A75E79246DE
:108C500073E700BF1C6E0300C46D03005768030078
:108C6000DA910300716E0300966E0300A26E03009A
:108C7000C56E0300336E0300DC6E0300F26E03006A
:108C8000016F030085F31188BFF36F8FBAF1000FF6
:108C90001CD177BB16B126492046B047EFF31185AA
:108CA000202383F31288BFF36F8F58460AF09EFB90
:108CB00038BB204A2049214888230BF05AFF5946E7
:108CC0001F480BF056FF88211A48FBE6A1680029CF
:108CD000DFD00D680029DCD0D1F804A043464A4615
:108CE0002046D0471DB12B6829461D46F2E72B468A
:108CF000FAE7394643464A4620463F680CF090F86A
:108D0000C7E758460AF096FBA38B23F00803A3831A
:108D1000ABE68B067FF562AE21F02003A38301F062
:108D2000070145E685F31188BFF36F8FBDE8F88F23
:108D3000458D0200C46D0300F16D03005768030008
:108D4000066E0300F8B504460D4600F11406EFF375
:108D50001187202383F31288BFF36F8F30460AF008
:108D600045FB68B90C4A0D490D4888230BF001FFFB
:108D70000C4831460BF0FDFE074888210BF0F0FE51
:108D800030460AF057FBA5613A4620460121BDE86E
:108D9000F840FFF701BE00BFC46D0300F16D030092
:108DA00057680300066E03002DE9F04704460F469E
:108DB0000CF026F8051E68DB04F11409EFF3118AA4
:108DC000202383F31288BFF36F8F48460AF00EFB0F
:108DD000804660B9384A3949394888230BF0C9FEC2
:108DE000494638480BF0C5FE8821334842E04846E2
:108DF0000AF020FBE38BA68B4FF6FF72934206F03E
:108E0000070645D0022E15D10133E3833546484687
:108E10000AF0FAFA002841D1274A2B49284840F2A3
:108E200031130BF0A6FE494628480BF0A2FE40F293
:108E30003111DAE7062E13D8DFE806F0092D1212F9
:108E4000090409006FF085054FF00008DFE70023F3
:108E50003B60636883B9C4E9007786B13546F3E7C0
:108E60001B4917481B4A4FF4E4730BF082FE194864
:108E70004FF4E4710BF074FE1F606760EDE752463B
:108E800002212046FFF788FD35462846BDE8F087D9
:108E90006FF00A05D8E76FF00405D5E78AF311886B
:108EA000BFF36F8FB8F1000FEFD000233246394681
:108EB00020460BF0B5FFE8E7C46D0300F16D030039
:108EC00057680300066E03001C6E0300336E030038
:108ED000016F0300716E0300F8B5054600F114063A
:108EE000EFF31187202383F31288BFF36F8F30468F
:108EF0000AF07CFA60B9264A2649274888230BF0F5
:108F000038FE314625480BF034FE882120482BE0FE
:108F100030460AF08FFAAC8B04F00704022C17D00D
:108F2000012C0CBF6FF004046FF0850430460AF08A
:108F30006BFA38BB164A1A49174840F231130BF046
:108F400018FE314617480BF014FE40F23111DDE7F0
:108F5000EB8B5BB914491048144A40F2EF130BF045
:108F600008FE124840F2EF110BF0FAFD013B9BB2F4
:108F7000EB83002BDAD13A4621462846FFF70CFD59
:108F80002046F8BD87F31188BFF36F8FF8E700BF65
:108F9000C46D0300F16D030057680300066E030003
:108FA0001C6E0300336E0300176F0300716E030025
:108FB0002DE9F0410F460546002850D000294ED03B
:108FC00000F11406EFF31188202383F31288BFF316
:108FD0006F8F30460AF00AFA60B9224A22492348C4
:108FE00088230BF0C6FD314621480BF0C2FD8821D5
:108FF0001C4817E030460AF01DFA39462846AC8B6B
:109000000BF0C7FE80B104F00704231F022B0DD91B
:1090100018491648184A40F22D230BF0AAFD1648AD
:1090200040F22D210BF09CFD6FF0770430460AF0E2
:10903000EBF968B90B4A11490C4840F231130BF0B7
:1090400098FD31460E480BF094FD40F23111CFE708
:1090500088F31188BFF36F8F2046BDE8F0816FF071
:109060001504F9E7C46D0300F16D030057680300B0
:10907000066E0300256F0300716E03001C6E030073
:10908000336E030008B54268816002F00302032AD0
:10909000034602D02AB1002000E0006800225A6096
:1090A00008BD05490548064A45230BF062FD044802
:1090B00045210BF055FD00BFDA910300576803000E
:1090C0009C6F03002DE9F34106460F4615464FF00D
:1090D00000082A4601A930460BF0F4FE044640B1D0
:1090E0000246394601980CF063FF2D1BA04427442B
:1090F000EFD14246311D30460BF002FF48B107491F
:109100000748084A48230BF034FD064848210BF075
:1091100027FD404602B0BDE8F08100BFBB6D0300F3
:1091200057680300C26F03002DE9F34107460E465E
:1091300015464FF000082A4601A938460BF0D1FE2B
:10914000044648B12EB10246019930460CF030FF7A
:1091500026442D1BA044EED1424607F10A013846B1
:109160000BF0CEFE48B107490748084A63230BF0CD
:1091700000FD064863210BF0F3FC404602B0BDE859
:10918000F08100BFBB6D030057680300C26F03008E
:1091900030B51049104889B000220CF0D0FE0F4DB8
:1091A0000F4900220023CDE9062300240E23CDE938
:1091B0000334CDE901440B4B00944FF40062284680
:1091C00008F022FF0849284608F08CFE204609B026
:1091D00030BD00BF35930200E80D0020400900209B
:1091E000802E002089960200ED6F03002DE9F047E4
:1091F000DFF85880044607464FF0010914B9384695
:10920000BDE8F08794FAA4F5B5FA85F509FA05F3F7
:109210002E0108EB05156FEA030A24EA03042B7BF1
:10922000002BEBD058F806301B694BB9464404229A
:1092300073682846196807EA0A070BF0AFFEDDE7F6
:10924000284698470028D9D1F0E700BF50650300B1
:109250002DE9F047DFF8BC902F4CA9EB04038F2BCE
:1092600080460F460BD92D492D4A2E484FF4A7733F
:109270000BF07FFC4FF4A77129480BF071FC2A48D2
:109280000BF06CFE064678B300252846BDE8F08753
:10929000237B83B12368DB680BB120469847636862
:1092A00083F806A023681B69B3B9636804221968B0
:1092B00020460BF073FE013610344C4518D91B497B
:1092C000174A18484FF4AD730BF053FC18480BF0D5
:1092D00050FC4FF4AD71CFE7204698470028E4D00A
:1092E0000AFA06F31D43E6E705464FF0010AE4E7F4
:1092F000CED3B8F1000FC8D0002DC5D02846FFF757
:1093000075FF0546002FF7D000214FF4A47009F037
:1093100041FDF1E760650300506503002270030022
:10932000F56F030057680300A41200205270030079
:1093300073700300014808F067B900BF9C07002064
:10934000014B53F8200070479C65030008B50346A5
:1093500008462BB1044A136000F0BEFD002008BD92
:109360006FF01500FBE700BF9C05002010B5044C12
:10937000237813B9034808F047F90123237010BD7F
:10938000C52700209C07002010B504460B480BF0B1
:10939000E5FD5CB1BFF35B8F094B53E8001F01395A
:1093A00043E80012002AF8D1BFF35B8F05480CF0A8
:1093B000D2FD0548BDE8104008F026B99C120020F7
:1093C000A0120020E80D00209C0700200020064B82
:1093D000BFF35B8F014653E8000F43E80012002AF9
:1093E000F9D1BFF35B8F70479C12002070B5FFF777
:1093F000EDFF104C104E0546B44219D90F49104AE2
:10940000104840F20E230BF0B4FB0F480BF0B1FBF9
:109410000B4840F20E210BF0A3FB63685B792BB184
:1094200023685B6813B12946204698471034E3E768
:10943000F3D370BD506503006065030052700300F4
:10944000F56F0300576803007370030010B5044CF8
:1094500004492046FEF7F0FF034B1C6010BD00BF1F
:10946000B80600208865030090120020154A1648AF
:10947000002310B51370154A1360154A4FF40041CC
:109480001360FFF763FFFFF7E1FF124B1249184625
:109490008B4215D91149124A124840F229130BF098
:1094A00068FB11480BF065FB0D4840F229110BF0E9
:1094B00057FB1A1A5C681211013222711033E7E768
:1094C000F7D310BDC6270020594F03009C1200207F
:1094D000A012002050650300606503005270030075
:1094E000F56F030057680300737003000146002204
:1094F00001480023FEF7D2BFB80600200148FFF75D
:10950000E9B800BFB8060020024B01461868FFF713
:1095100069B900BF901200200148FFF7D5B900BF1C
:10952000B806002070B5314B187800285DD0FFF7E1
:10953000E5FF0546002844D12D4B2E4C1B68002B1F
:1095400019DD0CF0FAFC4FF47A72A0FB020302FB67
:109550000131C30BD4E9002043EA41439B1A4FEA8F
:10956000D13140F2E93261EB0001934271F1000127
:1095700001D3FFF73BFFD4E9003213F57A7342F1D0
:109580000002C4E90032BDE87040FFF7C5BF636860
:109590005B7923B1236829461B682046984710341D
:1095A000B44211D91449154A154840F202230BF070
:1095B000E0FA14480BF0DDFA104840F202210BF0FB
:1095C000CFFA114C114EEBE7E1D32846FFF79CFF91
:1095D000BFF35B8F0E4B53E8001F013943E80012C5
:1095E000002AF8D1BFF35B8FA6E770BDC527002026
:1095F0009C120020E00D002052700300F56F030064
:109600005768030073700300506503006065030032
:10961000A012002070B5154D297829BB0120FFF755
:1096200017FE134C134EB44217D91349134A14486A
:1096300040F2C7130BF09DFA12480BF09AFA0F484C
:1096400040F2C7110BF08CFA63685B791BB1236899
:1096500020469B6898471034E5E7F5D3FFF762FF93
:109660000028FBD101232B7070BD00BFC62700204E
:10967000506503006065030052700300F56F03003E
:1096800057680300737003002DE9F047304B314FEA
:10969000FB1A1B090BD13049304A314840F2AB3339
:1096A0000BF067FA40F2AB312C480BF059FA00216D
:1096B0000846FFF7CDFD044650B340F267684FF00F
:1096C00000090CF007FD274B274A1B58136033B1E4
:1096D000264B1B68092B02DD254807F095FFDFF8B4
:1096E00090A0002544B12046FFF780FD044618B93C
:1096F0004FF0FF384FF0FF39FFF714FF064628B947
:109700005DB942464B46504607F0FCFF3546E9E757
:109710004FF0FF384FF0FF39D3E70D4D08E0F0D29E
:109720002B689B691BB100221146284698471035CB
:10973000BD42F4D90F49094A094840F29F330BF062
:1097400018FA0D480BF015FA40F29F31ACE700BF54
:10975000506503006065030092700300F56F03001D
:10976000576803000800000098120020A012002093
:109770009C070020527003007370030013B52C483F
:109780000BF0ECFB2B4B1B78002B35D0EFF3118447
:10979000202383F31288BFF36F8F274809F026FE3A
:1097A00068B9264A2649274888230BF0E2F922495E
:1097B00025480BF0DEF9882120480BF0D1F91E482E
:1097C00009F038FEFFF7AEFE1B4809F01DFE68B930
:1097D0001A4A1E491B4840F231130BF0CAF91649C8
:1097E0001B480BF0C6F940F23111E5E784F311880C
:1097F000BFF36F8F02B010BD164B1B68002BF9D062
:1098000050B900220023CDE9002313484FF4004251
:1098100000230AF04FF9EDE70928EBD10E480CF0D0
:109820009AFB0E4802B0BDE8104007F0EDBE00BF45
:10983000A0120020C627002094120020C46D03004F
:10984000F16D030057680300066E03001C6E0300F1
:10985000336E030098120020E80D00209C070020C2
:1098600010B5064B1B68044698472146A060044883
:10987000FEF7D8FEBDE81040FFF780BF9C05002032
:10988000B8060020044A054B9B1AB1EBD30F34BF36
:1098900052F8310000207047D06403005065030087
:1098A0002DE9F04F8FB004AFC1F34A28B8600D46E0
:1098B00091467B600C0DB8F1000F68D0002607F1CF
:1098C00014034FF0040B4FF00A0AC7F80C80C7E9E5
:1098D00007667E620193CDF808B0CDF800A007F1CD
:1098E0001C03F96832464846FEF74CFBB0F5006FA2
:1098F00003461CD36C468AB0D9F8041004AB2C483C
:10990000C3E9050140F2FF71D9611A464FF40071B5
:109910001984284B42F8103F274833464FF4125120
:10992000FFF7BEFFA5462C37BD46BDE8F08FC0F35C
:109930000A0804F11700184420F0070080083B6073
:10994000FFF7D4FD68F35325044640B33B681B4A38
:10995000C7E9083600F1100107F11403F961CDE9F8
:1099600000A3CDF808B0F96807F11C034846FEF7DC
:1099700009FB002813DA12491248134A4FF4A37363
:109980000BF0F7F810484FF4A3710BF0E9F804F16D
:10999000170020F007008008FFF7A8FD044668F3D1
:1099A00053257B68B9682A4620460BF016FBBAE7B8
:1099B000BB70030004000001F8640300AF4F030014
:1099C0002771030057680300FA7003002DE9F04F78
:1099D00087B0DDE91279DDE9106A04460391934608
:1099E000984627B3CDF800903B4652461021002000
:1099F000CDF81490FEF7AAF8051E0BDA2649274A7F
:109A0000274840F265130BF0B4F840F26511234883
:109A10000BF0A6F8B5F5006F0ADB224A224840F2A7
:109A2000FF73022107B0BDE8F04F0BF02FBB3D469E
:109A300006F11700284420F0070004F0070480080E
:109A4000FFF754FD0BF0070BE40044EA8B1444EAE3
:109A5000452444EA06540646A0B19FB1CDF80090D3
:109A60003B46524629461030FEF770F8002809DAC6
:109A700009490A4A0A484FF4C4730BF07AF84FF4C4
:109A8000C471C4E7039943462246304607B0BDE897
:109A9000F04F0BF0A2BA00BF26710300FA7003006A
:109AA0005768030030710300F8640300406820B178
:109AB000034BC01A40F3CF0070474FF0FF307047A0
:109AC000D06403000EB403B503AB014653F8042B76
:109AD0000448019302F0AEFC02B05DF804EB03B061
:109AE000704700BF059B0200CA0605D48B064CBF19
:109AF00002490349FFF7E6BF704700BFC38A03006E
:109B00006871030038B54B681A68CB689A420546FD
:109B10000C4602D108460BF0DDFA6368BFF35B8F99
:109B200053E8002F511C43E800100028F8D1BFF380
:109B30005B8FA3689D5463681A68E3689A4209D9E9
:109B400005490648064A72230BF013F804487221AF
:109B50000BF006F8002038BD9A7103005768030027
:109B60006B7103002DE9F04F89B09B46149B06935F
:109B70009DF84CA0159B0593169B179E04930446D5
:109B80000D469046BAF1000F00F0AD80BAF1040F17
:109B90000BD9A349A34AA44840F246230AF0E9FF9F
:109BA00040F246219F480AF0DBFF06F480730793DA
:109BB0000BF0F2F906F00209024600283FD09B495B
:109BC0002046FFF77FFF0746B9F1000F08D016F0D7
:109BD000440F36D196492A462046FFF773FF0744C3
:109BE00006F0010353B1934B934953F82A20934B4A
:109BF0002046002A08BF1A46FFF764FF06F4807368
:109C0000002B4AD006F00803002B64D1B8F1000FF6
:109C100067D08B4942462046FFF754FF0546069B16
:109C20003D44002B6ED1049B002B40F08380F30752
:109C300000F1F08031462046FFF756FFE4E007468A
:109C4000C2E7804B18680028C9D07F4B4FF47A795F
:109C50001B68B5FBF3F54FF46163B5FBF0F100FB56
:109C6000115509FB05F54FF03C0CB1FBF3F203FB7A
:109C70001211B5FBF0FEB1FBFCF300FB1E550CFB13
:109C8000131109FB05F50091B5FBF0F56F49CDE91E
:109C900001E52046FFF716FFA1E706F00803EBB148
:109CA0006B4B6C4953F82A202046FFF70BFF054603
:109CB000B8F1000F05D0624942462046FFF702FF87
:109CC0000544BBF1000FAAD063495A462046FFF76E
:109CD000F9FE0544A3E74FF0000BE1E706F00805A5
:109CE000E6E745469BE7BBF1010F069B06D1DBB9D2
:109CF000049B002B00F0888000251BE0002BF7D090
:109D0000564812E05648069B564922460AF0C1FEC4
:109D100000280CDA5449434A43484FF428730AF0A8
:109D200028FF4FF428713DE74D485546EBE7049B6B
:109D3000002B65D0DFF83481DFF83491049F314681
:109D4000102F204628BF1027FFF7CEFE4FF0000B44
:109D50005D4542DC059B49461A782046FFF7B2FE76
:109D60004FF0010B1BF0070F03D141462046FFF7D0
:109D7000A9FE5F4538D9059B494613F80B202046BC
:109D8000FFF7A0FE0BF1010BBBF1100FEAD139492F
:109D900020464FF0000BFFF795FE5A46059B9A5C54
:109DA000A2F120015F2928BF2E2233492046FFF768
:109DB00089FE0BF1010BBBF1100F1AD01BF0070F3E
:109DC00003D141462046FFF77DFE5F455A46E5D860
:109DD00041462046FFF776FEEBE741462046FFF777
:109DE00071FE0BF1010BB3E724492046FFF76AFE31
:109DF000C8E7059B3B440593049BDB1B04939DD163
:109E0000BAF1000F7FF413AF204609B0BDE8F04F60
:109E10000BF060B9094A08492046FFF753FE09E7ED
:109E2000CF7103006B71030057680300DA71030000
:109E3000DE710300AC650300366A0300CA710300DB
:109E400003720300AC120020A8120020E771030087
:109E5000C0650300077203000D720300EF5003009A
:109E6000059B020035C40200127203002372030036
:109E70001B72030025720300277203002172030086
:109E800073B542F20F738B4228BF0B4605680F4A29
:109E90000446052168460AF091F963680C495B683D
:109EA00006460B2228460BF007F9636832466946DE
:109EB00028465B680BF000F9636806495B681B2263
:109EC00028460BF0F9F802B070BD00BF2A7E0300EF
:109ED000467203002A720300074A002101239042C0
:109EE00006D8064A01B901231360054B1860704774
:109EF00040085B000121F2E740420F00A812002059
:109F0000AC120020014B01221A707047C7270020B5
:109F1000014B002019607047C41200200148FFF770
:109F2000AFBF00BFF065030010B5064B18680C46C4
:109F3000FFF706FA21460346BDE8104002480F220B
:109F4000184700BFC4120020F0650300F8B5094DA2
:109F5000094B0A4ED5E9004701221A700CB92C6052
:109F6000F8BD214630463A4600F01EF8241A064451
:109F7000F4E700BFB8120020C8270020C92700203E
:109F800010B9074B18707047064B1B781BB141F294
:109F900088300BF0AEBEA420002108F0FBBE00BF4D
:109FA000C7270020C82700202DE9F047DFF8789068
:109FB0001E4F80460E46042499F80050A5B90BF0B8
:109FC0008BFE324682464146284606F0CDFB0546CA
:109FD00050460BF089FEE5B101233B7099F8003043
:109FE00073B93046BDE8F08732464146002006F09E
:109FF000BBFB0546EFE72046FFF7C2FF651E2C4678
:10A00000002006F03BFC0028EBD03B78002BF2D17F
:10A01000E7E73B78002BE4D0013C2046FFF7B0FF98
:10A020003B78002BC8D1DCE7C8270020C7270020D9
:10A03000014B0360002070470066030010B5044622
:10A040000BF066FA10F1780F00D050B9054A20469F
:10A050000BF090F8D2F8C43023EA0003C2F8C43001
:10A06000002010BDC81200202DE9F0471C4CDFF87D
:10A070007480DFF8749005460E461746444529D98A
:10A080001A491B4A1B484FF4BB630AF072FD1A4879
:10A090000AF06FFD16484FF4BB610AF061FD62687B
:10A0A000D9F824309A4213D3A3698BB1A988907848
:10A0B000C9B2884205D13A4631462846BDE8F04744
:10A0C00018475279012A03D13A4631462846984723
:10A0D0002434D3E7E3D36FF08500BDE8F08700BFF9
:10A0E000780800209C080020C8120020B4720300E9
:10A0F0008272030057680300737003002DE9F0417A
:10A10000154B164F5E6A164BBB421FD91549164AAE
:10A11000164840F2BB530AF02CFD15480AF029FD01
:10A12000114840F2BB510AF01BFD5C68B4420BD3EE
:10A130001D694DB194F802C08488E4B2A44503D1EE
:10A140002B46BDE8F04118472433DDE7EDD36FF02F
:10A150008500BDE8F08100BFC81200209C080020E7
:10A1600078080020B472030082720300576803006D
:10A1700073700300024B00221A605A60704700BFE0
:10A18000831300202DE9F041134CDFF85080054681
:10A190000E46174644451AD91149124A12484FF43F
:10A1A000C1630AF0E6FC11480AF0E3FC0D484FF4E5
:10A1B000C1610AF0D5FC63690BB92434EAE73A4679
:10A1C0003146284698470028F7D1BDE8F081F2D300
:10A1D0006FF08500F9E700BF780800209C08002098
:10A1E000B4720300827203005768030073700300A7
:10A1F000430670B520D0134B134CA3421ED913490C
:10A20000134A14484FF47D730AF0B3FC12480AF065
:10A21000B0FC0F484FF47D710AF0A2FC196A1E7F52
:10A2200000220439D5B2AE4201D82433E5E7013229
:10A2300011F832508542F5D1012001E0EED3002023
:10A2400070BD00BF780800209C080020B472030095
:10A25000827203005768030073700300F7B58488A7
:10A26000E4B220460F468DF80740FFF7C1FF0546D0
:10A2700080B114F07F0F0E4E02D096F8BA30ABB119
:10A28000204657B102F0C0FEF3691BB10DF1070182
:10A2900008209847284603B0F0BD02F0E7FEF369B6
:10A2A000002BF7D00DF107010920F2E71D46F1E779
:10A2B000C812002008B509480378C3F341130A33D4
:10A2C00050F823303BB100F1080200F1100198472B
:10A2D000C043C00F08BD1846FCE700BFC8120020ED
:10A2E00004282DE9F14FDFF8D49004460F461AD028
:10A2F000012831D1DFF8C88098F8B93063B300F095
:10A3000069FE304D4D4537D92F49304A304840F22B
:10A31000C2430AF02EFC2F480AF02BFC40F2C24147
:10A320002A480AF01DFCFFF725FFE3E70BEBC60602
:10A330000AF1010A30790BF0EBF8024630790AF0A5
:10A3400019FFD8F8C430002A23EA0003C8F8C43043
:10A3500017DA002388F8B9301A4D4D4520D91A492B
:10A360001A4A1B4840F2EE430AF003FC19480AF06F
:10A3700000FC40F2EE41D3E7EBD2D5F820B04FF02D
:10A38000000A2B7F5FFA8AF6B342CFD82435B9E7AB
:10A39000EB681BB13A462146284698472435DCE74E
:10A3A000F6D3074B1B6A2BB13946204601B0BDE8F6
:10A3B000F04F184701B0BDE8F08F00BF9C080020A7
:10A3C000C812002078080020B472030082720300D3
:10A3D000576803007370030073B586788DF80060CA
:10A3E000037942791C4C43EA0223ADF80230C3786A
:10A3F000304603F003038DF804300AF0BBFED4F8B6
:10A40000C430184205460BD0304600F0C5FD30463A
:10A41000FFF714FE0BF01CFD10B9962008F0FEFCAF
:10A42000684602F0C3FD10F1780F03D010B1002090
:10A4300002B070BD9DF8000002F054FE10F1780FDC
:10A4400001D00028F3D1D4F8C43001202B4384F884
:10A45000B900C4F8C430EBE7C81200202DE9F0477A
:10A46000A84EB36904460F461546FBB9237803F09E
:10A470001F03012B00F09E80022B00F0068133BBEE
:10A4800094F900002A686178002834DA062912D08D
:10A4900008292BD0D9B901231370517096F8C33015
:10A4A0005B0043F001031370022328E19847002862
:10A4B000DCD100200DE06288100A011F01298446CA
:10A4C00005D9072803D8716AD2B20C781CB96FF08D
:10A4D0001500BDE8F0874E78664503D19A4200F03A
:10A4E000098101332144F0E70B7808E196F8BA308E
:10A4F0001370012303E101390829E8D801A353F8B7
:10A5000021F000BF9FA50200CFA40200ADA502006C
:10A51000CFA4020029A50200CFA40200CFA402000C
:10A52000CFA4020037A502006088C0B202F0E4FCAC
:10A530000028BED0CBE76388756A63BBFFF71AFEBD
:10A54000638886F8BA30F369002BB2D06E490320D5
:10A550009847AEE76B78042B10D0052B11D0022B57
:10A5600004D16F796388BB4208BF01202B781D445A
:10A570002B78002BEED10028A9D0DFE795F80380D7
:10A58000F4E76388BB42F1D1B8F1000FEED1284661
:10A59000FFF722FFEAE7FF270020B846E8E76388D5
:10A5A000012B94D1002386F8C33082E76388012B06
:10A5B0008DD1F8E796F8BA30D5F800C0002B86D0D8
:10A5C000A388756A5FFA83FE2A46107800283FF454
:10A5D0007EAF5178022904D192F80480F04500F250
:10A5E00095800244F1E78CF800208CF80120396056
:10A5F0005FE7154496E00B2A7FF469AF00274FF020
:10A60000FF08C146BA4606E06B78042B0FD0052B35
:10A6100021D02B781D442B78002BF5D1F36913B191
:10A62000514607209847002F7FF443AF4FE795F836
:10A630000280A38895F803909845EAD163889945EC
:10A64000E7D1B8F1070F1DD806EB0803AA4683F837
:10A65000BB900127DDE7A3884345DAD16388DBB2ED
:10A660004B450AD0AF78384600F096FC3846FFF7E5
:10A67000E5FCB0FA80F77F09CBE72846FFF7ACFE90
:10A680000746C6E7AA460027C3E794F90020637887
:10A69000002A19DA002B7FF41AAFA4882D68E4B2DF
:10A6A0002046FFF7A5FD00283FF411AF630604D054
:10A6B00096F8BA30002B3FF40AAF2946204602F044
:10A6C000F5FC00236B70EFE6012B08D0032B7FF421
:10A6D000FEAE6388002B7FF4FAAE012103E06188AF
:10A6E00000297FF4F4AE2046FFF7B8FD00287FF480
:10A6F000E0AEECE6022829607FF4F6AE4B883B60C2
:10A70000D7E600BFC81200208213002094F9000091
:10A7100062780028BFF66FAF002A3FF464AF0A2AC0
:10A720007FF4D5AE2A78002A3FF4D1AE69780429A7
:10A730007FF45FAFA9788B427FF45BAF072B96BFA6
:10A740009B19002393F8BB308CF80030D1E600BF92
:10A7500013B5164C237DF3B9E268A168019201ABF1
:10A7600080200AF015FD019AA3681344A360E368F2
:10A770009B1AE3606BB962B12369E2889A4208DDF3
:10A7800094F8C82093FBF2F102FB11330BB90123BB
:10A79000237502B010BD00231A4619468020237588
:10A7A00002B0BDE8104002F0C7BC00BFC8120020D4
:10A7B00030B585B0002302460D460193002858D1DC
:10A7C000002935D108220B460DEB02010AF0B9FE33
:10A7D000002804DA802002F017FC05B030BD304CB0
:10A7E000029A2260039A626004F13802A2609DF925
:10A7F0000820BDF80E302575002AC4E903550ADB90
:10A80000802B04D9802002F0FFFB0020E3E713B186
:10A81000C4E90333E1E7FFF74DFD0028DAD0E28811
:10A8200023699A42D4BFE260E360FFF791FFD4E767
:10A830001B4CD4E90215002D01AB04DC0AF081FEAB
:10A840000028CADAC6E72A460AF07BFE0028D9DBD0
:10A85000019AA3681344A360E3689B1AE360002B8A
:10A86000BBD104F13803A360FFF724FD0028DCD13D
:10A87000B0E7802807D10A4BDA68002AD5D11B7DC2
:10A88000002BD2D1A9E707490748084A4FF4C573FE
:10A890000AF06FF905484FF4C5710AF061F900BF7D
:10A8A000C8120020DA910300576803008272030087
:10A8B000054B064A9A62064ADA62064A1A63064A53
:10A8C00058629A6100207047C81200205DA40200FF
:10A8D000FDA0020085A1020069A002002DE9F3415C
:10A8E00004464F4D4F484FF0FF334FF0FF3206F014
:10A8F00083FB95F8B830002B40F08C806B6A83B1F5
:10A9000049482C62E8616E6A02F058FD02F0C2FA12
:10A91000041E10DA434806F03FFC204602B0BDE8B2
:10A92000F08100F0D5F8FFF7C3FF6B6A002BE7D189
:10A930004FF0FF34EEE700F06FFB041EEADB7378A4
:10A94000012B6AD1F379002B67D00026684685F881
:10A95000C830ADF802308DF804608DF8006002F068
:10A9600025FB041ED6DB802768468DF8007002F0B8
:10A970001DFB041ECEDB2D49304602F00BFD041EEC
:10A98000C8DB2A49384602F005FD041EC2DB284C0C
:10A99000DFF8A080444521D92749284A28484FF4A8
:10A9A000C3630AF0E6F827480AF0E3F823484FF4B7
:10A9B000C3610AF0D5F8276A0026227FF3B29A42D3
:10A9C00001D82434E6E707EBC30257F833101079B7
:10A9D00002F0E0FC01360028EFD0A9E7EBD300201D
:10A9E00002F080FB041E95DBD5F8C430802043F0D4
:10A9F0000103C5F8C43002F075FB041E8ADBD5F8EC
:10AA0000C43043F48033C5F8C430012385F8B8302E
:10AA100000247FE76FF077047CE76FF0150479E797
:10AA2000C812002068070020E1A20200B1A70200BE
:10AA3000780800209C080020B47203008272030092
:10AA4000576803007370030030B51F4B8BB005AA25
:10AA500003F1100518685968144603C40833AB4263
:10AA60002246F7D11B7823701022002101A80BF099
:10AA7000ADFA1222002115480BF0A8FA102101A806
:10AA80000AF0F7FD00281BDD0828B8BF08200938A8
:10AA900001AB0E491A18002012F8013F0AAC04EB72
:10AAA000131403F00F0328336B44013014F8144CD3
:10AAB00013F8143C0C7008284B7001F10201EBD123
:10AAC00002480BB030BD00BFD7720300DA27002068
:10AAD0002DE9F04F894B93F800B087B0BBF1000F20
:10AAE00003D0874807B0BDE8F08F854C00264FF0B3
:10AAF000011AB0463546B14623783BB9814B023442
:10AB00009C42F3D17D4A01231370EAE76378052B59
:10AB10002DD8DFE813F0AC000600F000AC002F00E9
:10AB20005700402304A88DF810B0ADF812308DF80E
:10AB300014B002F00FFAB8B1082304A8ADF812302F
:10AB400002F008FA80B17049704A7148ADF812B04D
:10AB500040F28F130AF00DF86E480AF00AF840F23E
:10AB60008F116A4809F0FCFFBDF81230E3712378B9
:10AB70001C44C1E7E378002BF9D1A378EBB9664D0B
:10AB800003E06B689C4213D02435644B9D420CD982
:10AB900063495E4A5E484FF49B7309F0EAFF6148DF
:10ABA00009F0E7FF4FF49B71DBE7EAD3002099E758
:10ABB000AB6813B141462046984708F101085FFA97
:10ABC00088F8D4E7002DF1D000222B7F9A42EDD2F5
:10ABD000296AA07801EBC2010B79984201D00132B9
:10ABE000F3E70127E07800F003008DF814002079E6
:10ABF00094F805C040EA0C20ADF8120094F9020068
:10AC00000028FBB228DA07F110004FF0010C0CFA13
:10AC100000F010EA0A0F26D143F080008DF81000F2
:10AC200004A8CDE90213019202F094F9DDE90121B3
:10AC3000039BC0B99DF81020A27012F0800F18BFBE
:10AC400010330A7118BFDBB24FF0010214BF9A40F3
:10AC5000BA404AEA020A8AE70120B84010EA0A0F1D
:10AC600001D11846DAE70137102FBBD1B7E7032E21
:10AC70001AD1FFF7E9FE074650B1FCF75BFA02462E
:10AC800030B11028A8BF10223946A01C0BF090F953
:10AC900023786FF00200E118001B04EB5303C84255
:10ACA00013D50136F6B262E7002EF1D1B9F1000FEB
:10ACB0003FF47CAFA4EB090389F80230C3F3072308
:10ACC00089F8033089F80480EBE71A78203A5E2A85
:10ACD0000AD915490D4A0E48CB2309F04AFF1348FB
:10ACE00009F047FFCB213CE701F801BC13F801292B
:10ACF00001F8022DD3E7A14639E700BFD92700208C
:10AD0000D0070020770800201E730300E8720300BC
:10AD10005768030027730300780800209C08002070
:10AD2000B4720300737003004E7303008573030055
:10AD300010B5094B00211A461C78844204D15C6886
:10AD400014B102EB811010BD0131042903F140035D
:10AD5000F2D10020F7E700BF941300202DE9F34162
:10AD600050F8283C10F82C6C103304460AD10369C3
:10AD700050F8202C980736D5D2B9590715D500239D
:10AD800044F8283C54F8283C10330BD054E907759C
:10AD900054F8148C0BF05CF800284FD02E48214654
:10ADA0000BF046F802B0BDE8F08143F004032361E4
:10ADB00054F8241C01AB30460AF0EAF910B16FF0E8
:10ADC0001503DDE7019A54F8243C134444F8243C6D
:10ADD00054F8203C9B1A44F8203C54F81C3C134483
:10ADE00044F81C3CCEE754F8241C01AB304602F07A
:10ADF0002DFA0028E3D1019D54F8243C2B4444F85B
:10AE0000243C54F8203C5B1B44F8203C54F81C3C88
:10AE10002B4444F81C3C002DB1D0304602F0D4FA4B
:10AE2000B5FBF0F303FB1055002DA8D154F8203CDE
:10AE3000002BA4D0304602F05FFAA3E744F8180CC8
:10AE4000A4F1100006F0E0FB002DABD042463946DD
:10AE50003046A847A6E700BF200E00204B1E012B5E
:10AE600073B506460D460FD8FFF762FF044668B972
:10AE7000012D09D101AB01220DF10301304602F091
:10AE8000E5F9019B002BF5D102B070BD0AF0E0FF9F
:10AE900004F12C0108B1012D05D1084602B0BDE82E
:10AEA0007040FFF75BBF034802B0BDE870400AF096
:10AEB000BFBF00BF200E00202DE9F74F06460191CD
:10AEC000154698460AF0ACF9044600285BD1EFF32A
:10AED000118A202383F31288BFF36F8FDFF8ACB0A1
:10AEE00000220023584606F00DFC70B9DFF8A09050
:10AEF000A70109EB8414636813F1100F14D10193B7
:10AF0000584606F081FB019B06E00134042C0BF14E
:10AF1000400BE5D16FF00B038AF31188BFF36F8FFD
:10AF2000184603B0BDE8F08F019B2061C4E90235EB
:10AF30000C9B63610D9BA36130466FF00F0309F812
:10AF40000760C4F83C80636002F03EFA58B13046B6
:10AF500002F03AFAB5FBF0F303FB10551DB1E36BB9
:10AF600043F00403E36318F0020F07D007F12C014C
:10AF7000084849440AF05CFF0023CDE7304602F060
:10AF8000BBF90346C8E76FF00F03C9E7B013002011
:10AF900094130020200E002010B5EFF3118420231D
:10AFA00083F31288BFF36F8FFFF7C2FE50B143687F
:10AFB000103307D16FF08B03436000F12C0104487C
:10AFC0000AF036FF84F31188BFF36F8F10BD00BF06
:10AFD000200E0020F8B50E4C04252027EFF3118633
:10AFE00087F31288BFF36F8F6368103307D16FF058
:10AFF0008B030848636004F12C010AF019FF86F303
:10B000001188BFF36F8F013D04F14004E6D1F8BD14
:10B0100094130020200E002070B50A4C0A4E002523
:10B020003146204606F0AEFD0122A4F11000114683
:10B0300001350AF0DFFE042D04F14004F0D10020B8
:10B0400070BD00BFC01300205DAD02000169012387
:10B0500081F84B300B6833B191F849301BB102488D
:10B0600008310AF0E5BE7047200E00200169012377
:10B0700081F84A300B6833B191F848301BB102486F
:10B0800008310AF0D5BE7047200E002070B5056962
:10B09000EFF31186202383F31288BFF36F8FD5F867
:10B0A0009000FEF70FF8044686F31188BFF36F8F08
:10B0B00030B104480022002305F1180106F08EFE8D
:10B0C000204670BD200E002070B5012382F8483064
:10B0D00013680D4614463BB192F84A3023B10E482E
:10B0E00002F108010AF0A4FED4F89030DA885B89F6
:10B0F0009A4205D17DB904F1180140F6CD4204E031
:10B1000004F11801002DF8D00022BDE8704002487B
:10B11000002306F063BE70BD200E002070B50E4601
:10B1200081880446C9B2154815460AF055F810B38F
:10B1300094F900206378002A16DB202B04D0222B00
:10B140000ED06FF085000AE02B681A6840F8102CCA
:10B150009A8820F80C2C9B7900F80A3C002070BDDE
:10B16000638800F8093CF9E7212BEAD1103807235E
:10B1700028603360F2E76FF01200F0E794140020CB
:10B1800008B5014603480AF035F810B1012300F86C
:10B19000073C08BD941400200D4A03460021A0F886
:10B1A00048101068C3F8940090889279A3F898002A
:10B1B00083F89A2083F89C1083F89B10A3F89E10C4
:10B1C00083F8A010402203F14C000AF0FFBE00BF3C
:10B1D0006065030010B504690023C4F8A8300C4B67
:10B1E000C4F8A400596804F1A80269B9C3E90022AF
:10B1F00004F10800074906F0C5FC04F118000649EF
:10B2000006F0C0FD002010BD0A605A60F0E700BFE4
:10B21000941400204B520300D1B2020030B54FF419
:10B220000033426805690D4C85B042F2A100CDE9BA
:10B230000103002385F89D30106AADF80C100079E9
:10B240000A2201A909F0A4FF95F89D3023B9012035
:10B250000AF04FFD013CF7D105B030BDA1860100D9
:10B2600073B504698DF80710002384F84830202551
:10B27000EFF3118685F31288BFF36F8F0122D4F8A4
:10B2800090000DF10701FDF71DFF86F31188BFF354
:10B290006F8F01280AD00AF0DBFD10B994F8A130B5
:10B2A0006BB9094B1A780AB901221A7021220023BE
:10B2B00004F11801054806F091FD02B070BD0021AF
:10B2C000212007F067FDD3E7EC270020200E0020A7
:10B2D000F0B5D0F88C305B681B6A1F7D85B00546E1
:10B2E000384609F09DFF064650BB95F886303BB3C3
:10B2F000A86F0146C38831F80A2F9B1A9BB2B3F599
:10B30000806F28BF4FF4806303AA09F0C3FD044691
:10B31000B0B18306A5F1180308BF00F1FF3485F82A
:10B3200030600193074B039900932246022338466D
:10B33000FFF7C2FDA86F224600F10A0109F0E0FD07
:10B3400005B0F0BDC9B0020037B514460A1E054667
:10B3500021DDD4F88C0004F14C01FDF7B3FE01238C
:10B3600084F8493023683BB194F84B3023B111483D
:10B3700004F108010AF05CFDD4F88C2093889189CF
:10B3800012695B1A9BB2D31A3F2B04D8012384F8AD
:10B39000A03003B030BD94F89E30002BF9D0064B9E
:10B3A000009301940123402204F14C012846FFF749
:10B3B00083FDEEE7200E002049B30200F7B50D46ED
:10B3C00001461D4809F0FCFE044610B30646691EFE
:10B3D00056F8A4395F6805291BD8DFE801F01C1A6C
:10B3E000031C222610F8061C99B9012300F8063C1C
:10B3F0003B6A3246187BFFF7A7FF14F85C2C42B972
:10B400003B6A187D0D4B0093019602231146FFF70E
:10B4100053FD03B0F0BD304603B0BDE8F040FFF788
:10B42000BBBE012304F8053CF3E710F8053C002BF4
:10B43000EFD00023F6E700BF94140020C9B002004B
:10B4400037B5094D0949002400944FF0FF334FF4FC
:10B450008062284606F026FC0549284606F042FD93
:10B46000204603B030BD00BF200E0020C0360020B3
:10B47000E273030008B5044809F065FBBDE8084025
:10B48000024809F060BB00BFEB73030020740300A7
:10B49000014808F0EBBC00BF0066030038B5044665
:10B4A00018B90F4B0F485B6898476168B1F5683F62
:10B4B00010D0B1F5680F0DD00B4DA9420AD011F490
:10B4C0006861206807D00146084805F0B5FC0023F4
:10B4D0002360656038BD14220AF078FDF9E700BFEB
:10B4E000480600204E7403002C5F5CA99C190020C4
:10B4F00008B520B34368B3F5683F10D10122036853
:10B50000BFF35B8F53E8001F002903D143E80020FD
:10B510000028F7D1BFF35B8F0DD1002008BD094A89
:10B5200093420AD000684FF0FF324FF0FF3305F02E
:10B5300063FD0028F1D00448F0E70448EEE76FF41B
:10B54000E040EBE72C5F5CA9E98FFFFFEA8FFFFF8C
:10B5500008B5D8B14368B3F5683F10D1002203683D
:10B56000BFF35B8F53E8001F012903D143E800209C
:10B570000028F7D1BFF35B8F0BD1002008BD074A2D
:10B58000934208D0006805F007FEF6E76FF4E0404C
:10B59000F4E70348F2E70348F0E700BF2C5F5CA93B
:10B5A000E98FFFFFEA8FFFFF10B5044618B91D4B66
:10B5B0001D485B6898476368B3F5683F2FD0B3F5C3
:10B5C000680F2CD0194A934219D1236803BB18483D
:10B5D0004FF0FF324FF0FF33214605F0A1FB08B9D1
:10B5E00023681BB90F4B13485B68984720681422E7
:10B5F00000210AF0EBFC4FF46863636008E0B3F5E8
:10B60000683F0DD83A2B03D040F6BA629342DED1A0
:10B6100020680AF0D1FB636843F03A03636010BD11
:10B62000054AF3E7480600204E7403002C5F5CA92E
:10B630009C190020747403003A00003A08B50649CA
:10B640000648402314220AF0A0FBBDE80840044944
:10B65000044808F07DBC00BF9C1400209C19002009
:10B66000086603001C6603002DE9F047064600AF9C
:10B670000C46002936D0E9468AB0D1E90012A36809
:10B680006D462148A8464FF0050AC5E90501C5E900
:10B69000072348F810AF1D48424600234FF42151BC
:10B6A000FEF7FEF8CD46D4E903126369AD461848AB
:10B6B000C5F810A0C5E90501C5E907231348002313
:10B6C00042464FF42151FEF7EBF8CD46E369114AAB
:10B6D0000E48012109F0DAFCA3690F4A0B48012149
:10B6E00009F0D4FC012E07D1EFF305830B4A07487C
:10B6F000103B314609F0CAFC2146304605F010F9EE
:10B70000BD46BDE8F08700BFA174030020650300BB
:10B71000D0740300FF7403000E7503003C75030032
:10B7200030BFFFF7FDBF00BF2DE9F0410B4EDFF842
:10B73000308006EB0807CC1B0546324609492046F7
:10B740000AF036FCA01942460021083C0AF03EFCF3
:10B75000C5F8904007F10800BDE8F0810000000046
:10B760000400000060650300054B5A699B689A421B
:10B770001FBF044A536843F080535360704700BFB3
:10B78000A025002000ED00E070B5294C06460D46CE
:10B790002848294909F05DFEA36AD9043CD525480B
:10B7A000264909F056FE1720A36A1A0504D5214838
:10B7B000234909F04EFE18201D4CA36A9B0512D5A3
:10B7C0001C48204909F045FEA36BA26A100409D564
:10B7D0001D4A1848012109F059FC1EB1A36A23F43F
:10B7E0000043A3621920124CA36A590504D51148DD
:10B7F000164909F02EFE1A20A36ADA050ED50D4867
:10B80000134909F026FE1B20094A936A43F47F433B
:10B81000936200232B7070BD1620C5E7A36A9B04BA
:10B82000F2D504480B4909F014FE1C20ECE700BFD8
:10B8300000ED00E0206503004F750300657503000F
:10B840007675030089750300A2750300B7750300C0
:10B85000D2750300EA75030010B5204C2049214839
:10B8600009F0F7FDA36A990136D51E481E4909F073
:10B87000F0FD1E20A36ADA0104D51A481B4909F01D
:10B88000E8FD1F20154CA36A1B0304D51548184971
:10B8900009F0DFFD2120A36A590304D51148154999
:10B8A00009F0D7FD22200D4CA36A9A0304D50D4858
:10B8B000114909F0CEFD2320A36ADB0304D5094812
:10B8C0000E4909F0C6FD2420044A936A6FEA034337
:10B8D0006FEA1343936210BD1D20CBE700ED00E03B
:10B8E00019760300206503003176030044760300D7
:10B8F0005E7603007C760300A1760300BB7603002E
:10B900002DE9F8433F4D804689463F483F49174659
:10B9100009F09FFDAB6ADA0627D53D493A4809F0A0
:10B9200098FD1124AB6A1B0704D53A49364809F043
:10B9300090FD1224334DAB6A9E0718D53649324824
:10B9400009F087FD6E6BAB6A1C0646D5334A2E485C
:10B950003346012109F09AFBB9F1000F03D0AB6A1D
:10B9600023F08003AB62132403E01024DAE76FF0C6
:10B970001506244DAB6AD80704D52949224809F099
:10B9800068FD1424AB6A990604D526491E4809F0BF
:10B9900060FD15241B4DAB6ADA0602D4AB6A9B0727
:10B9A0000AD56B68180507D54146304600F0E0FA25
:10B9B000B0B180F309880224124B9A6A920642BF02
:10B9C0005A6A22F400525A629A6A42F0FF029A625C
:10B9D00000233B702046BDE8F8836FF01506C2E7F0
:10B9E000AB6AD906E8D51049104A11484FF4927352
:10B9F00009F0BFF80F4809F0BCF80C484FF49271F9
:10BA000009F0AEF800ED00E020650300E6760300E3
:10BA1000FC760300767503002F7703004777030059
:10BA20005D770300EA750300AE7703007C770300BF
:10BA300057680300F8770300F0B5794B8BB00446E4
:10BA4000586800AFC0F30803002686F31188BFF3DF
:10BA50006F8F02F07F45B5F17F4F07D102F00C05E3
:10BA6000082D12D16F49704809F0F3FC6F49704AF4
:10BA7000704840F2114309F07CF86F4809F079F8FA
:10BA800040F211416A4809F06BF815074CBF0C46AB
:10BA90000126002CEAD00022FA71DA1E092A00F2EF
:10BAA0009E80DFE802F0059497779C9C9C9C9C9A72
:10BAB00062495D485A4D09F0CCFC0023FB71EB6AEA
:10BAC0009A0705D55E49584809F0C3FC002329E0D0
:10BAD000EB6A002B01DA5B49F5E7EB6A5B0069D59D
:10BAE0005949514809F0B5FC6B69A26943F4807368
:10BAF0006B61BFF34F8FBFF36F8F6B6932F8022C0E
:10BB000023F480736B61BFF34F8FBFF36F8F4DF6DC
:10BB100002739A4227D123684C4A4348012109F015
:10BB2000B5FA2368FA79DAB907F1080504F1200CAF
:10BB3000206861682A4603C2083464451546F7D177
:10BB40007A6A002E67D0C2F3080121B96FEA522247
:10BB50006FEA42227A6207F108011846FFF784FD76
:10BB60002C37BD46F0BDAB6ADBB233B1FA1D012103
:10BB70002046FFF7C5FE0346D4E7AB6A13F47F4FB8
:10BB800004D0F91D0120FFF7FFFDF4E7AB6AB3F520
:10BB9000803F02D3FFF760FEEDE72D49244A254898
:10BBA00040F2EA2308F0E5FF2A4808F0E2FF40F2FD
:10BBB000EA2167E726491E4A1E4840F2ED2308F0B5
:10BBC000D8FF254808F0D5FF40F2ED215AE7FA1DCD
:10BBD0000021CDE7F91D0020D5E7204973E7204A71
:10BBE000204910F4F87F6D468AB018BF11466A46A6
:10BBF000103BD3611C484FF4007313841B4BC2E904
:10BC0000050142F8103F084800234FF41151FDF799
:10BC100047FEAD465AE722F4FF7222F0010299E78F
:10BC200000ED00E04978030020650300747803000C
:10BC30007C7703005768030087780300C57803000A
:10BC4000DC780300FD7803000B7903002A790300F8
:10BC5000DA910300467903006A7903009A790300B8
:10BC6000307803001B780300BE7903000400000154
:10BC7000044B5A6942F010025A615A6922F00802D4
:10BC80005A61704700ED00E0EFF30880EFF309819F
:10BC900001B57246FFF7D0FE01BD00BF002080F362
:10BCA0001488BFF36F8F0F4880F3088803F0D0FC2F
:10BCB00000200D490860BFF34F8F00F02BF82020C3
:10BCC00080F3118809484FF40461401880F3098813
:10BCD000EFF314800221084380F31488BFF36F8FC1
:10BCE00000F016F90051002094ED00E0403F0020E4
:10BCF0000749D1F890200023C2F307221846934247
:10BD000000DB7047C1F89830C1F8A0000133F6E7B6
:10BD100000ED00E008B572B6002383F31388FFF747
:10BD2000E7FF144B4FF0FF32C3F88020C3F88420A4
:10BD3000C3F88820C3F88C20C3F89020C3F894205F
:10BD4000C3F89820C3F89C20C3F88021C3F884214D
:10BD5000C3F88821C3F88C21C3F89021C3F894213B
:10BD6000C3F89821C3F89C2162B6BFF34F8FBFF38D
:10BD70006F8F08BD00E100E0084B9B6883420BD148
:10BD8000EFF3058343B1064B5A6842F080525A6084
:10BD90005A6A22F400425A6207F0BCB8A02500207B
:10BDA00000ED00E015498A684FF030001044EFF3D1
:10BDB000098C80E8F01F202080F31288BFF36F8F7A
:10BDC0000F4F4FF000664A698A603E60D2F89000DB
:10BDD0000C4C2060D2F894000023C2F8943080F319
:10BDE000118804B5104600F02BF9BDE8044002F1BB
:10BDF000300090E8F01F8CF309887047A0250020E0
:10BE000004ED00E0BC1900201EF0040F0CBFEFF39E
:10BE10000880EFF30980816911F8021C0229FFD024
:10BE200001B5724609F00AFB01BD00BF40B200280F
:10BE300007DB044A4109012300F01F00834042F858
:10BE40002130704700E100E040B200280CDB4309DC
:10BE5000064900F01F0020330122824041F82320D0
:10BE6000BFF34F8FBFF36F8F704700BF00E100E05B
:10BE7000054B420900F01F0053F82220012303FA6A
:10BE800000F01040704700BF00E100E038B54B1CE7
:10BE9000072B04460D460FD9114A124912486B234D
:10BEA00008F067FE114829460723224608F061FE84
:10BEB0000B486B2108F054FE40B20028ACBF00F1E3
:10BEC00060400B4A4FEA4313B8BF00F00F00DBB2EB
:10BED000AABF00F56140135480F8003338BD00BF9D
:10BEE000D1790300087A030057680300237A03001E
:10BEF00014ED00E0044B054A23F07F039360BFF389
:10BF00004F8FBFF36F8F70470070020000ED00E0AD
:10BF100008B5FFF7EFFF074AD2F8883023F4700323
:10BF2000C2F8883004F022FE07F08CFA00F05EF8C8
:10BF300004F064FE00ED00E042F8203C009B42F873
:10BF40001C3C0A49019B42F8183C029B42F8143CF5
:10BF500021F001014FF0807342F8043C42F8081CC4
:10BF60000023203A0265C0F894307047058402002F
:10BF70000A4A0346906878B113F1160FD0F8800092
:10BF800005D0A0F140029A4205D8834203D28142F3
:10BF900028BF002070470020704700BFA025002068
:10BFA00008B515460A4A0B4B9060D0F890201A60ED
:10BFB0000E4600F045F82C4686F309880020064B13
:10BFC00098472046002100220023044C204700BF50
:10BFD000A0250020BC190020635403000584020042
:10BFE000014B10221A61704700ED00E00448002365
:10BFF0002021C2180133302B82F80013F9D1704789
:10C0000000E100E008B5EFF30583064A103B02EBC0
:10C01000C30152F8330049688847BDE80840FFF77C
:10C02000A3BB00BF18620300024B034A034801216F
:10C0300000F08CB800000420000000202C660300F3
:10C04000D0F88020054B403A1A60054A4021C3E9E8
:10C0500001121846012100F09FB800BFC01900204E
:10C0600000000B1508B503461048D0F89020C2F325
:10C070000722013A934207D90D480E4A012109F0DF
:10C0800005F86FF0150008BDC0F898300A6822F076
:10C090001F021A4342F01002C0F89C208A6842F046
:10C0A0000102C0F8A0201846EDE700BF00ED00E057
:10C0B00010650300677A0300F0B50E4685B01F4691
:10C0C00004460025B5420DDA606810B397B1431EEF
:10C0D00018420AD0104A11482B46012108F0D6FF19
:10C0E0006FF01502104605B0F0BD1F28F2D9216887
:10C0F0000B42EFD12368019309F0D6F9A36801A997
:10C100000343D0B20393FFF7ADFF10F1160FE7D052
:10C11000421C01350C34D5E78D7A0300106503000D
:10C12000044B0522C3F89420BFF34F8FBFF36F8FEA
:10C13000704700BF00ED00E0BFF35F8F024B0022AD
:10C14000C3F89420704700BF00ED00E038B50D4DF6
:10C1500001232A780C46FFF7AFFF287016300FD165
:10C16000094A0A490A484FF4BB7308F002FD09481E
:10C17000214608F0FEFC04484FF4BB7108F0F0FCC7
:10C1800038BD00BFED270020B07A0300DA9103002C
:10C1900057680300DF7A030010B5144A00231278B1
:10C1A0000C46FFF789FF10F1160F08D0104A002146
:10C1B000D2F89030C3F30723984210DB10BD0D4A2C
:10C1C0000D490E4840F2951308F0D3FC0C48214667
:10C1D00008F0CFFC074840F2951108F0C1FCC2F806
:10C1E0009800C2F8A0100130E2E700BFED27002060
:10C1F00000ED00E0B07A0300DA9103005768030015
:10C200000B7B03002DE9F04F7B4C7C49D4F8903038
:10C210000D68C3F307239D4285B013D9784A794945
:10C22000794840F2AD1308F0A4FCD4F89020774888
:10C230002946C2F3072208F09CFC40F2AD11704879
:10C2400008F08EFCFFF778FF49680022954201F163
:10C250000C012DD16E4C6F4F25706846FDF7E8FE3E
:10C26000DFF8B481DFF8B49106460025AE4232D142
:10C27000237861490020D1F89020C2F3072293422D
:10C28000C0F2AF80FFF74CFFD1F89030C3F3072323
:10C29000082B00F0AC806249594A5B4840F21F23EA
:10C2A00008F067FC5F4808F064FC40F21F21C6E715
:10C2B000C4F8982051F80C3C23F01F03134343F0BB
:10C2C0001003C4F89C3051F8043C43F00103C4F857
:10C2D000A0300132BAE7009A02EB05132901D3F826
:10C2E0000CA00AEA0700B0F5000F60D00AD8B0F53C
:10C2F000001F38D0B0F5800F4ED0B0F5801F12D09F
:10C300000135B3E7B0F1807F5CD0B0F1007FF7D1A9
:10C310009868D3F804A0525809F0C6F8CDE901A2F4
:10C3200040F480200BE09868D3F804A0525809F03C
:10C33000BBF8CDE901A240F0885040F430200390D2
:10C34000207801A9FFF78EFE002846DA2D492C4AF5
:10C350002D4840F2D71308F00CFC334808F009FCD4
:10C3600040F2D7116BE79868D3F804B0525809F03F
:10C370009BF81AF0010F40EA0800CDE901B20390E2
:10C38000DED02A491E4A20487B2308F0F2FB2848C9
:10C3900008F0EFFB7B2152E79868D3F804A05258CD
:10C3A00009F082F8CDE901A240EA0900C7E79868E0
:10C3B000D3F804A0525809F077F8CDE901A240F073
:10C3C0008270BCE79868D3F804A0525809F06CF862
:10C3D000CDE901A240F08870B1E7237801332370E2
:10C3E0008EE7C1F89830C1F8A000013343E7002080
:10C3F00005B0BDE8F08F00BF00ED00E03866030037
:10C40000B07A0300DA91030057680300387B030019
:10C41000ED2700200000F0FF0000081100000206D8
:10C42000EB7B03003B7C0300C17B03006C7B0300C0
:10C43000927B0300F0B587B007460E4614460021F4
:10C44000102268461D4609F0C1FD02238DF8023016
:10C450002A46054B019321466846CDE9047607F04C
:10C46000D9FE07B0F0BD00BFC954030008B5024BA8
:10C470001B689847002008BDCC190020034B044AD4
:10C480001860937843F0020393707047CC19002032
:10C490000006002008B50649064821F00701C1F151
:10C4A000005202F58022FBF7B7FA002008BD00BF5A
:10C4B0000F800020D01900200E4A0123C2F8403519
:10C4C0004FF080424FF08051C2F87835D1F83001FA
:10C4D000082808D1D1F83411052904D80648415C50
:10C4E00009B1C2F838364FF080430122C3F88025E5
:10C4F0000020704700E001406B7C030020B1034B3B
:10C50000800143F001031847704700BF70650300C6
:10C51000BFF34F8F0549064BCA6802F4E06213432C
:10C52000CB60BFF34F8F00BFFDE700BF00ED00E021
:10C530000400FA05020600F07F0312D5082B05D18E
:10C54000010700F00F0306D50E48704710F0780F72
:10C5500012D100F00F034C2000EB43100A4B18449B
:10C560007047082B05D1020700F00F0306D50748D6
:10C57000704710F0780FF6D000207047044800EBA9
:10C5800043107047281B0020DC190020481C0020A5
:10C59000481B00200149024809F04ABC041A002047
:10C5A000E00E00200146014809F019BCBC0700203C
:10C5B000094C0A4A0A4808B5012108F0A3FF0949B5
:10C5C00009484FF4E373224608F0D3FA4FF4E371BD
:10C5D000204608F0C5FA00BF917C0300757C03007B
:10C5E00048650300DA9103005768030010B510494D
:10C5F000BFF35B8F002351E8002F012A03D141E8EC
:10C6000000300028F7D1BFF35B8F0CBF0120184624
:10C610000DD151F8044C14392046FCF7C9FC10F137
:10C62000780F04D12046BDE81040FCF755BC10BD82
:10C63000FC19002002480022002304F05BBF00BF69
:10C64000BC07002013B5124801F01EF9114B9842A7
:10C650001AD1114803F040FF0024104803F092FF64
:10C660000F49104800944FF0FF334FF4806205F0FB
:10C6700019FB0D490B4805F035FC0C480C4905F039
:10C6800081FA204602B010BD6FF00400FAE700BF47
:10C6900025CD02000000AD0B767F03005866030035
:10C6A000003B0020E00E0020C57C0300041A00209F
:10C6B00021C8020038B5002464F07F00C0B2FFF743
:10C6C00039FF58B91C491D4A1D4840F27A2308F029
:10C6D00050FA40F27A21194808F042FA013408F081
:10C6E000FEFE082CE8D1174D0024E0B2FFF722FF30
:10C6F00048B91149114A12484FF4207308F039FA29
:10C700004FF42071E7E7036903B90561013408F0CC
:10C71000E6FE082C05F14005E7D10B4808F0DFFEE6
:10C720000A4BD3F87C2212B9094AC3F87C22094883
:10C7300008F0D5FE002038BDD07C0300917C0300BA
:10C74000576803006C200020281B0020DC19002003
:10C750006C1C0020481C002010B5054CFFF76AFF38
:10C7600020B14168204604F067FBF7E710BD00BF29
:10C77000F806002013B500221248002301A904F096
:10C78000CFFAD8B1104A1148012108F0BBFEFFF7DB
:10C79000E3FF0C480022002301A904F0C1FA04467B
:10C7A00008B1FFF705FF0198042340600374FFF709
:10C7B000F9FEFFF7EFFE204602B010BD0198406081
:10C7C000FAE700BFF8060020D77C030048650300A5
:10C7D0000346024A0248012108F058BCF57C0300D8
:10C7E00048650300022810B511D80B4A145CFFF706
:10C7F000C1FF80B1002202740472FFF7D3FE074B21
:10C8000093F824303BB1BDE81040FFF7C3BEBDE84C
:10C810001040FFF7DDBF10BD737F0300DC1900205F
:10C820002DE9F043954DDFF8589285B08046FFF72B
:10C8300001FF074610B905B0BDE8F08395F8252043
:10C840003B7C3AB9002B00F0B68079688C4804F044
:10C85000F3FAECE7042B00F2E281DFE813F0AC001E
:10C8600005007C019201B30118F8043C33B9BB68A0
:10C870005B7A844A8448012108F008FCBC685CB9F2
:10C880008249834A83484FF44B7308F072F94FF49E
:10C890004B717F4808F064F93B7B032B46D8DFE8F7
:10C8A00003F0024C7277A27A62B17B49784A7948E8
:10C8B0004FF4397308F05DF9784808F05AF94FF4ED
:10C8C0003971E6E76669764B32607260D3F880149E
:10C8D0003170D3F884147170D3F88814D3F88C04B1
:10C8E00041EA00217180D3F89014D3F8940441EA0E
:10C8F0000021B180D3F89814D3F89C3441EA032383
:10C90000F3800823E36030687168664B03C3114607
:10C910002368607A984796F90030002B09DBF3888A
:10C920009AB232B1A5F88C3201F014FC796848460D
:10C930008DE70023A5F88C32F8E7637F002BF5D054
:10C94000237F002BF2D000264FF0FF325648667747
:10C950004FF0FF33267708F0D7FD636901936368D2
:10C96000CDE9023601A9607A01F00AF84F4A9042F7
:10C97000034604D04E4A4448012108F087FB4A4848
:10C9800008F0C4FDD2E723680121607A9847CDE71B
:10C99000A37A6BB9E37F5BB943484FF0FF324FF0A6
:10C9A000FF3308F0B1FD01F0DBFB3F4808F0AEFDBE
:10C9B00023680221E9E73B7A042BB7D8DFE803F0CC
:10C9C0009B032EB5C10000F0CFFE04460028ADD178
:10C9D00000F0CCFDBFF35B8F3649012351E8002FF7
:10C9E000002A03D141E800300028F7D1BFF35B8F64
:10C9F0009CD141F8084C41F8104CE8696B6114393E
:10CA0000FCF7D2F9002891DA2B49214A214840F25B
:10CA1000AA2308F0AEF840F2AA213AE7002464F015
:10CA20007F00C0B2FFF786FD48B91849184A194877
:10CA300040F2312308F09DF840F2312129E7037AD2
:10CA400013B1407A01F04CFD0134082CE7D195F880
:10CA500054311BB195F8550101F042FD0024E0B2BC
:10CA6000FFF768FD50BB0949094A0A4840F24323D1
:10CA700008F07FF840F243210BE700BFDC190020EB
:10CA8000F8060020107D030048650300D07C0300F9
:10CA9000917C030057680300367D03005C7D030032
:10CAA00000700240E0190020141A00200000AD0BB5
:10CAB000787D0300FC19002012720300037A13B181
:10CAC000407A01F00DFD0134082CC8D195F874327C
:10CAD0001BB195F8750201F003FD002000F010FE77
:10CAE000012385F825302B68002B3FF41FAF002170
:10CAF000022098471AE7002485F8254001F030FC11
:10CB0000FFF774FDA04209DA4849494A494840F212
:10CB1000C22308F02EF840F2C221BAE62B68002B9F
:10CB20003FF404AF21460420E3E7002A3FF4FEAEC1
:10CB300000F024FE2B68002B3FF4F8AE0021052006
:10CB4000D7E72B68002B3FF4F1AE002A3FF4EEAE9E
:10CB500000210620CDE708F110044FF0FF334FF01D
:10CB6000FF32204608F0D0FCFFF7A4FD204608F075
:10CB7000CDFC58F8283C002B3FF4D8AE0021012012
:10CB8000B7E795F8743263B1012485F8894285F8D6
:10CB90008842FFF7EFFD60B9274A2848214608F090
:10CBA000B1FC58F8283C002B3FF4C0AE00210A200D
:10CBB0009FE7234A047404738260FFF7F3FCFFF7D6
:10CBC000E9FCEEE71F4A1D48012108F09BFC09F033
:10CBD00022F801F0C5FB00F0A9FCFFF7BDFDFFF74F
:10CBE00069FD48B11849124A124840F2864307F0DD
:10CBF000C0FF40F286414CE609F006F8134800F009
:10CC000043FE134B98423FF491AE1249084A09483B
:10CC100040F28D4307F0ADFF40F28D4139E60E4AF8
:10CC20000648012108F032FA80E600BF12720300C4
:10CC3000917C0300576803009E7D03004865030054
:10CC4000481C0020B27D03001E73030025CD0200A6
:10CC50000000AD0BDA910300C97D0300F7B58778BA
:10CC600006463846FFF766FC3B06F47805461DD5B8
:10CC700054B1032C06D0284A2848009723460121A6
:10CC800008F00EFA03B0F0BDFFF774FD034600286C
:10CC9000F8D00122AC770274032202739D60FFF783
:10CCA00081FC03B0BDE8F040FFF774BC54B1012C27
:10CCB000E1D1FFF75FFD03460028E3D06C770474F1
:10CCC0000473EBE7FFF756FD0028DBD0B278144B76
:10CCD00012F0800F02F0080111D041B1D3F8A8364C
:10CCE000EB6001230374022303738560D7E702F02E
:10CCF0000F02142101FB0233D3F80836F0E711B11B
:10CD0000D3F8A837ECE702F00F02142101FB02333D
:10CD1000D3F80837E4E700BFE17D0300486503006E
:10CD200000700240F0B514228BB0064600210DEBD6
:10CD3000020009F04BF93378013B052B21D8DFE8DD
:10CD400003F096031414861603238DF81C30002478
:10CD5000FFF710FD0346A0B1047400F10802DDE9FD
:10CD6000070182E80300184626E00423EDE7B778C0
:10CD70003846FFF7DFFB837A054623B1013B022BE0
:10CD80005FD90BB0F0BD3B06F4781CD54CB1032C39
:10CD9000F7D0384A384800972346012108F080F937
:10CDA000EFE7FFF7E7FC03460028EAD00122AC7763
:10CDB0000274032202739D60FFF7F4FB0BB0BDE821
:10CDC000F040FFF7E7BB54B1012CE2D1FFF7D2FCF2
:10CDD00003460028D5D06C7704740473EBE7FFF7A3
:10CDE000C9FC04460028CCD0022301270373077432
:10CDF0008560B07805F10C0108F0B2FB034680B104
:10CE00001E4A1D48394608F041F91D491D481E4A71
:10CE100040F29D3307F0ADFE1B4840F29D3107F014
:10CE20009FFE1A49E868B1F88C22824206D9121A8C
:10CE3000A1F88C2201F08EF92046BDE7A1F88C32D2
:10CE4000FAE730460BB0BDE8F040FFF707BF03A894
:10CE500001F05EF99DF80D30052B04D19DF80C30E2
:10CE600013F0600F8DD00A4B0793012470E7022462
:10CE70006EE700BFE17D0300486503000D7E0300FF
:10CE8000DA91030057680300917C0300DC1900204D
:10CE9000481B002038B5164D95F824402CBB05F1F1
:10CEA000380008F089FF204601F0F0FC22460121FD
:10CEB000E8612720FEF7EAFF08F0A6FEFFF7FAFB7D
:10CEC000044610B9012385F824300A4B1B680BB1C6
:10CED000FFF760FB4FF08043D3F83834DB0702D50F
:10CEE0000020FFF77FFC204638BD0024FBE700BF91
:10CEF000DC190020BC07002008B5104B93F8242053
:10CF0000BAB193F82530A3B10D4BD3F87034DBB22E
:10CF1000834211D00B490C4A0C4840F2595307F098
:10CF200028FE0B4807F025FE074840F2595107F04C
:10CF300017FE6FF0120008BD0020FCE7DC1900208E
:10CF4000007002402D7E0300917C030057680300AF
:10CF5000677E030008B50378027903F00F0142B938
:10CF600091B10D4A01210D4808F0CCFA4FF0FF3085
:10CF700008BD082901D90A4AF4E7012A04D11B0790
:10CF800007D4084A0221EEE713F00800F0D0064A61
:10CF9000F8E70020ECE700BF807E0300486503004F
:10CFA0009F7E0300BE7E0300D47E030038B5134B82
:10CFB00093F824300446EBB105782846FFF7BAFA17
:10CFC00088B14572237983726388436020786188D1
:10CFD00010F0080F0AD14B1E0B4207D0084A09482F
:10CFE000012108F08FFA6FF0150038BD00F0FCFB4E
:10CFF0000020FAE76FF01200F7E700BFDC1900200D
:10D00000F17E03004865030038B5154B93F82420E2
:10D0100005460AB393F82530F3B1FFF78BFA0446BF
:10D0200010B96FF0150038BD817A01290FD007D9EA
:10D030000239012907D96369A3610020E060F2E7A2
:10D0400001F094F8F7E7284601F00AF8F3E7054AFB
:10D05000054808F057FAE4E76FF01200E3E700BF75
:10D06000DC190020197F03004865030038B50E4B1A
:10D0700093F82420054682B193F825306BB1FFF771
:10D0800059FA68B115F008040AD1284601F020F8D1
:10D09000284601F05DFA204638BD6FF01200FBE72C
:10D0A0006FF01500F8E700BFDC19002038B50C4B15
:10D0B00093F8242005460C4662B193F825304BB115
:10D0C000FFF738FA48B144B1284600F0E7FF207076
:10D0D000002038BD6FF01200FBE76FF01500F8E795
:10D0E000DC19002070B5134E96F824300446C3B105
:10D0F000FFF720FA0546B8B1230705D4204600F013
:10D10000E7FF204601F024FA2B7A83B901232B7222
:10D1100096F825300BB9002070BD204601F0E0F9EB
:10D12000F9E76FF01200F7E76FF01500F4E76FF022
:10D130007700F1E7DC1900202DE9F043DFF8F480F7
:10D140001E4698F8243085B0074689461546002BC0
:10D150006DD098F82530002B69D003060BD5FFF76A
:10D16000E9F9044638B1037A5BB9334A33483B46A0
:10D17000012107F08BFF6FF01504204605B0BDE8D4
:10D18000F0834FF0FF334FF0FF3208F1380008F022
:10D19000BBF9A37F33B108F1380008F0B7F96FF09D
:10D1A0000A04EAE7A37A05B37BB30123A3774FF020
:10D1B000000801A93846CDE90195CDF80C8000F0B2
:10D1C000DFFB1F4A904203462DD084F81E800EB12B
:10D1D000C6F800801B4A1948012107F057FF6FF07D
:10D1E0000404194808F092F9C7E7E27F02B1E57735
:10D1F000002BDAD100F0C0FF8742D6D000F0B0FF9C
:10D20000114808F083F90024B7E7B8F80A309D42C6
:10D21000F0D26268B5FBF2F302FB1353002BE9D1A5
:10D220000123E377E6E706B135600024D9E76FF024
:10D230001204A2E7DC1900203B7F030048650300CD
:10D240000000AD0B5A7F0300141A00202DE9F041B5
:10D250001D46254B174693F8242080460E46002A8B
:10D260003FD093F82530002B3BD010F0800F0ED12B
:10D2700001B967B94046FFF75DF9044638B1037A52
:10D2800043B91A4A1A484346012107F0FFFE6FF0DE
:10D29000150013E04FF0FF3316484FF0FF3208F04F
:10D2A00033F9E3689F42B84628BF984646B93FB96C
:10D2B00005B12B600F4808F029F90020BDE8F08186
:10D2C000A1694246304608F073FEA3694344A36156
:10D2D000E368A3EB0803E360002DEBD0C5F8008002
:10D2E000E8E76FF01200E9E7DC1900203B7F03005C
:10D2F00048650300141A002070B5224D95F82430BB
:10D300000646002B3AD095F82530002B36D0030680
:10D310000BD4FFF70FF9044638B1037A43B91A4A20
:10D320001A483346012107F0B1FE6FF0150070BDB9
:10D330004FF0FF334FF0FF3205F1380008F0E4F80A
:10D34000E368B3B9012663692677A361637F83B17C
:10D35000FFF710FA30B905F1380008F0D7F86FF090
:10D360000B00E4E7067484600673FFF71BF9FFF710
:10D3700011F9074808F0CAF80020D8E76FF012004A
:10D38000D5E700BFDC1900203B7F030048650300A0
:10D39000141A002010B5084B93F824300C462BB11A
:10D3A000FFF7C8F828B10460002010BD6FF012002C
:10D3B000FBE76FF01500F8E7DC190020014B18605F
:10D3C000704700BFDC19002008B5074B93F82430E4
:10D3D00023B1FFF7AFF820B1406808BD6FF012002D
:10D3E000FBE76FF01500F8E7DC1900204FF08053E1
:10D3F000D3F83021082A06D1D3F83431052B04D8CC
:10D40000034AD05C7047002070470120704700BF7E
:10D410000F830300EFF31180202383F31288BFF3FF
:10D420006F8F0A4BD3F8001C032261B949F27531A2
:10D43000C3F8001CC3F8142DC3F8001C80F3118836
:10D44000BFF36F8F7047C3F8142DF7E700E0064075
:10D45000EFF31180202383F31288BFF36F8F0A4B01
:10D46000D3F8001C61B949F27532C3F8002CC3F837
:10D47000141DC3F8002C80F31188BFF36F8F704721
:10D480000022C3F8142DF6E700E0064000F00F027A
:10D49000082A08B50BD90B490B480C4A4FF4D7732F
:10D4A00007F067FB09484FF4D77107F059FB084BA9
:10D4B00010F0800F03F1D80118BF0B46182000FBB5
:10D4C000023008BDC87F030057680300807F030057
:10D4D000AC22002008B500F00F03082B0BD9094936
:10D4E00009480A4A40F2C11307F043FB074840F2DB
:10D4F000C11107F035FBC043C0F3C01003EB0010AF
:10D5000008BD00BFC87F030057680300807F030089
:10D510004FF08053D3F83031082B02BF024B00226A
:10D52000C3F81C2C704700BF0070024008B50A4BBE
:10D530001A78012A0BD0094909480A4A40F2744373
:10D5400007F017FB074840F2744107F009FB064952
:10D5500000220A601A7008BDF22700202280030012
:10D5600057680300807F03006424002010B5584CE6
:10D570002378012B0BD05749574A584840F27C4337
:10D5800007F0F7FA40F27C41534807F0E9FA544BB0
:10D590004FF40062C3F80024FFF728FF08B1FFF73B
:10D5A00039FF4FF08053D3F83031082B18D1EFF307
:10D5B0001180202383F31288BFF36F8F494BD3F878
:10D5C000001CC02200296ED149F27531C3F8001C3D
:10D5D000C3F8142CC3F8001C80F31188BFF36F8FBD
:10D5E0003F4B0122C3F80025D3F800241205FBD5D8
:10D5F0004FF40062C3F800244FF08053D3F8303169
:10D60000082B17D1EFF31180202383F31288BFF387
:10D610006F8F344BD3F8001C002947D149F2753283
:10D62000C3F8002CC3F8141CC3F8002C80F3118835
:10D63000BFF36F8FFFF7DAFE30B1FFF709FFFFF797
:10D64000D5FE08B1FFF7E6FE4FF08053D3F8303136
:10D65000082B234B0AD140F2E372C3F80028402282
:10D66000C3F80428BFF36F8FBFF34F8F8022C3F836
:10D670001C250122C3F830251B4B40F2FF121A6013
:10D680001A4B002119601A4B19701A4B9B68012B19
:10D6900010D01949104A11484FF4956307F069FA00
:10D6A0004FF4956170E7C3F8142C95E70022C3F896
:10D6B000142CBBE7FFF72CFF104B197002232370CB
:10D6C000FFF794FE18B1BDE81040FFF7C1BE10BDD2
:10D6D000F227002022800300807F030057680300A8
:10D6E0000070024000E00640602400205C2400201E
:10D6F000EE2700208C0700204C800300F02700203C
:10D7000010B5114B1B78022B0BD010491048114A51
:10D7100040F2DC4307F02DFA0E4840F2DC4107F0FE
:10D720001FFA0D4B0D4C00221A700D4A0D4B0028AC
:10D7300008BF1346C4F800332720FEF777FB012308
:10D74000C4F8043510BD00BFF2270020718003002B
:10D7500057680300807F0300F1270020007002401B
:10D76000FDFFDF01FDFFFF01034B1878012894BF87
:10D7700000200120704700BFF227002010B54FF0B5
:10D78000FF324FF0FF33154803F0BCFFEFF3118178
:10D79000202383F31288BFF36F8F114B1B7803F0A4
:10D7A000FF0483B10F4BD3F8002412F400720AD1A6
:10D7B0000120C3F82C05D3F82C05D3F8000480050C
:10D7C00002D5C3F82C25002481F31188BFF36F8F95
:10D7D000024803F019FF204610BD00BF8C0700204F
:10D7E000F1270020007002404B1E0B4210B500F0E4
:10D7F00008030C460DD0010720D11D491D4A1E48C3
:10D8000040F2695307F0B5F940F26951194807F041
:10D81000A7F999B9020709D11849164A164840F2E2
:10D820006B5307F0A6F940F26B51EFE713B1144BBD
:10D83000D3F81C35FFF72AFE848210BDABB1104B24
:10D84000D3F81C1540F2FF3240F2FF13802918BFB5
:10D8500013469C42EED90B49064A074840F26D53E5
:10D8600007F087F940F26D51D0E7402CF2E700BF96
:10D870009A800300807F030057680300CC80030078
:10D8800000700240ED800300F8B558B921492248E4
:10D89000224A40F24D4307F06CF9204840F24D41D6
:10D8A00007F05EF91E4B1C7894BB1E4A10600122E3
:10D8B0001A7040F2FF17264664F07F0514F0080F37
:10D8C000EDB214BF394640212846FFF78DFF2846A8
:10D8D000FFF7DCFD0134092C867506730661EBD178
:10D8E000002440F2FF17254614F0080FE6B214BFDB
:10D8F000394640213046FFF777FF3046FFF7C6FD37
:10D900000134092C857505730561EDD10648F8BD14
:10D910000648FCE74F81030057680300807F03003F
:10D92000F2270020642400200000AD0B0500AD0BA1
:10D9300008B543B200F00F0008280BD90C490D4878
:10D940000D4A40F2815307F014F90B4840F281511F
:10D9500007F006F9002B094BB4BFD3F81025D3F814
:10D96000142501238340134214BF0120002008BD69
:10D97000C87F030057680300807F030000700240E7
:10D980002DE9F84381460C46FFF7A4FDEFF311881B
:10D99000202383F31288BFF36F8F5CB92749284A8D
:10D9A000284840F2BC5307F0E4F840F2BC51244848
:10D9B00007F0D6F819F00F0F03D1234B1B784B4516
:10D9C00038D1224B224F1B683D68DB4301269BB2B6
:10D9D00086402B4333422FD14846FFF757FD19F0BD
:10D9E000800F034610D1226872B102F06042B2F19A
:10D9F000005F09D01749124A12484FF4BA6307F082
:10DA0000B8F84FF4BA61D2E701221A7394E807001C
:10DA100083E8070000221A619A750F4B0F483543BF
:10DA200080223D60C3F8042188F31188BFF36F8F13
:10DA3000BDE8F8830A48F7E70A48F5E75D81030087
:10DA4000807F030057680300F02700206024002037
:10DA50005C2400207781030000E100E00000AD0BB2
:10DA60000A00AD0B0B00AD0B10F0080F074B06D0F2
:10DA7000D3F8C00410F4803F18BF0020704700F0B6
:10DA80000F0000F5947053F82000704700700240BA
:10DA90002DE9F74FA14BA24DD3F85421DAB1002262
:10DAA000C3F85421D3F80413890214D58DF8042047
:10DAB000D3F82025ADF80620D3F8C034002B2B680E
:10DAC00014BF4FF001224FF4807213432B60954B2B
:10DAD00001A81B689847914BD3F8604134B10022EC
:10DAE000C3F86021D3F86C44C3F86C44D3F8282100
:10DAF0004AB10022C3F828218B4B1878FFF7EAFCC3
:10DB0000012383401C43894F97F8008097F90090C8
:10DB100008F00F03082B0BD98549864A86484FF435
:10DB2000917307F026F84FF49171824807F018F8C6
:10DB300018F00801814E42D1B9F1000F2FDA804A66
:10DB400052F8230020B342F823101422534303F168
:10DB5000804303F51C33D3F808367A4A117803F072
:10DB600001034B401370FFF7D3FC774803F04CFDE3
:10DB70004046FFF78BFC837D032B38D14046FFF7EF
:10DB8000A9FC012303FA00F0336823EA00033360A1
:10DB9000DFF890A14FF001084FF006095DE06B4AF5
:10DBA00052F823000028F3D042F8231014225343E4
:10DBB00003F1804303F51C33D3F80837CDE7B9F1FF
:10DBC000000F564B09DBD3F85021002AE0D0002289
:10DBD000C3F85021D3F8A837BFE7D3F82C21002A87
:10DBE000D6D00022C3F82C21D3F8A836B5E7037BA2
:10DBF000E3B94046FFF76EFC012303FA00F03368F7
:10DC0000B9F1000F23EA0003336002DAB8F1880F9C
:10DC1000BED106238DF8043000238DF80730414B28
:10DC20008DF806801B6801A89847B1E7B8F1000F8E
:10DC3000AED13A4B0122DA64AAE794FAA4F02A683A
:10DC4000B0FA80F008FA00F31A430F282A6024EA99
:10DC5000030432684ADD134257D0002CEDD12F4B1C
:10DC6000D3F800215AB1C3F80041394B1C702E4B38
:10DC70001C70012301932B4B01A81B689847274B6D
:10DC8000D3F85821002A72D00022C3F85821D3F8C3
:10DC90000044C3F80044E20508D52D4B01221A7058
:10DCA000022301931F4B01A81B689847A30508D5C1
:10DCB000274B00221A70032301931A4B01A81B68FB
:10DCC0009847600553D5224A1378002B4FD0134B49
:10DCD000D3F82C1500293FD01E49164A164840F2A9
:10DCE000F52306F046FF40F2F5211EE71340B4D1BC
:10DCF00060F07F018DF804908DF806108DF80730E4
:10DD0000DAF8003001A89847A7E7A0F110018DF8D4
:10DD100004908DF806108DF80780F1E7007002403E
:10DD20006024002064240020F0270020EF2700203A
:10DD3000C87F0300807F0300576803005C24002035
:10DD400008710240EE2700208C070020307102404D
:10DD5000F1270020E281030011700122C3F8082599
:10DD60009A6504230193B04B01A81B689847AF4BF9
:10DD7000D3F85C31FBB1AE4B9B6813B93B785906C5
:10DD800019D0AA4B0022C3F85C21D3F88034A94AE9
:10DD900023F07F031370336823F0011333602B6883
:10DDA00023F4803343F001032B60052301939E4B42
:10DDB00001A81B68984732682B681A4200F023813B
:10DDC0009B480022002303F09DFC002840F01B81AB
:10DDD000964BD3F82C35002B00F09E80944803B06E
:10DDE000BDE8F04F03F010BC49F0800B5846FFF738
:10DDF0004DFB037B0446002B00F0AE804368B0F877
:10DE000014800168984528BF984601F06043B3F13B
:10DE1000005F24D12268636842442260A268A3EBB9
:10DE20000803D2074FFA8BF0636040F1AC80B8F181
:10DE3000000F40F0AB8000232373A7E05846FFF7A4
:10DE400013FEB4F814C060451CD97B497B4A7C485A
:10DE500040F2631306F08DFE40F2631165E6B8F1FF
:10DE6000400F09D97749754A75484FF4C17306F0D8
:10DE700080FE4FF4C17158E67348424608F098F8A6
:10DE80007149C7E7236873B103F06043B3F1005FE2
:10DE900009D06E49694A6A484FF4B27306F069FEC8
:10DEA0004FF4B27141E66368226898429BBF1B1A27
:10DEB00002EB000E4FF0000863609CBFC4F800E066
:10DEC00080466045114610D1003B18BF012372B94E
:10DED000B8F1000F55D05E49584A59484FF45A736B
:10DEE00006F047FE4FF45A711FE60023EFE7404566
:10DEF0003CD9012303FA09F32AEA0303022233601F
:10DF00000623A2758DF80430474B8DF806B01B68C8
:10DF10008DF8072001A89847D6F800A02B681AEAC8
:10DF200003093FF45BAF19F0012314BF93FAA3F97F
:10DF300099FAA9F9B9FA89F9B9F10F0F7FF654AF37
:10DF4000A9F1100B5FFA8BFB5846FFF79FFA037B92
:10DF50000446002B7FF472AF3E49384A384840F2FD
:10DF6000573306F006FE40F25731DEE509D03A4954
:10DF7000324A334840F2793306F0FBFD40F2793102
:10DF8000D3E54FFA8BF0002B3FF455AF4FF08053A1
:10DF90000126D3F83031082B02BF244B8222C3F86C
:10DFA0001C2C2B6887F800B006FA09F923EA09034C
:10DFB0002B602369434423610BF00F04082C09D91B
:10DFC00026491E4A1E484FF4A47306F0D2FD4FF4B2
:10DFD000A471AAE51BF0080F144B17D100284FF0CD
:10DFE000140202FB0432A9BF0A3403EB8403C2F813
:10DFF0000017C2F80487AFBF43F82460C2F80016C8
:10E00000C2F804865E6003B0BDE8F08F0028B5BF9B
:10E01000C3F8A016C3F8A017C3F8A486C3F8A48752
:10E02000B4BF5E629E64EEE764240020007002408C
:10E030008C070020F02700202C820300807F030043
:10E04000576803001E8203006C22002041820300F7
:10E050009182030003820300A4820300C87F0300AF
:10E0600008B503070BD5094909480A4A40F2076376
:10E0700006F07FFD074840F2076106F071FD064B90
:10E0800040F48070C3F8180508BD00BFBD820300CE
:10E0900057680300807F030000700240030713D419
:10E0A00000F00F0310F0800F084A0BBF03F58873D0
:10E0B00003F5847302EB830252F8230008BF506813
:10E0C000003818BF012070470020704700700240E0
:10E0D00008B503070BD50A490A480B4A40F22963E1
:10E0E00006F047FD084840F2296106F039FD074B6C
:10E0F000C3F80C0540F48070C3F80C0508BD00BFE0
:10E10000BD82030057680300807F03000070024057
:10E110000023036043600E4BD3F880240270D3F8D1
:10E1200084244270D3F88824D3F88C1442EA012264
:10E130004280D3F89024D3F8941442EA01228280DA
:10E14000D3F89824D3F89C3442EA0323C380704761
:10E1500000700240014B0122DA64704700700240F7
:10E16000014B01221A65704700700240014B0122E9
:10E170005A65704700700240014B1878704700BF25
:10E18000F027002038B50446EFF31185202383F3F0
:10E190001288BFF36F8F03060BD512491248134A3A
:10E1A00040F2536306F0E5FC104840F2536106F07C
:10E1B000D7FCFFF78FF90E4A012303FA00F013682A
:10E1C00023EA0003136014F0080201BF04F00F04F7
:10E1D000084B04F5947443F8242085F31188BFF3A9
:10E1E0006F8F38BDD082030057680300807F030023
:10E1F00060240020007002402DE9F04F044685B0F5
:10E20000EFF31187202383F31288BFF36F8FFFF79B
:10E210003DF914F0800F414E05462BD12046FFF703
:10E2200059F9D6F800804FF0010909FA00F030EAF8
:10E2300008000BD02046FFF7A5FF0323AB7587F33B
:10E240001188BFF36F8F05B0BDE8F08F28732046AB
:10E25000FFF740F909FA00F028EA00003060204694
:10E26000FFF738F92E4A136809FA00F923EA09037F
:10E270001360E2E7230715D4802C2A4B41D004F029
:10E280000F0202F2DA325200C3F80028D3F8042851
:10E29000D3F80418D2B242F002020A43C3F80428A9
:10E2A000D3F80438DFF87890D6F800B0D9F800A099
:10E2B00020466BEA0A030193FFF70CF94FF00108BF
:10E2C000019B08FA00F00342B9D02BEA000030604D
:10E2D0002046FFF7FFF800232B73032308FA00F80A
:10E2E000AB758DF80F30104B8DF80E4048EA0A00E0
:10E2F0000622C9F800001B688DF80C2003A8984777
:10E300009DE740F2B472C3F80028D3F80428D3F88C
:10E310000418D2B242F00402BFE700BF5C24002020
:10E3200060240020007002406424002038B50446B8
:10E33000094D4FF0FF324FF0FF33284603F0E2F96A
:10E340002046FFF759FF284603F05EF9034B802271
:10E35000C3F8042138BD00BF8C07002000E100E0B5
:10E360002DE9F0413B4D2B785BB93B493B4A3C489A
:10E3700040F2BA4306F0FDFB40F2BA41374806F0DE
:10E38000EFFB4FF0FF3337484FF0FF3203F0BAF99D
:10E390002B78022B09D03449304A314840F2FC43F3
:10E3A00006F0E7FB40F2FC41E8E7304B8022C3F87F
:10E3B00084212720FDF75CFDA0B12D4F2D4B3C683B
:10E3C0001B68240C24041C434FF0010864BB2A4E34
:10E3D00040F2FF133B602720C6F80445FDF734FDEB
:10E3E000C6F80043254A13788BB1234B0021C3F8AC
:10E3F00008110121C3F80026C3F804165960D3F8A8
:10E4000008110029FBD00021C3F8081111701A4B24
:10E410000022C3F80025FFF77BF8124803F0F4F858
:10E4200001232B70BDE8F08194FAA4F6B6FA86F6C3
:10E430000F2E3046C6BFA6F11000C0B240F08000DB
:10E44000030701D4FFF7D8FE08FA06F624EA06040B
:10E45000BCE700BFF2270020E3820300807F0300B7
:10E46000576803008C0700207180030000E100E082
:10E47000602400205C24002000700240EE27002071
:10E4800010B504464FF0FF324FF0FF33114803F050
:10E4900039F92046FFF7B0FE04F00F020123934044
:10E4A0000D4A14F0800F14BFD2F81015D2F81415CD
:10E4B0006FEA030315BF0B400B40C2F81035C2F8DA
:10E4C0001435044803F0A0F8044B8022C3F804215B
:10E4D00010BD00BF8C0700200070024000E100E08A
:10E4E00070B50446FFF724FA68B904F00F0201255D
:10E4F00014F0800F144B05FA02F205D0D3F8101572
:10E500000A43C3F8102570BDD3F814150A43C3F8A5
:10E510001425631E062BF6D8EFF31186202383F310
:10E520001288BFF36F8F2046FFF72CFE2046FEF7C0
:10E53000D1FF064A1368854023EA0503136086F37A
:10E540001188BFF36F8FDEE7007002405C2400206B
:10E55000020710B504460BD50B490C480C4A40F293
:10E560000F6306F006FB0A4840F20F6106F0F8FA66
:10E57000030605D4FFF792FD10B12046FFF702FE17
:10E58000044BC3F8184510BDBD8203005768030053
:10E59000807F03000070024037B50C460A490B4AE1
:10E5A000411A40230093491105462346084806F0C6
:10E5B000EEFF011E05DA2846234603B0BDE83040D1
:10E5C000184703B030BD00BF7C240020F75503007E
:10E5D00078610300C9B2012908B509D90849094879
:10E5E000094A7F2306F0C5FA07487F2106F0B8FAEA
:10E5F00003690C2201FB0233986C00F0070008BD90
:10E6000062830300576803002583030070B5C9B215
:10E61000012903690BD918491848194A40F2D11346
:10E6200006F0A7FA164840F2D11106F099FAEFF376
:10E630001185202484F31288BFF36F8F0C2606FB0C
:10E640000134A46C14F0C00408D0A24206D085F3B3
:10E650001188BFF36F8F4FF0FF3070BD71430B44D3
:10E6600001229A6485F31188BFF36F8F43680B44CE
:10E670005B6898470020F0E7628303005768030057
:10E680002583030070B50D460649411A0446491119
:10E6900005484022FFF7BAFF2B4601462046BDE859
:10E6A000704018477C24002078610300002270B578
:10E6B000012104461046FDF7E9FB0F4801F06EF911
:10E6C0000E4B984215D101F079F926690C49304674
:10E6D00006F0BCFB00280BDB0125B5642469084962
:10E6E00004F1200006F0B2FB002801DB6565002084
:10E6F00070BD6FF00400FBE7B9E702000000AD0B4E
:10E700005C6603001FB500220123CDE90223094AFC
:10E71000CDF800D06B46CDF804D006F065FF002898
:10E7200005DB4FF480420023684602F0EBFF05B0A2
:10E730005DF804FB0F56030010B5EFF3118420239E
:10E7400083F31288BFF36F8F074A136823F0020127
:10E75000DB07116002D4012001F0CEF984F31188A7
:10E76000BFF36F8F10BD00BFD424002030B4104B16
:10E770000C2202FB003301460020D3E9105218643A
:10E78000EFF31180202484F31288BFF36F8F9C6C09
:10E7900004F0C00444F002049C6480F31188BFF3C9
:10E7A0006F8F1DB12B46034830BC184730BC7047F3
:10E7B0007C24002078610300012808B506D00328D6
:10E7C00008D098B90F4B9B6C5B0719D1BDE8084086
:10E7D000FFF7CCBF0C490D4A0D484FF43D7306F0CE
:10E7E000C8F94FF43D71094806F0BAF90649074ADD
:10E7F00007484FF4417306F0BCF94FF44171F2E75A
:10E8000008BD00BF7C240020DA91030025830300AB
:10E810005768030010B4EFF31182202383F31288AA
:10E82000BFF36F8F1748016841F002040460C80706
:10E8300007D482F31188BFF36F8F012010BC01F061
:10E84000E9B84FF08041D1F80C04D1F80C14C90795
:10E85000EFD5EFF3118083F31288BFF36F8F0A496E
:10E860008B6C03F0C00343F002038B6480F31188C8
:10E87000BFF36F8F82F31188BFF36F8F002010BC3E
:10E88000FFF774BFD42400207C240020024BC0B2C8
:10E8900003EB4010704700BF7C2400202DE9F041BD
:10E8A0004449BFF35B8F0646012251E8003F41E82F
:10E8B00000200028F9D1BFF35B8FA3B93E493F4840
:10E8C0004B60CB608A60FAF76FFA00280BDA3C499C
:10E8D0003C4A3D484FF4297306F04BF94FF4297137
:10E8E000384806F03DF976B3731E012B58D8012E37
:10E8F00007D14FF08043D3F81C3403F00303012BFE
:10E9000021D007F0A5FA0546F8B9304B1B78E3B1E2
:10E910004FF080430222C3F808230746DFF8B08097
:10E920004FF08044D4F81824D4F81834D20315D505
:10E9300003F00303012B01D0012E0FD155B387F350
:10E940001188BFF36F8FBDE8F081EFF311872023AB
:10E9500083F31288BFF36F8F0125DFE7ADB138462F
:10E9600006F093FDD4F81835002BDBD1D4F8042140
:10E97000002AD7D0C4F80431D4F804310123C4F8F4
:10E980001835C8F88031A360CCE70021212004F0BD
:10E9900001FAE7E74FF080430222C3F80423D2E7ED
:10E9A0000C49084A084840F2B62306F0E2F840F263
:10E9B000B62195E778240020682400209C240020BC
:10E9C00012720300258303005768030018280020F3
:10E9D00000E100E0DA91030010B5044C2046F9F79D
:10E9E0000BFD2046FDF74AFD002010BDF1E90200B5
:10E9F00073B5104E8DF807000446032501220DF172
:10EA00000701002001F020FF20B1012333702046D0
:10EA100002B070BD3378002BF9D0013D08D007F06B
:10EA200017FA0028EAD10021422004F0B3F9E5E703
:10EA30003570ECE7F327002010B5036961B9204970
:10EA4000204A21483F2306F094F8204806F091F828
:10EA50003F211C4806F084F8486850B91C49194AFF
:10EA60001948402306F085F81A4806F082F840213C
:10EA7000EFE75868F8B1884219D19C680868586077
:10EA8000A14200D19860002008602AB15A680A604B
:10EA90009A68596002B99960002010E0814206D15D
:10EAA0000868206098688142EDD19C60EBE70446DD
:10EAB00000680028F2D1002AE8D16FF0150010BDDF
:10EAC000EB830300AF83030057680300F483030064
:10EAD000038403001584030008B50368590902463E
:10EAE00014D0012906D103F01F034FF6FF71D9405E
:10EAF000C80713D40B490C480C4A40F2CA3306F03D
:10EB000038F80A4840F2CA3106F02AF84FF0FF31CF
:10EB1000D940C907EED54FF0A04000E0044813608B
:10EB200008BD00BF5F840300576803002C84030006
:10EB300000030050F0B54068057B01F01F0444EA73
:10EB40004514056987B0002D78D0B2F5001F00F19B
:10EB5000100506D12146284607F048F8002007B0E6
:10EB6000F0BD01AE0027B2F5800F0197776034D178
:10EB7000B3F1007F14BF052304238DF80430002374
:10EB8000CDE9046303938368CB40D9073AD4B2F14B
:10EB9000A07F37D168460094FFF79EFF009B03F5E6
:10EBA000E07350F82330DB072CD46A462146284610
:10EBB00001F0C6FA244B98421AD0CDF808D003AA27
:10EBC0002146284601F07EF9204B984239D1012296
:10EBD0002146284601F02EFBC0E7B3F1C06F05D0F7
:10EBE000B3F1007F14BF01230223C6E70323C4E768
:10EBF0006946284601F016FB144B9842DDD06FF0B1
:10EC00000B00ACE76A462146284601F099FA0F4B03
:10EC100098420646D3D19DF80010284601F0FAFA32
:10EC2000B042CCD00A490B480B4A40F2E11305F040
:10EC3000A0FF094840F2E11105F092FF6FF0850056
:10EC40008DE76FF015008AE70400AD0B0000AD0BF7
:10EC5000AE84030057680300828403002DE9F0436B
:10EC6000466840F20635337BD00687B001F01F07B7
:10EC700002EA050547EA431754BFC2F340130323D2
:10EC8000B5F5837F14468DF8033044D00FD8062D98
:10EC900018D007D8B5B1022D3FD06FF0150007B0DE
:10ECA000BDE8F083B5F5807FF7D101250AE040F299
:10ECB0000222954233D0B5F5407F32D0B5F5007FC2
:10ECC000EBD1022522032ED5726801238B40C2F8B6
:10ECD000083533697BBB03A80397FFF7FDFE039B51
:10ECE00000EB830084F48033C3F30043C4F3404457
:10ECF000D0F8002744EA43049DF8033022F4E1628F
:10ED000044EA830422F0070244EA05231343C0F8CF
:10ED100000370020C3E70725D4E70425D2E70525FF
:10ED2000D0E70325CEE7630341BF012372688B4020
:10ED3000C2F80C35CDE710360DF1020239463046E7
:10ED400001F0FEF914F4403F804617D139463046B1
:10ED500006F04AFF244B9845DBD19DF8021030465F
:10ED600001F058FA4045D4D020492148214ADE23F9
:10ED700005F0FFFE1F48DE2105F0F2FE01AB4FF06B
:10ED8000000903AA39463046CDE90439CDE9019995
:10ED9000CDF80C9001F096F8134B98427FF47DAFBC
:10EDA00014F4003315D09DF803308DF80E3084F440
:10EDB0008034C4F300444B4603AA394630468DF8EC
:10EDC0000C508DF80D4001F039F9074B9842C1D035
:10EDD00063E7CDE9043303AA0DF103033946304656
:10EDE000039301F06FF8F0E70000AD0BAE84030071
:10EDF0005768030082840300420970B5034602D0BD
:10EE0000012A1ED070BD144E326951680029F9D014
:10EE100003F01F0301250C689D400029F2D08A6889
:10EE20002A4012D04B6873B90C490D4A0D4864232F
:10EE300005F09FFE0C4805F09CFE0948642105F092
:10EE40008FFE0A4EE0E7304698471CB12368214602
:10EE50001C46E2E72346FAE7B8610300C2840300D8
:10EE6000AF83030057680300158403009861030013
:10EE700038B545682B69B3B11035284601F0C0F9A3
:10EE8000044680B90146284601F086F9084B9842AD
:10EE90000BD108492246284601F04CF922460521AB
:10EEA0000620FCF7F3FF002038BD6FF00400FBE7FD
:10EEB0000000AD0BF9ED020008B5036859090246E0
:10EEC00014D0012906D103F01F034FF6FF71D9407A
:10EED000C80713D40B490C480C4A40F2CA3305F05A
:10EEE00048FE0A4840F2CA3105F03AFE4FF0FF31C1
:10EEF000D940C907EED54FF0A04000E004481360A8
:10EF000008BD00BF5F840300576803002C84030022
:10EF1000000300502DE9F04FDFF890B185B01546A1
:10EF2000824600EB810840F2FF19D04503D1002052
:10EF300005B0BDE8F08FDAF800305804C3F3C32100
:10EF4000C3F3080400F1AC80594A1B0E575C4C45D2
:10EF500008BF4FF0FF34222B00F2A580DFE803F05A
:10EF600012191F22252B22A3A3A3A33B68A3A3A3AB
:10EF7000A3A3A3A3A3A36B818487A3A3A38A919430
:10EF8000979A9D00C5F80C45621C5ED10AF1040AEF
:10EF9000CBE7C5F81445631CF8D000265FE0C5F840
:10EFA0000845F1E7C5F81045F5E7661CC5F80845C2
:10EFB000ECD0002604E0601CC5F80C45E6D0012624
:10EFC00003A80394FFF778FF039B012101FA03F3E1
:10EFD000C0F80C3508E0C5F80845002FDBD1631CEC
:10EFE000D4D0002631460627DAF80030019303F426
:10EFF0000040002818BF002103A8009118BF012677
:10F000000394FFF759FF039C019B009900EB8400D8
:10F01000C3F3412CD0F800473B0243EA8C030B4377
:10F0200004EA0B04234343EA4603C0F80037ADE784
:10F03000C5F80C45D1E7C5F86045611CDAF8003029
:10F04000A4D0C3F30043002BB9D003A80394FFF767
:10F0500033FF039B012606FA03F3C0F80835314657
:10F06000C2E7C5F86445E8E7C5F86845E5E7C5F8CF
:10F070006C45E2E7C5F82445621C87D000210126D3
:10F08000B2E7C5F828457FE7C5F83045F4E7C5F88D
:10F090003445F1E7C5F83845EEE7C5F83C4573E778
:10F0A0006FF0150044E76FF0850041E7F0F8FCFFD2
:10F0B000EA8403002DE9F843044645680E4606F04D
:10F0C000C7FE63684FF02009D3F8008088B9234A4F
:10F0D000127872B16427606806F0C7FBF0B90120AE
:10F0E00006F0D7FC013FF6D10021212003F052FEAB
:10F0F000F0E7EFF311810F4689F31288BFF36F8FAA
:10F10000606806F0B2FBA8B981F31188BFF36F8F76
:10F11000EFE781F31188BFF36F8FE5E7EFF311811C
:10F120000F4689F31288BFF36F8F606806F09DFB6E
:10F130000028EED06B685B0744BF4FF48003C8F82B
:10F140000433AB691E70A9690122204606F0C4FB96
:10F1500087F31188BFF36F8FBDE8F883182800206C
:10F16000F8B50022054601210220FCF78FFE02209F
:10F17000FCF75CFE6C680121E06806F086FB6B68BA
:10F180001A682369C2F82435617D237D0B43A17D74
:10F190000B43C2F86C356E68D6E9004313F00103E7
:10F1A0003AD02F6907F10C0006F07FFC274B9842FC
:10F1B00007D02748274A012105F05FFF6FF00400C0
:10F1C000F8BD387B04F10C0204F5907106F063FC85
:10F1D000387B012707FA00F000F05CFB0823C4F835
:10F1E0000035B369C4F844350023C4F84835A76036
:10F1F000D4F85831002BFBD00023C4F800356B68DD
:10F20000596811F0040105D1D86806F03EFB686822
:10F2100006F04AFB0020D3E70822C4F80025B269B3
:10F22000C4F84425C4F848350123A360D4F820313C
:10F23000002BFBD00023C4F82031D4F82031012367
:10F24000E3604FF48073C4F80433D1E70000AD0BE2
:10F2500040650300F284030070B40E49D1E9003424
:10F26000D01AC31844F1000422F07F46C1E90034EB
:10F27000A6F50013B3F5400F09D2074B1B681A0A15
:10F280001B069C19054B42F10005C3E9004570BC03
:10F2900004F064BAB00F0020F8240020B80F00205A
:10F2A0000D4B1868010A0006BFF35F8F0B4BD3F8B4
:10F2B0000435181841F10001B3F5801F0AD2084B3C
:10F2C000D3E90023904271EB030303D210F1807065
:10F2D00041F10001704700BFF824002000100140F8
:10F2E000B80F00202DE9F7432F4CD4F804339907C9
:10F2F0000BD5D4F8043143B12C4A0023C4F80431AF
:10F30000D4F80431136801331360D4F80433DA03FA
:10F3100029D5BFF35B8F264B53E8002F22F0010164
:10F3200043E800100028F7D1BFF35B8FD30702D466
:10F33000D4F84031BBB10025C4F84051D4F8403175
:10F34000FFF7AEFFEFF31182202383F31288BFF3A0
:10F350006F8F184BD3E90267B042B94106D282F3EE
:10F360001188BFF36F8F03B0BDE8F0834FF0FF3813
:10F370004FF0FF39C3E90289D3E900101D604FF453
:10F380008033C4F84833C4F84051D4F8403182F394
:10F390001188BFF36F8F0029E5D0009032463B46BD
:10F3A00028468847DFE700BF00100140F82400200E
:10F3B000F0240020A00F00202DE9F84F4B4DBFF3A3
:10F3C0005B8F06460F4655E8008F28F0010345E89D
:10F3D0000032002AF7D1BFF35B8F454C4FF48039E0
:10F3E000C4F80893BFF35F8FBFF36F8FFFF758FF29
:10F3F000B04271EB070308F0010840D23D4B301AD0
:10F4000067EB0101984271F100014CD23A4BD3E90C
:10F4100002239F4208BF96423ED04FF0000CC4F832
:10F420004893C4F840C126F07F40D4F84031DFF85B
:10F43000CCA0834603216FF0020E2BF07F43C4F86B
:10F440004035C4F84493D4F80425AEEB02035B4482
:10F4500023F07F4353451FD9D4F840315BB1D4F832
:10F460000425131A23F07F43B3F5000F14D9C4F811
:10F4700040C1D4F8403101EB020B0131DDE7204BF4
:10F48000BFF35B8F53E8001F41F0010143E8001216
:10F49000002AF7D1BFF35B8F174B1A4A1A60C3E9F2
:10F4A000026700225A60B8F1000F1CD0BFF35B8FD7
:10F4B00055E8003F43F0010345E80032002AF7D148
:10F4C000BFF35B8F4FF48033C4F804330C4BBFF3AE
:10F4D0005B8F1B68BFF35B8FDB0742BF0A4B4FF4A8
:10F4E0000032C3F80021BDE8F88F00BFF4240020EB
:10F4F0000010014001008000A00F0020FDFF7F00F0
:10F50000F024002059F2020000E100E070B5194C2F
:10F51000194BC4F80833C4F84833184B00254FF092
:10F52000FF304FF0FF31C4F80855C3E902014FF432
:10F530008033C4F80433124B02264FF40032C4F86F
:10F5400004630121C3F8802111202A46FCF79EFCA8
:10F550001120FCF76BFC01230A4AA3600021236001
:10F5600009481360FFF728FF3046FFF797F9284650
:10F5700070BD00BF0010014003000F00A00F00206D
:10F5800000E100E0F4240020FFFF7F00431C10B5E1
:10F590000F4C05D08442A8BF0446012CB8BF0124FB
:10F5A000FFF77EFE0B4AD2E90031C01AB0F5000F1A
:10F5B000074A0AD22044904228BF1046C018BDE82E
:10F5C000104041F10001FFF7F7BE1046F6E700BF1B
:10F5D000FFFF7F00B00F002008B5FFF761FE024B70
:10F5E0001B68C01A08BD00BFB00F002010B5084C42
:10F5F000012363601120FCF727FC064BC4F8083395
:10F60000C4F84833044B4FF40032C3F8802110BDD6
:10F610000010014003000F0000E100E04FF08053B4
:10F62000D3F83021082A06D1D3F83431052B02D87B
:10F63000024AD05C70470020704700BF3585030048
:10F64000024AD2F80034002BFBD0704700E00140A2
:10F6500010B54FF08053D3F83021082A4ED14FF027
:10F6600080420021C2F80C11C2F81011C2F83815FE
:10F6700002F54042D3F80414C2F82015D3F8081458
:10F68000C2F82415D3F80C14C2F82815D3F81014B6
:10F69000C2F82C15D3F81414C2F83015D3F8181486
:10F6A000C2F83415D3F81C14C2F84015D3F820144E
:10F6B000C2F84415D3F82414C2F84815D3F8281416
:10F6C000C2F84C15D3F82C14C2F85015D3F83014E6
:10F6D000C2F85415D3F83414C2F86015D3F83814AE
:10F6E000C2F86415D3F83C14C2F86815D3F8401476
:10F6F000C2F86C15D3F84434C2F87035FFF78EFFAA
:10F7000018B13A4B3A4AC3F88C26FFF787FF18B175
:10F71000384BFB22C3F81825FFF780FF70B14FF07C
:10F7200080414FF08053D1F8E42ED3F8583222F0C4
:10F730000F0203F00F031343C1F8E43EFFF76EFF1F
:10F7400020B12D4B4FF40072C3F840264FF0805388
:10F75000D3F83031082B1AD14FF08043D3F800246E
:10F76000D20744BF6FF00102C3F800244FF080536A
:10F77000D3F83431052B02D8204AD35C3BB14FF08B
:10F780001023D3F808224FF08043C3F858254FF0D8
:10F790001023D3F80022002A03DBD3F80432002B15
:10F7A00022DA174901234FF01020C1F80435122442
:10F7B000FFF746FFC0F80042FFF742FFC0F80442DF
:10F7C000FFF73EFF0023C1F80435FFF739FFBFF311
:10F7D0004F8F0C490C4BCA6802F4E0621343CB60B4
:10F7E000BFF34F8F00BFFDE710BD00BF00500040CA
:10F7F0004881030000F00040009002402F85030084
:10F8000000E0014000ED00E00400FA0530B50468B6
:10F81000CCB1BFF35B8FB4FA84F3C3F11F03DBB247
:10F8200001229A4024EA020250E8005FA54204D176
:10F8300040E8002CBCF1000FF6D1BFF35B8FE6D19E
:10F8400002480B7030BD0248FCE700BF0000AD0B62
:10F850000200AD0B10B50368CB40DB0714D40123C5
:10F860008B400268BFF35B8F43EA020150E8004F10
:10F87000944204D140E8001CBCF1000FF6D1BFF364
:10F880005B8FEED1014810BD0148FCE70000AD0BD5
:10F890000400AD0B014BC3F80405704700F00140B4
:10F8A000F7B5044668B1012832D037493748384A9D
:10F8B0004FF4867305F05DF935484FF4867105F015
:10F8C0004FF90C224FF4827302214FF08040034421
:10F8D0000244C0F808130026012111601E608C420A
:10F8E0001B688DF8071008BF0DF1070642F210756E
:10F8F0004FF0804794B3012C15D023492348254A63
:10F9000040F2EE4305F035F9224840F2EE41D6E7E9
:10F9100004224FF480730146D7E783B1012006F03B
:10F92000B8F8013D26D0D7F80C3403F48033002E0C
:10F93000F3D0D7F80C2402F001023270E3B9164B71
:10F9400000225A7116E006F0A4F8013DD2D111E070
:10F9500083B1012006F09DF8013D0BD0D7F8183493
:10F9600003F48033002EF3D0D7F8182402F00302FA
:10F9700032600BB903B0F0BD9DF807000128E2D05A
:10F98000012CF7D1DBE700BFDA91030057680300D1
:10F990003B85030078850300FC240020044B1A7982
:10F9A00022B9012218609A800248704702487047C5
:10F9B000FC2400200000AD0B0C00AD0B08B5104B73
:10F9C0001A795AB90F491048104A4FF4B67305F026
:10F9D000D0F80E484FF4B67105F0C2F81B682BB191
:10F9E0000020FCF745FA08B9FCF720FA4FF08043F5
:10F9F0000022C3F81825064B01221A7008BD00BF6B
:10FA0000FC240020AC850300576803003B850300FD
:10FA10001628002038B5334C23795BB93249334A74
:10FA2000334840F2C11305F0A4F840F2C1112F4849
:10FA300005F096F858B101284AD02E492B4A2C4897
:10FA400040F21D2305F095F840F21D21EFE74FF03D
:10FA50008043D3F81814D3F81824C80320D502F033
:10FA60000303012B04D013B10020FFF719FF00237B
:10FA70004FF080420220C2F8183508224FF48273FA
:10FA800003F180430021196002F180421D680125C5
:10FA90001560226802B34FF08043C3F804030CE002
:10FAA000D3F81424D107E2D5D3F81C249207DBD471
:10FAB00022681AB10222C3F8042338BDD3F8042106
:10FAC000002AFBD00022C3F80421D3F80431F4E764
:10FAD00000224FF48073D3E71A68002AFCD0196023
:10FAE0001B68EAE7FC240020AC8503003B8503008B
:10FAF00057680300DA91030008B5094B1B795BB91D
:10FB000008490948094A40F2372305F032F8074806
:10FB100040F2372105F024F8BDE80840FFF7C0BEE9
:10FB2000FC240020AC850300576803003B850300DC
:10FB3000F8B54FF08043214ED3F804430125002748
:10FB400004B9F8BDB4FA84F0C0F11F00830003F5D6
:10FB500080739BB203F1804305FA00F2196892B2F8
:10FB600024EA02040029EBD01F601B684FF0804399
:10FB7000012AC3F808230DD0022A13D010491148D6
:10FB8000114A4FF46F7304F0F4FF0F484FF46F7194
:10FB900004F0E6FF7379002BD2D172713368C0B2E2
:10FBA0009847CDE7D3F81814D3F818148907F5D17E
:10FBB000C3F81855C3F804239D60C1E7FC24002056
:10FBC000DA910300576803003B850300034A4309A9
:10FBD00000F01F00D35C1844C0B27047BC8603001D
:10FBE00008B502680146104605F061FF58B9114991
:10FBF000114A124840F2CA3304F0BBFF40F2CA3146
:10FC00000D4804F0ADFF02F01F0352090B600BD04A
:10FC1000012A0CD00A49084A084840F2D33304F0BC
:10FC2000A8FF40F2D331EBE74FF0A04008BD0548F4
:10FC3000FCE700BF5F8403002C84030057680300C7
:10FC4000DA91030000030050072808B50BD90849D2
:10FC50000848094A40F2D13304F08BFF064840F2CD
:10FC6000D13104F07DFF800000F5807008BD00BF39
:10FC7000FF85030057680300CA85030070B5054679
:10FC8000FFF7A4FF0C4C08300E4634F81030DA05AC
:10FC900008D5C3F3432304EBC302284654F833309A
:10FCA00052689847A3682BB1E26831462846BDE800
:10FCB0007040184770BD00BF0425002008B5FFF74D
:10FCC00085FF034B083033F81000400B08BD00BF20
:10FCD0000425002008B5FFF779FF034B083033F8FF
:10FCE0001000C0F3400008BD0425002008B5FFF750
:10FCF0006DFF044B083033F8100010F01C0018BFE3
:10FD0000012008BD0425002008B5FFF75FFF034B65
:10FD1000083033F81000C0F3401008BD042500205F
:10FD2000034611F0010010B5CCB20DD1A207C4F307
:10FD3000400012D5094AD2F820055860C2F82005C3
:10FD4000003818BF012008E04FF0A041D1F820256D
:10FD50001A60C1F82025002AE8D010BD0003005029
:10FD600010B5FFF733FF184A083032F81030D905C4
:10FD70001DD5C3F3432123F4F85322F8103002F1C8
:10FD80000E04002034F8023F13F4807F03D0C3F345
:10FD9000432399420BD001303028F3D100230B4884
:10FDA00042F83130FFF756FD094B984200D110BDA3
:10FDB00008490948094A40F2EB1304F0DAFE074803
:10FDC00040F2EB1104F0CCFE042500207C2500203D
:10FDD0000000AD0BAE8403005768030009860300E2
:10FDE0002DE9F84300240746CEB225464FF001081E
:10FDF000A146B4420DD1124BD3F87C2132B100227E
:10FE0000C3F87C21D3F87C3145F000452846BDE895
:10FE1000F8832046FFF718FFA0F58072920808FAD1
:10FE200002F2174209D000F1804303F5C04319687C
:10FE300019B1C3F800901B6815430134E4B2D8E748
:10FE400000600040F7B506460846FFF7BFFE194FB1
:10FE500000F108050C4637F81530DB0727D530468A
:10FE600005F09EFE2046FFF74FFF40B12046FFF70A
:10FE700025FF316800F5A270002341F820302046AC
:10FE8000FFF76EFF002301A827F815300194FFF754
:10FE9000A7FE019B00EB8300074BD0F8002713401F
:10FEA00043F00203C0F80037044803B0F0BD044833
:10FEB000FBE700BF04250020F0F8FCFF0000AD0BBD
:10FEC0000400AD0B2DE9FF41164607460846FFF733
:10FED0007DFED6F800800D460446B8F1000F1CD018
:10FEE000084605F052FE10BBCDE900008DF80E006B
:10FEF0008DF80F0043460DF10F020DF10E0128465B
:10FF000005F0E7FD494A04F1080132F8113023F009
:10FF1000020343F0010322F81130736873B32846DB
:10FF200093F800805968FFF7D5FE10B1D9B1404869
:10FF300027E03E4A04F1080C32F81C3023F020037D
:10FF4000DB04DB0C22F81C3069B1B8F1030FEED8EA
:10FF50007168386849680978B8F1000F14D101F563
:10FF6000A27140F82180314A04F1080132F81130C1
:10FF700023F01C0343EA880322F81130B36863BB03
:10FF80002C4804B0BDE8F08100EB810043EA413326
:10FF9000D0F810E52EF0030EC0F810E53F6807EB2F
:10FFA000810743F02003D7F8100522F81C3020F415
:10FFB0004F3020F44070C7F810052802D7F810E53C
:10FFC00000F47C5040EA084040EA0E00C7F81005F3
:10FFD00002EB4100A0F87C50C5E7D3E90067284652
:10FFE000FFF7BEFE002ECBD0104DD5E90023964280
:10FFF00003D19F4201D1002209E00F480DF10F010A
:020000040003F7
:10000000FFF704FC0B4B9842BBD19DF80F2045F83D
:10001000326005EBC20308345F6035F8143043EA00
:10002000422343F4807325F81430A9E70425002007
:100030000400AD0B0000AD0B7C2500202DE9FF4135
:100040000C468046204611461E46FFF7BFFD05467A
:1000500021B32046FFF73EFE18B92046FFF754FEB5
:1000600010BB2046FFF742FE10B14B78012B1BD08E
:1000700001238DF80F300023CDE900134A1C8B1C9F
:1000800020460DF10F0105F024FD274A05F1080176
:1000900032F8113043F0030322F81130002E41D022
:1000A0002046FFF717FE18B9204804B0BDE8F081DC
:1000B00096F800C0D8F800301B4F0CF5A272002152
:1000C00043F8221005F1080237F8121021F0200140
:1000D000C904C90C27F8121075781DB3D8F80000B0
:1000E000B67800EB8C002D04D0F8103523F499136A
:1000F00023F4F853C0F81035230203F47C5305F4BD
:1001000040353605D0F810E52B4306F4801641EA59
:100110004C31334341F0200143EA0E0327F812101B
:10012000C0F810350248C0E7042500200400AD0BDC
:100130000000AD0B014BC3E90212704704250020FB
:1001400010B514465AB90E490E480F4A40F24D33C5
:1001500004F00FFD0C4840F24D3104F001FD08465B
:10016000FFF7D2FD50B10846FFF730FD074B0830CE
:1001700033F8103006485B0B237010BD0548FCE7D0
:10018000A7860300576803000986030004250020A2
:100190000000AD0B0400AD0BF8B5164E96F88C4080
:1001A00005462CBB6022214606F1100005F00EFF2B
:1001B0002D682746E0B2FFF747FDA0F580739B0846
:1001C0001F2B08BF2F5004F1010408BF2B58082C27
:1001D000F0D10023C5F87C3145F30730D5F87C31E8
:1001E000FBF724FE0123044886F88C30B367F8BD82
:1001F0000248FCE7042500200000AD0B0C00AD0B0D
:10020000034B93F88C00003818BF0120704700BFE3
:10021000042500200079024B03EB8000FFF71ABB96
:10022000340600200079024B03EB8000FFF7EEBAA2
:10023000340600202DE9F341054608460C461646D3
:10024000FFF754FD58B93349334A344840F2534319
:1002500004F08FFC40F253412F4804F081FC084623
:10026000FFF752FD2F6800B30846FFF733FD8046C5
:10027000D8B90846FFF722FD0446FFF7E5FC47F82A
:1002800000803B582B6822B203EB8203D3F8102581
:1002900042F00102C3F8102526B12A680123A340C9
:1002A000C2F8043302B0BDE8F081D7F80433002B64
:1002B000A4BF4FF00043C7F804334EB91849164A9B
:1002C000164840F26D4304F054FC40F26D41C3E720
:1002D0002046FFF77BFC134B083033F81030C3F394
:1002E0008203042B12D0052B12D001A80194FFF732
:1002F00077FC019BD0F81015D94001F001010231C3
:10030000204602B0BDE8F04105F030BC0321F7E71C
:100310000221F5E78686030009860300576803007B
:10032000B1860300042500202DE9F04F654BD3F87A
:100330000403C0B287B0082140F00040FFF750FD31
:10034000051E2BDA0023032104A8CDE90433FFF7AF
:10035000E7FCDFF874A10DF110084FF000094FF031
:10036000010B1AF8013B5949DA0803F007038A5CCC
:1003700022FA03F3DA071CD408F10408B9F1000FDC
:1003800014D000214FF00040FFF72AFD032104A8FC
:10039000FFF7C6FC0028DCD125F00045494E4C4F44
:1003A0000124002D78D107B0BDE8F08F4FF001098E
:1003B000D7E7484B4B440093D8F800100029DBD016
:1003C000009B91FAA1F11C78B1FA81F141EA441441
:1003D0002046FFF7FBFB3E4B0394083033F81070C8
:1003E000C80801F0070118F800200BFA01F122EA11
:1003F0000102BB0808F8002003A80193FFF7F0FBF7
:10040000039A019B02F5E072C7F3820650F822209E
:100410005B073746C2F3014223D539462046D6B2A0
:10042000FFF72CFC03A80394FFF7DAFB039B03F50B
:10043000E07350F82330C3F301439E4207D10021FB
:10044000204605F093FB3146204605F08FFB03A8BC
:100450000394FFF7C5FB039B0BFA03F3C0F82035A9
:10046000AAE7022A0CD10321204605F07FFB06F003
:100470000503012BEBD139462046FFF7FFFBE6E7EA
:1004800002212046019205F071FB032EF3D0019A60
:10049000032ADCD1022EEDE795FAA5F3B3FA83F334
:1004A00004FA03F225EA020503F5A27207EB4303FF
:1004B00056F82210B3F87C00C1F30141FFF7DEFBD0
:1004C0006FE700BF00600040CC860300F0660300C9
:1004D00004250020CC86030010B548B91C491D48EE
:1004E0001D4A752304F045FB1B48752104F038FBB9
:1004F0001A4C237853BB0278C2F34003920712D5FB
:100500004FF08053D3F83021082A0BD1D3F834317F
:10051000052B07D8124AD35C23B14FF08043012248
:10052000C3F8382601234FF08042C2F880350378A3
:1005300003F00103C2F878350020FBF799FC08B9F5
:10054000FBF774FC01230748237010BD0648FCE745
:100550000B87030057680300CE860300172800208E
:100560008F8703000000AD0B0C00AD0B4FF08043F4
:100570004FF46072C3F80823014B00221A607047E1
:100580009425002008B558B909490A480A4A4FF489
:10059000A47304F0EEFA08484FF4A47104F0E0FAF2
:1005A000FFF7E4FF03680BB1044A136008BD00BF06
:1005B0001487030057680300CE86030094250020AB
:1005C00010B54FF08043D3F80443620714D54FF4BD
:1005D000847005F00DFB78B1404B1B685BB9404956
:1005E000404A41484FF4BA7304F0C3FA4FF4BA7169
:1005F0003C4804F0B5FA9847A30613D54FF48A7027
:1006000005F0F6FA70B1394B1B684BB93849354AD9
:10061000354840F27D1304F0ACFA40F27D11E7E773
:1006200000209847600613D54FF48C7005F0E0FA6F
:1006300070B12E4B1B684BB92D492A4A2A484FF4FA
:10064000C27304F096FA4FF4C271D1E701209847C3
:10065000210613D54FF48E7005F0CAFA70B1254B00
:100660001B684BB924491F4A1F4840F28D1304F000
:1006700080FA40F28D11BBE700209847E20513D5C0
:100680004FF4907005F0B4FA70B11A4B1B684BB977
:100690001949144A14484FF4CA7304F06AFA4FF423
:1006A000CA71A5E701209847A30515D54FF49270AC
:1006B00005F09EFA80B10F4B1B684BB90E49094AF1
:1006C000094840F29B1304F054FA40F29B118FE763
:1006D000BDE810400220184710BD00BF9C25002037
:1006E0002C870300CE86030057680300982500205E
:1006F0004D870300942500206F87030001460148C1
:10070000FFF784B83806002008B5124BA822002154
:10071000184605F05BFC032202610F4942610F4A53
:100720008161C2614FF48062026200228262426291
:10073000C26201660A494166102181660949026761
:100740000346C266426711F8010D98540132102A1F
:10075000F9D108BD10040020958703001000002087
:1007600000000020AE8703002DE9F84FDFF87C8001
:10077000182606FB008E00FB06664644DEF8244081
:10078000DEF828C07368A44507468946154603EB82
:10079000040022D8DEF820B0ABEB040A0AF1FF33E4
:1007A0009A4203D805F004FC2C440FE063449A42BB
:1007B00019D852462C4405F0FBFBB4EB0B0405D0D2
:1007C0007068224609EB0A0105F0F2FB182303FBCF
:1007D000078301205C62BDE8F88F0CF1FF3CACEBB5
:1007E000040C9445DED20020F5E700BF1004002081
:1007F000F8B5144B182700FB07751D4407FB0033A1
:100800000E46DB6A012B14460AD0022B14D023B902
:10081000284605F00EFA844208D900242046F8BD87
:10082000284605F006FA844228BF0446224631468F
:10083000284605F007FAF1E72846BDE8F84005F03C
:100840001CBA00BF10040020F8B50B4B1B78532BCB
:1008500004460E46174601D0FFF756FF05F03CFA56
:100860003A46054631462046FFF7C2FF0446284671
:1008700005F03AFA2046F8BD10040020034B182278
:1008800002FB00339A6A586A801A704710040020ED
:1008900010B4084A08490023C85C12F8014D84428C
:1008A00004D10133102BF7D110BC704710BCFFF7F7
:1008B0002BBF00BFAE8703001004002008B50A4A12
:1008C0000A4B93420ED90A490A4A0B48192304F0ED
:1008D00050F90A4804F04DF90648192104F040F98E
:1008E0002033EEE7FCD308BD1862030078610300F3
:1008F000D2870300AF8703005768030073700300BB
:1009000010B50446F8F786FE0348044A012104F0B6
:10091000B4FB204605F0FCF920650300EA870300DC
:100920002DE9F843044600AF0D46EFF3118820236C
:1009300083F31288BFF36F8F0428304A98BF304B7F
:100940009668117C94BF53F820302E4BE9468AB04C
:100950006A462D48C2E9073140F2013393842B4B9C
:10096000C2E9050442F8103F294800234FF43151F1
:10097000F8F796FFCD4645B1EB69C3F3080323B101
:10098000244A2348012104F078FB2EB1304605F0BB
:1009900065FA08B1037803B91F48E9468AB06A4688
:1009A0001E4BD061C2E9053640F2013313841C4B63
:1009B00042F8103F164800234FF41151F8F770FF2A
:1009C0002946CD462046FFF79BFF042C0CD1154944
:1009D000154A1648872304F0CCF8154804F0C9F8E6
:1009E0001148872104F0BCF888F31188BFF36F8F9A
:1009F0003046FBF7C1F9BD46BDE8F883A0250020CD
:100A0000F4660300F98703000F8803000500000166
:100A10002065030037880300078803005888030017
:100A200004000001928803007088030057680300E7
:100A3000AF88030038B50A4B53F82040013053F813
:100A40002050A54200D838BD606830B1037FDB0775
:100A500001D405F065F90834F3E723689847FAE70D
:100A60000867030070B5384B384C394D012286B009
:100A700003201A70FFF7DEFFFAF7FCFC0420FFF7F3
:100A8000D9FFAC42264628D93249334A334842235B
:100A900004F06FF8324804F06CF842212E4804F05C
:100AA0005FF854F80C3C059354F8103C049354F848
:100AB000143C039354F8183C029354F81C3C0193E3
:100AC00054F8203C009354E90A2354E90C0101F046
:100AD00019FA54F8303C5E65D3E7AE4204F13004B5
:100AE000DFD301F037FF194C1E4EAC421FD9194914
:100AF000194A1A48662304F03CF8194804F039F8FA
:100B00006621CBE7D4E90A23B3F1FF3F08BFB2F176
:100B1000FF3F05D052EA0301206803D102F09CF99F
:100B20003034E2E73146183002F0D6FCF8E7E9D37A
:100B300001F07EFFF6F756FC0B4A137B23F001030E
:100B4000137306B070BD00BF18280020986303001F
:100B5000C86303004F8903002E8903005768030010
:100B600073700300C15E03006010002008B50348E5
:100B7000034A0021121A05F0EAF808BDA008002077
:100B80001C28002070B5174E174D184986B0A023B9
:100B900003FB0066164B059301220F23CDE90332B8
:100BA0000023CDE90133142303FB005504464FF421
:100BB000C07000FB04110F4B00954FF4A07230463B
:100BC00001F0A0F9737B0C4AEE6023F00403737309
:100BD0004FF4046304FB033313442C746B6006B0BE
:100BE00070BD00BFC00F0020A0250020804700205E
:100BF0007C890300B10F0300403F0020BFB50020F7
:100C0000FFF718FF2A4B83F308882A4C2A4F6369A1
:100C100043F4007363610025E02384F82230E57714
:100C200025766576A57684F82050636A43F4E02340
:100C3000636284F82350FBF71BF8FBF7D1F94FF000
:100C4000FF33A362E362FBF7DDFAFBF7EDF9F8F798
:100C50000DFC1A481A4C01F01DFAFFF72FFE012077
:100C6000FFF7E8FE0220FFF7E5FE01F071FF154BEC
:100C700015495C61154B05930123CDE903534FF4EE
:100C800000623B46CDE901550095204601F03AF956
:100C9000627B064622F004022046627301F074FB78
:100CA0002846FFF76FFF3A4631462046FBF778F9B2
:100CB0008047002000ED00E0650A030000110020DD
:100CC00060100020A02500200049002015690300C5
:100CD00038B50D4C0D4D0020AC4213D90C490D4ACE
:100CE0000D48942303F045FF0C4803F042FF0948E8
:100CF000942103F035FF204605F02DF8002802DB93
:100D00002034E9E7F7D338BDF806002018070020A3
:100D1000A9890300848903005768030073700300E6
:100D20002DE9F74305460F4691461C4600F108069B
:100D3000EFF31188202383F31288BFF36F8F3046BF
:100D400002F054FB60B9324A32493348882303F039
:100D500010FF3146314803F00CFF88212C4826E073
:100D6000304602F067FB2B691BB33B601C68EB69E4
:100D70002C610133EB6114B96A6993421FD0EB68AF
:100D8000E41A09D4D5E905235A43A24204D9B4FB95
:100D9000F3F203FB124494B12149224A1E48E9238D
:100DA00003F0E7FE204803F0E4FE1E48E92103F0CB
:100DB000D7FE59EA040214D13B606FF00B043046B1
:100DC00002F022FBF0B9124A1849134840F23113DD
:100DD00003F0CFFE3146164803F0CBFE40F231114E
:100DE000BCE7CDE900942A464146304601F0AEFB0F
:100DF000044618B90F4B9B681B693B60204603B043
:100E0000BDE8F08388F31188BFF36F8FF6E700BF6A
:100E1000C46D0300F16D030057680300066E030004
:100E2000C689030084890300428A03001C6E030004
:100E3000336E0300A02500202DE9F843C368CB1AC8
:100E400005460E4623D4D0E90512514399421ED9D6
:100E5000B3FBF2F102FB1133CBB900F10807EFF35A
:100E60001189202484F31288BFF36F8F384602F073
:100E7000BDFAD8B9414A42494248882303F079FE75
:100E80003946414803F075FE88213C480CE03F4953
:100E90003F4A3C4840F2111303F06BFE3D4803F01B
:100EA00068FE3B4840F2111103F05AFE384602F04A
:100EB000C1FAD5F81080B8F1000F40D1EFF31183DB
:100EC00084F31288BFF36F8F83F31188BFF36F8FA2
:100ED0005BB93149314A2B48B02303F04AFE304810
:100EE00003F047FEB0212D48DEE72C68A54226D04E
:100EF0002CB3A3683BB92B49284A2248992303F015
:100F000038FE9921EFE7D4E9003213605A60637B21
:100F1000C4F8088023F002036373C4E9008804F175
:100F2000180002F0BDFB2046C4F89880266101F04D
:100F30002BFA49463846BDE8F84301F0B1BC2B69AD
:100F40003360EB692E61013BEB61384602F05CFADD
:100F500068B90A4A14490B4840F2311303F009FEFC
:100F60003946124803F005FE40F231118DE789F34E
:100F70001188BFF36F8FBDE8F88300BFC46D030015
:100F8000F16D030057680300066E0300DA91030059
:100F9000848903005D8A0300AA8A03007F8A030014
:100FA000C28A0300C58A03001C6E0300336E03006F
:100FB00008B50D4B9B6893F90E30002B09DB2024FC
:100FC000EFF3118384F31288BFF36F8F04F050FAAC
:100FD000F6E706490648074A1C2303F0CAFD054800
:100FE0001C2103F0BDFD00BFA0250020FD8A0300E9
:100FF00057680300DC8A03002DE9F34104461746D5
:101000001E46EFF3058565B15849594A59486F2383
:1010100003F0AFFD584803F0ACFD55486F2103F0D5
:101020009FFDEFF31188202383F31288BFF36F8FA6
:10103000524802F0DBF960B9514A52494D488823C1
:1010400003F097FD4D49504803F093FD88214C482B
:10105000E5E74A4802F0EEF9E3684C4A9BB1A06824
:101060009168884229D057EA06032ED1434802F0FE
:10107000CBF9A0B188F31188BFF36F8F6FF00F0029
:1010800002B0BDE8F081916891F90E103B482161F2
:101090000133E3609368A36002F0B6F978B9384A87
:1010A0003B49344840F2311303F063FD334939487A
:1010B00003F05FFD40F23111C9E72169E6E788F3EB
:1010C0001188BFF36F8F0020DAE791F90E1090F9C5
:1010D0000E309942A8BF19466FF07E029142B8BF08
:1010E00011468B4202DD04F05FFE0546CDE9007635
:1010F00022482246414601F029FA0028E3D0EFF3C6
:101100001186202383F31288BFF36F8F1B4802F0F0
:101110006DF9002890D0194802F08CF9A068C0B190
:10112000236821699C420AD04BB193F90E30994251
:10113000A8BF19466FF07E039942B8BF194604F064
:1011400033FE30B10D48314601F0AAFB6FF00A00C2
:1011500096E7002DF6D1094802F056F900289ED0F6
:1011600086F31188BFF36F8FF0E700BF478B030052
:10117000258B030057680300598B0300C02500200E
:10118000C46D0300F16D0300066E0300A02500206E
:101190001C6E0300336E0300F8B50546EFF30583BC
:1011A00063B15549554A5648D72303F0E2FC5548E8
:1011B00003F0DFFCD721514803F0D2FC8368002BF9
:1011C00000F09380504A9268934240F09180C36847
:1011D0003BB94E49494A4A48EF2303F0CAFCEF2184
:1011E000E9E7012B03D0013BC3600020F8BDEFF31A
:1011F0001187202484F31288BFF36F8F444802F0D4
:10120000F5F860B9434A44493D48882303F0B1FCEE
:101210003F49424803F0ADFC88213E48CCE73C48BA
:1012200002F008F92969A86804F0BEFDEFF3118304
:1012300084F31288BFF36F8F83F31188BFF36F8F2E
:101240005BB93749374A2E48B02303F092FC364841
:1012500003F08FFCB0213348AEE72C68AC4215D1C7
:101260000023C5E902332A4802F0CEF8002837D11E
:10127000284A2E49224840F2311303F07AFC2449CF
:101280002B4803F076FC40F23111C6E7002CE7D082
:10129000A3683BB92749234A1948992303F069FCFD
:1012A0009921D8E7D4E9003213605A60637B0026A5
:1012B00023F002036373C4E90066A66004F118001A
:1012C00002F0EEF9AC6094F90E302B612046C4F8C0
:1012D000986001F059F80E48394601F0E1FA84E7C8
:1012E00087F31188BFF36F8F7FE76FF015007DE7FD
:1012F0004FF0FF307AE700BF478B0300258B0300D8
:1013000057680300598B0300A02500207E8B030043
:10131000C0250020C46D0300F16D0300066E0300BC
:10132000AA8A03007F8A0300C28A03001C6E03009E
:10133000336E0300C58A030008B583684BB90B49B7
:101340000B480C4A992303F014FC0A48992103F036
:1013500007FCD0E9003213605A60427B0023C0E9E9
:10136000003322F002024273836008BDC58A030085
:10137000576803007F8A03002DE9F04704469DF873
:1013800020600D4691469A4600F10807EFF3118858
:10139000202383F31288BFF36F8F384602F026F8BC
:1013A00060B94B4A4B494C48882303F0E2FB39466D
:1013B0004A4803F0DEFB882145481BE0384602F02E
:1013C00039F806B16568EFF31183202282F31288A1
:1013D000BFF36F8F83F31188BFF36F8F63B94049F9
:1013E000404A3D48B02303F0C4FB3F4803F0C1FB33
:1013F0003C48B02103F0B4FB234653F80C6F9E42E7
:1014000016D0AEB13046FFF797FF002406F1180062
:1014100002F046F93046C6F89840C6F8109000F041
:10142000B3FF4146384601F03BFA2046BDE8F0875D
:10143000BAF1000F14D0082002F036FC00283FD08B
:101440000122C0F804900260016801F003015DB957
:1014500022680A430260626820606AB960600BE03B
:10146000C9F800A04846EFE72A68032A1DD80160A2
:101470006168A1B9C4E900000024384601F0C4FF46
:1014800008BB134A1949144840F2311303F071FBA9
:101490003946174803F06DFB40F231118CE70A68BA
:1014A00002F0030202430A60D8E722F003020A4373
:1014B00002602A6802F0030240EA02032B60DBE7C5
:1014C0006FF00B04D9E788F31188BFF36F8FACE797
:1014D000C46D0300F16D030057680300066E03003E
:1014E000AA8A03007F8A0300C28A03001C6E0300DD
:1014F000336E03002DE9F743064690461F4600F180
:101500000805EFF31189202383F31288BFF36F8F4F
:10151000284601F06BFF68B9244A254925488823ED
:1015200003F027FB2946244803F023FB88211F48AA
:1015300003F016FB284601F07DFF3468F4B1236800
:10154000726823F0030394422046336008BF73603F
:10155000012104F038FC0446284601F055FFE8B9A3
:10156000124A1649134840F2311303F002FB294690
:10157000134803F0FEFA40F23111D8E758EA0703A6
:10158000EAD0CDE9008706F10C024946284600F072
:10159000DDFF38B90B4B9B681C6903E089F31188A8
:1015A000BFF36F8F204603B0BDE8F083C46D030026
:1015B000F16D030057680300066E03001C6E030004
:1015C000336E0300A025002008B583684BB90B4992
:1015D0000B480C4A992303F0CCFA0A48992103F0EE
:1015E000BFFAD0E9003213605A60427B0023C0E9A1
:1015F000003322F002024273836008BDC58A0300F3
:10160000576803007F8A030070B50446EFF3118624
:10161000202585F31288BFF36F8F304801F0E6FE76
:1016200060B92F4A2F493048882303F0A2FA2B498A
:101630002E4803F09EFA8821294818E0274801F037
:10164000F9FEEFF3118385F31288BFF36F8F83F3F5
:101650001188BFF36F8F63B92549264A2248B0230A
:1016600003F087FA244803F084FA2248B02103F0FB
:1016700077FA2568AC4213D095B12846FFF7A4FF4E
:1016800005F1180002F00CF800232846C5F8983040
:1016900000F07AFE31461148BDE8704001F000B913
:1016A000D4E902329A4218BF01330C48A36001F01A
:1016B000ABFE68B90A4A11490B4840F2311303F0F6
:1016C00058FA06490E4803F054FA40F23111B3E7D4
:1016D00086F31188BFF36F8F70BD00BFC425002053
:1016E000C46D0300F16D030057680300066E03002C
:1016F000AA8A03007F8A0300C28A03001C6E0300CB
:10170000336E0300F7B5044616461D46EFF3058316
:101710007BB152EA05030CD02D492E4A2E4888236E
:1017200003F027FA2D4803F024FA2A48882103F011
:1017300017FAEFF31187202383F31288BFF36F8F1B
:10174000274801F053FE60B9264A274922488823DA
:1017500003F00FFA2249254803F00BFA88212148AB
:10176000E5E71F4801F066FEA368D3B1013B1C48C2
:10177000A36001F049FE68B91A4A1D49164840F2B3
:10178000311303F0F6F916491A4803F0F2F940F262
:101790003111E4E787F31188BFF36F8F002003B0A6
:1017A000F0BD56EA05030BD10D4801F02DFE0028CF
:1017B000E2D087F31188BFF36F8F6FF00F00EEE771
:1017C000CDE9006522463946054800F0BFFEE6E750
:1017D000B58B0300958B030057680300C28A030092
:1017E000C4250020C46D0300F16D0300066E0300E4
:1017F0001C6E0300336E03002DE9F043764E774FE5
:1018000085B00446EFF31188202383F31288BFF3D9
:101810006F8F304601F0EAFD68B9714A714972482C
:10182000882303F0A6F96C49704803F0A2F98821D7
:101830006B4803F095F9304601F0FCFDD4F8A45054
:10184000F5B9022104F1BC0004F0E0FA002840D010
:1018500004F1B40500220121284601F07FFC002894
:10186000F8D1002302934FF0FF324FF0FF33CDE960
:101870000023414604F1AC02304601F0CDFCC1E743
:10188000D4F8A8202B68C4F8A430954208BFC4F847
:10189000A830D4F8BC3043F00203C4F8BC30EB6885
:1018A000D5F8049023F0040343F00103EB603046C5
:1018B00001F0AAFDF8B94A4A4D494B4840F23113AC
:1018C00003F057F944494B4803F053F940F2311102
:1018D000AEE7D4F8BC30DD06C3D5C4F8BC003E4842
:1018E00001F092FD0028E6D088F31188BFF36F8FD6
:1018F00005B0BDE8F08388F31188BFF36F8FB9F1AD
:10190000000F0AD13C4938483C4A40F2AB2303F06F
:1019100030F93A4840F2AB218BE72846C847EFF34D
:101920001188202383F31288BFF36F8F304601F0B4
:101930005DFD00283FF471AF304601F07BFDEB68A0
:10194000D90623F0010231D4EA60EB689A0716D574
:10195000386823F00203EB6088B10368002170B19E
:101960004268954230D1036841BB7A683B6082424D
:1019700000D17B60002340F8083BFFF745FED4F818
:10198000BC3023F00203C4F8BC303046C3F300255A
:1019900001F03AFD00288ED088F31188BFF36F8FD5
:1019A000002D7FF42FAF01F0DBF82BE723F01103BC
:1019B000EB6005F11000FFF727FEC6E70B607B68C0
:1019C000834208BF7960D5E723B11A6801461846FB
:1019D0001346C4E71A46F9E7D0250020C8250020A1
:1019E000C46D0300F16D030057680300066E030029
:1019F0001C6E0300336E0300458C0300038C030050
:101A0000F8B5C3689A0704460F46C3F340063BD4B3
:101A10005B0727D40B680BB983680B60E368DD07AD
:101A200023D5A3685BB9294929482A4A4FF4AA73E8
:101A300003F09FF827484FF4AA7103F091F83B6038
:101A400002263D68002D3ED0234B9A68D5F8A03081
:101A50009A420CD0D5F8BC30D807C3F3800216D414
:101A60006FF0120600233B6027E00126E9E704F04F
:101A7000EFF9D5F8BC300028EED1D907C3F3C00286
:101A8000EED552B15B0708D46FF00F06EAE7002AE3
:101A9000FAD1C3F3C003002BF6D100232360D5F89D
:101AA000A83063B9C5E92944284604F0BAF9E368C7
:101AB00043F00403E3603B68A3603046F8BD1C605C
:101AC000C5F8A840F0E76FF01506CBE7248C0300BB
:101AD00057680300038C0300A025002073B504465B
:101AE000EFF31185202383F31288BFF36F8F1E4815
:101AF00001F07CFC68B91D4A1D491E48882303F08B
:101B000038F819491C4803F034F88821174803F0C5
:101B100027F8154801F08EFC00230321201F0193B4
:101B2000A4F1100604F072F928B1A369019301A988
:101B30003046FFF765FF0C4801F066FC68B90B4AB8
:101B40000E490C4840F2311303F013F806490C48D3
:101B500003F00FF840F23111D8E785F31188BFF395
:101B60006F8F02B070BD00BFD0250020C46D030090
:101B7000F16D030057680300066E03001C6E03003E
:101B8000336E030038B50D46044648B90C490D4A7A
:101B90000D48992302F0EDFF99210A4802F0E0FF79
:101BA00039B90A49074A08489A2302F0E2FF9A2104
:101BB000F3E71022002104F009FA656038BD00BF88
:101BC0009D8C0300038C030057680300458C0300C1
:101BD00037B50C46019059B92849294A29484FF48C
:101BE000BD7302F0C6FF4FF4BD71254802F0B8FF87
:101BF0004B684BB92449224A224840F27B1302F039
:101C0000B8FF40F27B11F0E7EFF31185202383F357
:101C10001288BFF36F8F1D4801F0E8FB60B91C4AC2
:101C20001C491848882302F0A4FF18491A4802F0FA
:101C3000A0FF88211648D9E7144801F0FBFB204695
:101C400001A9FFF7DDFE0446104801F0DDFB68B98D
:101C50000F4A12490B4840F2311302F08AFF0B4938
:101C60000F4802F086FF40F23111E3E785F3118857
:101C7000BFF36F8F204603B030BD00BF9D8C0300C3
:101C8000038C0300576803003F8C0300D02500201D
:101C9000C46D0300F16D0300066E03001C6E0300AB
:101CA000336E0300F0B589B004460E9D58B92F4934
:101CB0002F4A304840F2F12302F05BFF40F2F1215D
:101CC0002B4802F04DFF49B92B49294A294840F2D7
:101CD000F22302F04EFF40F2F221F1E7D0F8BC000F
:101CE00010F0010009D02549214A224840F2F3238F
:101CF00002F03FFF40F2F321E2E7C4E9290004F1DA
:101D0000AC00C4E92B0004F1B400C4E92D0055B3C4
:101D10002879002840F2011008BF0120C4F8BC0057
:101D200000204FF0FF364FF0FF37CDE90330CDE90B
:101D30000100CDE90667124B0094204600F064F9DB
:101D400055B1296811B1204600F0CCF86B791BB170
:101D5000237B43F001032373204601F07DF8C4F890
:101D6000A04009B0F0BD0120D8E700BF908C03006F
:101D7000038C030057680300968C03005C8C0300FF
:101D8000F917030038B50D46044658B90F49104AF3
:101D9000104840F2923302F0ECFE40F292310C48CF
:101DA00002F0DEFE49B90C49094A0A4840F2933371
:101DB00002F0DFFE40F29331F1E73022002104F01F
:101DC00005F94FF480736560E36038BD9C8C0300B7
:101DD000038C030057680300458C0300F7B50C46DD
:101DE000019016461D4658B93349344A344840F2EA
:101DF0000D4302F0BEFE40F20D41304802F0B0FE4D
:101E000049B930492D4A2E4840F20E4302F0B1FE46
:101E100040F20E41F1E7EFF31187202383F312889C
:101E2000BFF36F8F284801F0E1FA60B9274A2849CB
:101E30002348882302F09DFE2349264802F099FE9C
:101E400088212248DAE7204801F0F4FAE36813F029
:101E50001E0F27D155EA060216D1204601A9FFF729
:101E6000CFFD0446184801F0CFFAE8B9174A1A49DD
:101E7000134840F2311302F07CFE1349174802F078
:101E800078FE40F23111DCE743F00803E360019B88
:101E9000A36204F11000124932462B4601F01CFBEC
:101EA0000124DFE70024DDE787F31188BFF36F8F9C
:101EB000204603B0F0BD00BF2A8C0300038C030052
:101EC000576803009C8C0300D0250020C46D0300DC
:101ED000F16D0300066E03001C6E0300336E0300F9
:101EE000DD1A030010B5044608B9054B9C681F2293
:101EF00004F1600004F072F8002084F87F0010BD47
:101F0000A02500202DE9FF470F9D119F0F2D0446AE
:101F10000E46984651D1364B984552D1073222F0A1
:101F200007027F321099217304F1580322F03F0217
:101F3000C4E91633042100233F2AC4E90633A36011
:101F40006173A573E37306F1400AA2F1400905D855
:101F500083F31188BFF36F8F084602DFB518294657
:101F60002046F9F7E1FB07300E9B20F00700C4F88C
:101F70008800C4E920A902930D9B01932D1A0C9BA4
:101F80000093314643462A4620460026F9F7D4FFFF
:101F900066654FB31F22394604F1600004F01EF855
:101FA00084F87F60134B9B680BB1D3F88C30C4F876
:101FB0008C30284604B0BDE8F08705F110031E2BD5
:101FC000ACD90D4A0D490E4840F2052302F0D1FD6F
:101FD0000C4829466FF00F030E2202F0CAFD064896
:101FE00040F2052102F0BCFD84F86070DAE700BF22
:101FF000B10F0300A0250020B18C0300D48C030096
:1020000057680300548D0300F0B587B0DDE9127600
:102010000446EFF3058575B119491A4A1A4840F28A
:10202000922302F0A6FD194802F0A3FD154840F2E4
:10203000922102F095FD0595109D04950F9D039545
:102040000E9D02950D9D01950C9D0095FFF75AFF81
:10205000B6F1FF3F08BFB7F1FF3F05D056EA0703CF
:1020600005D1204600F0F8FE204607B0F0BD3A4604
:10207000334604F11800064901F02EFAF4E700BFD8
:10208000478B0300B18C030057680300858D030064
:10209000C15E030040F2011383810023C0E92033B5
:1020A000C0F88C30014B9860704700BFA02500201D
:1020B0000A4A93686FF00A01C3F898100849C3F8F8
:1020C00094004B6843F080534B60002383F31188E6
:1020D000BFF36F8F9368D3F898007047A025002056
:1020E00000ED00E038B590F90D20437B002A014651
:1020F00011DA03F07F0343731B4B984209D11B494C
:102100001B481C4A562302F034FD1A48562102F09F
:1021100027FD03F0A5FE184D2A46AB6852F8184F6C
:10212000944200D004B9EC688B4214D05BB91349D7
:10213000134A0F48D52302F01CFD124802F019FD86
:102140000F48D521E3E75A7BD20604D1DA897F2AEA
:1021500001D9A2692AB1A34202D0204601F0BAF8FF
:1021600023466B6138BD00BFC00F0020CC8D03003B
:1021700057680300AA8D0300A0250020198E0300D4
:10218000ED8D0300C28A030008B583684BB9094985
:1021900009480A4A992302F0ECFC0848992102F008
:1021A000DFFC03F05DFE437B23F002034373002357
:1021B000836008BDC58A0300576803007F8A030057
:1021C00070B590F90D20437B002A50DBD9064ED123
:1021D00063F07F034373274B984209D12649274870
:1021E000274A4F2302F0C5FC25484F2102F0B8FCD6
:1021F000244C2246E16952F8183F934207D1C0E9C6
:1022000000210860E06111E09942F8D01B68002BC2
:10221000F5D090F90E5093F90E60B542F4D0AE426D
:10222000F2DD5968C0E9003108605860A56995423F
:1022300000D005B9E568A3685BB91349134A0F4894
:10224000D52302F096FC124802F093FC0F48D521EA
:10225000CCE75A7BD20604D1DA897F2A01D9AA6950
:1022600032B1AB4202D0284601F034F8656170BD4E
:102270006361FCE7C00F0020CC8D030057680300AA
:10228000AA8D0300A0250020198E0300ED8D030008
:10229000C28A030070B590F90D20437B324C002AAE
:1022A000014610DA03F07F03A042437309D12F499E
:1022B0002F4A3048562302F05CFC56212C4802F08D
:1022C0004FFC03F0CDFD4B7BA14263F07F034B73CA
:1022D00007D12649264A27484F2302F04AFC4F21BE
:1022E000ECE7254C2246E06952F8183F934207D1AB
:1022F000C1E900200160E16111E09842F8D01B685B
:10230000002BF5D091F90E5093F90E60B542F4D040
:10231000AE42F2DD5868C1E9003001605960A5693C
:10232000A368954200D005B9E5688B4214D05BB92B
:102330001249134A0F48D52302F01BFC114802F042
:1023400018FC0F48D521BAE75A7BD20604D1DA89A6
:102350007F2A01D9AA692AB1AB4202D0284600F0EF
:10236000B9FF2B46636170BDC00F0020CC8D030008
:10237000AA8D030057680300A0250020198E0300D2
:10238000ED8D0300C28A030038B50446EFF31185D2
:10239000202383F31288BFF36F8F174801F026F8CC
:1023A00068B9164A16491748882302F0E2FB124919
:1023B000154802F0DEFB8821104802F0D1FB0E48E0
:1023C00001F038F82046FFF7FBFE0B4801F01CF83F
:1023D00068B90A4A0D490B4840F2311302F0C9FBB3
:1023E00005490B4802F0C5FB40F23111E4E785F3E3
:1023F0001188BFF36F8F38BDD4250020C46D030052
:10240000F16D030057680300066E03001C6E0300A5
:10241000336E030038B50446EFF31185202383F3B0
:102420001288BFF36F8F184800F0E0FF68B9174AB1
:1024300017491848882302F09CFB1349164802F0FC
:1024400098FB8821114802F08BFB0F4800F0F2FF47
:10245000A36813B12046FFF797FE0B4800F0D4FFA6
:1024600068B90A4A0D490B4840F2311302F081FB6A
:1024700005490B4802F07DFB40F23111E2E785F39C
:102480001188BFF36F8F38BDD4250020C46D0300C1
:10249000F16D030057680300066E03001C6E030015
:1024A000336E030038B50446EFF31185202383F320
:1024B0001288BFF36F8F1E4800F098FF68B91D4A5D
:1024C0001D491E48882302F054FB19491C4802F09C
:1024D00050FB8821174802F043FB154800F0AAFF83
:1024E000637B13F0280F0BD1A36813B12046FFF7CD
:1024F0004BFE637B23F0040363732046FFF760FE0B
:102500000B4800F081FF68B90A4A0E490B4840F2B7
:10251000311302F02EFB06490B4802F02AFB40F271
:102520003111D7E785F31188BFF36F8F38BD00BF36
:10253000D4250020C46D0300F16D0300576803002B
:10254000066E03001C6E0300336E03002DE9F04796
:10255000DFF8D4A0354D364B1746A842DAF80820EC
:102560001A60DDE9089804460E460BD1314932481D
:10257000324A40F2722302F0FCFA304840F27221F3
:1025800002F0EEFAEFF31183202383F31288BFF3F6
:102590006F8F284600F02AFF60B9294A294926484A
:1025A000882302F0E6FA2946274802F0E2FA882159
:1025B0002348E5E7284600F03DFFDAF808503946A1
:1025C000284603F055FCB8F1FF3F08BFB9F1FF3FC3
:1025D00006D01E494A46434605F1180000F07CFF2C
:1025E000204600F011FF68B91949154A124840F217
:1025F0006B1302F0BEFA2146164802F0BAFA40F216
:102600006B11D5E7094800F0FFFE40B910490C4AAC
:10261000094840F26B1302F0ACFA0449ECE730468B
:10262000BDE8F047FFF744BDA0250020D4250020D9
:10263000D8250020408E030057680300AA8D0300B0
:10264000C46D0300F16D0300066E0300C15E03005C
:102650001C6E0300336E030070B50546EFF3118660
:10266000202383F31288BFF36F8F1B4800F0BEFE58
:1026700068B91A4A1A491B48882302F07AFA16499F
:10268000194802F076FA8821144802F069FA1248D3
:1026900000F0D0FE2C68A54215D014B12046FFF7FB
:1026A00073FD0D4800F0B0FE78B90C4A0F490D4893
:1026B00040F2311302F05DFA07490D4802F059FA71
:1026C00040F23111E0E70024EBE786F31188BFF315
:1026D0006F8F204670BD00BFD4250020C46D03005D
:1026E000F16D030057680300066E03001C6E0300C3
:1026F000336E03002DE9F04104460D46EFF31187D8
:10270000202383F31288BFF36F8F584800F06EFECA
:1027100060B9574A57495848882302F02AFA534962
:10272000564802F026FA8821514818E04F4800F038
:1027300081FE637B03F01F02002A0CBF01260026E6
:102740005DD103F07F0363734D4B9C4209D14D492A
:1027500049484D4A562302F00CFA4B48562102F0E4
:10276000FFF9204603F07CFBDFF82081637B4246C3
:1027700063F07F036DB2A573637352F8183F934201
:102780003AD1D8F81C10C4E900210C60C8F81C40EC
:102790000FE09942F7D01B68002BF4D093F90E009C
:1027A0008542F6D0A842F4DD5968C4E900310C60D6
:1027B0005C60D8F81840944200D00CB9D8F80C40AE
:1027C000D8F808309C4202D0204600F083FDC8F8BB
:1027D0001440264800F018FE00283FD1244A2C4916
:1027E000254840F2311302F0C4F92049294802F08B
:1027F000C0F940F2311197E7D8F81C10CCE79B07DD
:102800002AD5A16841B924491B48244A992302F0DA
:10281000B0F922489921A2E720466DB203F020FBCF
:10282000A5730B68994209D14B68C4E900131C6079
:102830004C60CEE74A689342F6D01B68002BF3D079
:1028400093F90E209542F5D0AA42F3DD5A68C4E907
:10285000003214605C60BCE7A573BAE787F31188A7
:10286000BFF36F8F3046BDE8F08100BFD425002054
:10287000C46D0300F16D030057680300066E03008A
:10288000C00F0020CC8D0300AA8D0300A0250020DE
:102890001C6E0300336E0300C58A03007F8A0300A9
:1028A00070B504460D46F9B9EFF30586E6B91A4B43
:1028B0005A699B689A4217D000F0A6FD78B9174A6A
:1028C0001749184840F26B1302F053F92146164895
:1028D00002F04FF940F26B11104802F041F9304616
:1028E000BDE87040FFF7E4BB204600F08DFD68B9FD
:1028F0000A4A0B490B4840F2311302F03AF92146DB
:10290000094802F036F940F23111E5E785F3118804
:10291000BFF36F8F70BD00BFA0250020C46D030002
:102920001C6E030057680300336E0300034648B96A
:10293000EFF3058232B9064A51699268914201D09B
:10294000FFF7B6BB83F31188BFF36F8F704700BFEB
:10295000A025002010B5EFF31184202383F3128803
:10296000BFF36F8F264800F041FD60B9254A264924
:102970002648882302F0FDF82149254802F0F9F89D
:102980008821204810E01E4800F054FDEFF3058335
:1029900063B12049204A1D488F2302F0EAF81F48FE
:1029A00002F0E7F88F211C4802F0DAF81C4B9A6815
:1029B000D37B012B0AD11B49174A1448902302F0FC
:1029C000D8F8164802F0D5F89021ECE7013BD37314
:1029D0000B4800F019FD68B90A4A13490B4840F248
:1029E000311302F0C6F80649104802F0C2F840F26E
:1029F0003111C6E784F31188BFF36F8F10BD00BF9C
:102A0000D4250020C46D0300F16D03005768030056
:102A1000066E0300478B03007F8A0300C28A03000F
:102A2000A0250020798E03001C6E0300336E030086
:102A300070B5EFF31186202383F31288BFF36F8FF5
:102A4000374800F0D3FC60B9364A37493748882305
:102A500002F08FF83249364802F08BF8882131486D
:102A600013E0344D2E4800F0E5FCAB68DA7B72B918
:102A70003149324A2D4840F20D3302F07AF830489D
:102A800002F077F840F20D312C4802F069F8EFF3CC
:102A9000058161B12B49294A244840F20E3302F0E6
:102AA00068F8274802F065F840F20E31ECE7013291
:102AB000DA732A4652F8184F944200D004B9EC68F1
:102AC0005A7BD20604D1DA897F2A01D9A2692AB1B8
:102AD000A34202D0204600F0FDFB234610486B6164
:102AE00000F092FC68B90F4A1749104840F23113C0
:102AF00002F03FF80A49154802F03BF840F2311164
:102B0000ADE786F31188BFF36F8FEFF311802023B9
:102B100083F31288BFF36F8FBDE87040FFF706BFE5
:102B2000D4250020C46D0300F16D03005768030035
:102B3000066E0300A0250020AA8E0300AA8D0300C4
:102B4000C28A0300478B03001C6E0300336E030030
:102B5000024B03F11802C3E906227047A0250020AA
:102B600070B5EFF3058373B139493A4A3A4840F2F8
:102B7000244301F0FEFF394801F0FBFF354840F2E5
:102B8000244101F0EDFFEFF31186202383F3128837
:102B9000BFF36F8F324800F029FC60B9314A3249E7
:102BA0002D48882301F0E5FF2D49304801F0E1FF71
:102BB00088212C48E5E72E4C294800F03BFCA16811
:102BC000E0690B68814214BF1A46002249680B6015
:102BD0005960A368E1692AB9264AC3E900210B605C
:102BE000E3610CE093F90E0092F90E50A84225D053
:102BF000854223DD5168C3E900210B605360A5695C
:102C00001C4B9D4200D005B9E568A3689D4202D0E7
:102C1000284600F05FFB1248656100F0F5FB88B9BB
:102C2000104A15490C4840F26B1301F0A2FF0C4901
:102C3000124801F09EFF40F26B11BAE78A42CBD0F6
:102C40001268C8E73046BDE87040FFF731BA00BFF0
:102C5000478B0300AA8D030057680300C28A030054
:102C6000D4250020C46D0300F16D0300066E03003F
:102C7000A0250020B82500201C6E0300336E030041
:102C80002DE9F04106460C46EFF3058777B134494C
:102C9000344A354840F23C4301F06BFF334801F0C1
:102CA00068FF304840F23C4101F05AFF50EA01030E
:102CB00004D1FFF755FF0020BDE8F081EFF3118844
:102CC000202383F31288BFF36F8F294800F08EFB17
:102CD00060B9284A28492448882301F04AFF24493A
:102CE000264801F046FF88212248DDE7244D204890
:102CF00000F0A0FB234BA8681860FFF7F3F9A86861
:102D0000214923463246183000F0E6FBAA68537B7F
:102D100043F0040304465373154800F075FB68B98B
:102D2000144A1A49104840F26B1301F022FF10496F
:102D3000174801F01EFF40F26B11D5E74046FFF740
:102D4000B7F9AB68D3E90A23B3F1004F08BFBA4221
:102D5000B1D103F0EEF8201A20EAE070ACE700BF32
:102D6000478B0300AA8D030057680300C28A030043
:102D7000D4250020C46D0300F16D0300066E03002E
:102D8000A0250020D8250020C15E03001C6E030092
:102D9000336E030070B504460E46EFF3058575B13A
:102DA0001A491B4A1B4840F2664301F0E2FE1A48EA
:102DB00001F0DFFE164840F2664101F0D1FEFFF758
:102DC0005FFFB6F1FF3F08BFB4F1FF3F0246204668
:102DD00016D047F6FF704FF47A7403462946C2FBBB
:102DE0000431B3F5004F71F100020AD36FF40042D1
:102DF0009A4243F6FF728A4105D3D80B40EA41401C
:102E000070BD2846FCE76FF00040F9E7478B0300F0
:102E1000AA8D030057680300C28A03000C490D4ABB
:102E200038B500244FF400458C462146C0FB05C14F
:102E300000236046F4F764F9C117FFF721FF054A44
:102E400047F6FF73C0FB0234DB0B43EA444038BD56
:102E50003F420F0040420F0038B50446EFF31185A2
:102E6000202383F31288BFF36F8F204800F0BEFA4F
:102E700068B91F4A1F492048882301F07AFE1B4980
:102E80001E4801F076FE8821194801F069FE1748B6
:102E900000F0D0FA637B5B0710D504F1180000F056
:102EA000FFFB637B23F0040320466373FFF788F97D
:102EB00029460E48BDE83840FFF7F2BC0B4800F049
:102EC000A3FA68B90A4A0E490B4840F2311301F0DF
:102ED00050FE06490B4801F04CFE40F23111D3E799
:102EE00085F31188BFF36F8F38BD00BFD425002054
:102EF000C46D0300F16D030057680300066E030004
:102F00001C6E0300336E0300014B9868704700BFCE
:102F1000A02500202DE9F8430446077BEFF3118537
:102F2000202383F31288BFF36F8F7B4800F05EFA93
:102F300068B97A4A7A497B48882301F01AFE7649B3
:102F4000794801F016FE8821744801F009FE7248A4
:102F500000F070FA637B190717D56F4800F054FA38
:102F600068B96E4A71496F4840F2311301F001FEB1
:102F700069496F4801F0FDFD40F23111E4E785F346
:102F80001188BFF36F8FBDE8F883D90943F00802B9
:102F90007FD16273A36813B12046FFF7F5F804F1FF
:102FA000180000F07DFBA66D04F15808B04511D063
:102FB0004FF0000976B13046FFF7E6F806F1180049
:102FC00000F06EFBC6F898903046FFF7F9F8A66D52
:102FD000B045EFD1DFF85C81D8F808309C426DD164
:102FE000EFF30589B9F1000918BF4FF00109D8F8CE
:102FF0001860514A964200D00EB9D8F80C60B3421E
:1030000002D0304600F066F9C8F81460B9F1000F3C
:1030100002D04A48FFF73EF8D8F808309C4260D109
:10302000EFF30586002E5CD1237BDA071FD53A48E3
:1030300000F0EAF9002894D085F31188BFF36F8F70
:1030400086F31188BFF36F8F0423184602DFEFF376
:103050001185202383F31288BFF36F8F2E4800F071
:10306000C5F900283FF465AF2B4800F0E3F92A4882
:1030700000F0CAF928BB294A2C492A4840F26B13B0
:1030800001F077FD24492A4801F073FD40F26B11ED
:103090005AE703F07F0343F008036373284B9C4215
:1030A00008D12849284A1F48562301F062FD5621BD
:1030B00025484AE7204602F0D3FE6BE74FF00009AF
:1030C00095E72846FEF7F4FF20491F4A15484FF4BC
:1030D000DD7301F04EFD1E4801F04BFD4FF4DD7134
:1030E000E6E70D4800F090F900283FF43AAF85F389
:1030F0001188BFF36F8FFB077FF545AF124A154963
:10310000084840F23D5301F034FD2146124801F0D9
:1031100030FD40F23D51CBE7D4250020C46D0300C3
:10312000F16D030057680300066E03001C6E030078
:10313000336E0300A0250020B825002000110020D8
:10314000C00F0020CC8D0300AA8D0300DB8E03008E
:10315000E68E0300088F0300138F03002DE9F84368
:10316000064688461746EFF31189202383F3128819
:10317000BFF36F8F214800F039F9054668B9204A3E
:1031800020492148882301F0F4FC1C491F4801F024
:10319000F0FC88211A4801F0E3FC184800F04AF9D5
:1031A0003468A6421FD004B32046C4F89880276133
:1031B000FEF7EAFF04F1180000F072FA2046FEF76D
:1031C000FFFF0E4800F020F988B90D4A10490E485B
:1031D00040F2311301F0CDFC08490E4801F0C9FC62
:1031E00040F23111D6E70025EBE72546E9E789F300
:1031F0001188BFF36F8F2846BDE8F883D4250020DF
:10320000C46D0300F16D030057680300066E0300F0
:103210001C6E0300336E0300D3B5DDE90667089C1E
:10322000CDE90067FFF792F91CB1034B9B681B695E
:10323000236002B0D0BD00BFA025002008B568B152
:103240000F4B98420AD303F11802904206D2C01ADB
:103250001822B0FBF2F302FB13034BB109490A48F1
:103260000A4A382301F085FC0848382101F078FC2F
:10327000074BC0105843074B01221A5408BD00BF2A
:10328000A0110020598F030057680300318F0300FD
:10329000ABAAAAAA19280020C3897F2B12D80A4BEF
:1032A0001B6863B1094B90F90E201B689A4209DB39
:1032B000437BDB0606D1064BC31A18BF012303F07C
:1032C000010070470023FAE73C060020DC250020BF
:1032D000C00F002070B50E4B0E4C1E7C06EB460353
:1032E00004EBC3040546204600F0DAF90A4B00223D
:1032F00028469A55FFF7D0FF48B1084B08491A688D
:10330000013A2046D317BDE8704000F0E5B870BD23
:10331000A0250020A0110020192800203C06002034
:103320003D32030038B5EFF31185202383F3128873
:10333000BFF36F8F234800F059F868B9224A234938
:103340002348882301F015FC1E49224801F011FC96
:1033500088211D4801F004FC1A4800F06BF81E4B50
:103360001E4A9C681068A04213D1FFF7B3FF1548AE
:1033700000F04AF808BB144A1949154840F23113C5
:1033800001F0F7FB0F49174801F0F3FB40F2311150
:10339000DFE700211B7C1160134AD35C002BE6D0D1
:1033A0002046FFF779FF0028E1D0637BDB0602D1DE
:1033B0002046FEF76FFF2046D7E785F31188BFF35D
:1033C0006F8F38BDD4250020C46D0300F16D03005C
:1033D00057680300066E0300A0250020D8250020B2
:1033E0001C6E0300336E030019280020006838B1FA
:1033F000044B1B7C00F00300C01A18BF012070476B
:1034000001207047A0250020002302680360EFF32D
:103410000581074B19B19968497BC90706D4197C06
:1034200098680843831A58425841704701207047F2
:10343000A0250020024B1A7C9B6813430360704751
:10344000A02500200748084A084908B5121A02F0CA
:1034500080FC0748074A0849BDE80840121A02F0F4
:1034600078BC00BFC00400209C080020A892030084
:10347000B8040020C0040020A0920300024B18688A
:10348000984208BF0020704740060020034B1B688D
:103490000BB9FCF7A1B80020704700BFE025002061
:1034A00030B570B10B4B5B6898420AD0036843B1EA
:1034B000D3E90421D0E90445121941EB0501C3E920
:1034C0000421D0E9003213605A600023C0E90033C0
:1034D00030BD00BF40060020B3F1FF3F08BFB2F18E
:1034E000FF3F2DE9F74F044690469B4615461F4681
:1034F00000F0B880D0F80090B9F1000F0CD05B4913
:103500005B4A5C48722301F034FB5B4801F031FBFD
:103510005748722101F024FB8160EFF3118301937E
:10352000202383F31288BFF36F8F5448FFF75EFFA9
:10353000824660B9524A53494E48882301F019FB2C
:103540004E49514801F015FB88214D48E2E74B48B0
:10355000FFF770FFB8F1FF3F7BF1FF334B4A1FDBF2
:10356000FFF794FF494A0135D2E900174BF1000BF0
:103570002D184BEBE073C4E904536D18064643EB7A
:103580000707FFF77BFFDFF808E1DEF8049003464A
:10359000F3B9C4E900E9C9F80040CEF8044029E0D5
:1035A000D2E900126FF001035B1A4FF0FF3161EBBB
:1035B0000202B3EB080362EB0B02012B72F1000174
:1035C000BCBF01234A46C4E904324FF0000AD8E7E1
:1035D000D3E9041CD4E904208A4270EB0C0B2EDAE8
:1035E000891A5A686CEB0000C3E90410C4E9003280
:1035F00014605C60FFF742FF84420ED1254B1B68CC
:103600005BB9BAF1000F02D1FFF740FF0646304622
:1036100002F078FC0021FBF7B9FF1848FFF7F4FE31
:10362000B0B9174A1C49134840F2311301F0A1FA0E
:1036300012491A4801F09DFA40F2311185E7521AF9
:1036400060EB0C009945C4E90420A2D01B689FE7F9
:10365000019B83F31188BFF36F8F2846394603B06F
:10366000BDE8F08F00252F46F7E700BF2E9103003D
:103670000A91030057680300C28A0300E425002072
:10368000C46D0300F16D0300066E0300B811002045
:1036900040060020E02500201C6E0300336E03006E
:1036A00070B50446EFF31186202383F31288BFF32D
:1036B0006F8F2348FFF79AFE68B9224A22492348B0
:1036C000882301F056FA1E49214801F052FA882158
:1036D0001C4801F045FA1A48FFF7ACFE236833B3E3
:1036E000FFF7CCFE05462046FFF7DAFE00224FF03A
:1036F0000043A542C4E9042306D1FFF7C7FE02F048
:1037000001FC0021FBF742FF00240D48FFF77CFE7F
:1037100080B90C4A0F490D4840F2311301F029FAE3
:1037200007490D4801F025FA40F23111D0E76FF05A
:103730001504EAE786F31188BFF36F8F204670BD4A
:10374000E4250020C46D0300F16D030057680300F9
:10375000066E03001C6E0300336E03002DE9F04774
:103760000446EFF31188202383F31288BFF36F8F91
:103770004448FFF73BFE68B9434A4449444888231C
:1037800001F0F7F93F49434801F0F3F988213E4839
:1037900001F0E6F9DFF800913A48DFF800A1FFF701
:1037A00049FEC9F80040FFF769FE002604460027DD
:1037B000D9F80030DAE900C0D91754B1D4E904527D
:1037C000AB4271EB020E20DAED1A62EB0102C4E9A2
:1037D000045213EB0C034FF0000440EB01012046B0
:1037E000CAE90031C9F8004002F08CFB2146FBF722
:1037F000CDFE2448FFF708FEB0B188F31188BFF36F
:103800006F8FBDE8F047FFF78DBD15EB0C0340EB64
:10381000E570CAE90030C4E904672046FFF740FEBE
:103820001848FFF7F1FD68B9174A1D49184840F2DA
:10383000311301F09EF913491A4801F09AF940F248
:103840003111A4E788F31188BFF36F8FA368204676
:103850009847EFF31188202383F31288BFF36F8F0B
:103860000848FFF7C3FD002886D00648FFF7E2FDB1
:10387000D9F800305B1BC9F80030FFF7FFFD0446A4
:1038800096E700BFE4250020C46D0300F16D03003E
:1038900057680300066E0300E0250020B8110020E1
:1038A0001C6E0300336E030070B5EFF31186202306
:1038B00083F31288BFF36F8F1A48FFF797FD68B93B
:1038C000194A1A491A48882301F053F91549194829
:1038D00001F04FF98821144801F042F91148FFF72F
:1038E000A9FDFFF7D3FD144AD2E90045041945EBC1
:1038F000E0750C48FFF788FD68B90B4A0F490C4882
:1039000040F2311301F035F906490D4801F031F963
:1039100040F23111DFE786F31188BFF36F8F204645
:10392000294670BDE4250020C46D0300F16D03003D
:1039300057680300066E0300B81100201C6E0300D8
:10394000336E0300F8B50446EFF31187202383F3A9
:103950001288BFF36F8F4F48FFF748FD68B94E4A92
:103960004E494F48882301F004F94A494D4801F077
:1039700000F98821484801F0F3F84648FFF75AFD5E
:10398000226892B14348FFF73FFD00287DD1424AAB
:103990004549434840F2311301F0EBF83D494348B3
:1039A00001F0E7F840F23111E4E7D4E90A36581C97
:1039B00046F10001022871F1000127D3012B76F1B5
:1039C0000001BCBF012316465D1E46F1FF3602F022
:1039D000B4FA013041F10001401946EB0101012820
:1039E00071F100014CDB02F0A8FA013041F1000155
:1039F0006FF00102401946EB0103121A4FF0FF313C
:103A000061EB03032A492046FFF766FD236B013370
:103A10002363236AD3B11F48FFF7F6FC0028B6D012
:103A200087F31188BFF36F8F236A20469847EFF31F
:103A30001187202383F31288BFF36F8F1548FFF798
:103A4000D5FC00288BD01348FFF7F4FC54F8185F1E
:103A5000A54297D0002D95D02846FEF7DBFC002329
:103A60000C48C5F89830FFF7CFFC00288FD087F3BB
:103A70001188BFF36F8F2846BDE8F840FEF784BC7D
:103A80006FF001024FF0FF33BCE787F31188BFF3FB
:103A90006F8FF8BDE8250020C46D0300F16D0300B1
:103AA00057680300066E03001C6E0300336E0300AC
:103AB000453903002DE9F843064614461D46914654
:103AC0009846EFF31187202383F31288BFF36F8F9B
:103AD0002848FFF78BFC68B9274A284928488823DB
:103AE00001F047F82349274801F043F8882122488C
:103AF00001F036F81F48FFF79DFCB5F1FF3F08BF06
:103B0000B4F1FF3F11D11B48FFF77EFC60BB1A4A9E
:103B10001D491B4840F2311301F02BF815491B4891
:103B200001F027F840F23111E1E7631C75F1FF3332
:103B30000ADB012C75F100032246BCBF01220025DF
:103B400012F1FF3945F1FF383046FFF7A9FDDDE9F5
:103B50000823C6E90A23002333634A464346304616
:103B60000B49FFF7B9FCCEE787F31188BFF36F8FDE
:103B7000BDE8F883E8250020C46D0300F16D030063
:103B800057680300066E03001C6E0300336E0300CB
:103B9000453903002DE9F84F05460C46924602F0E0
:103BA00057F9002864D1344B9B68D3F88C60002E01
:103BB0005ED06F1E3D420BD03049314A3148172349
:103BC00000F0D7FF304800F0D4FF17212C481CE04C
:103BD00004344DD245F0040B06F11408EFF31189BB
:103BE000202383F31288BFF36F8F4046FFF7FEFB5D
:103BF00068B9264A26492348882300F0BAFF41467F
:103C0000244800F0B6FF8821204800F0A9FF404674
:103C1000FFF710FC224659463046D047044640463E
:103C2000FFF7F2FB68B9194A1B49164840F23113F5
:103C300000F09FFF4146194800F09BFF40F2311110
:103C4000E2E789F31188BFF36F8F8CB144F8046BFE
:103C50007DB13C420DD00A4A11490A48342300F094
:103C600088FF21460F482A4600F083FF3421ADE744
:103C700000242046BDE8F88FA025002072910300A3
:103C80004E910300576803008D910300C46D03003B
:103C9000F16D0300066E03001C6E0300336E03001B
:103CA000AA910300DC9103000146024A0020FFF7BD
:103CB00071BF00BF8D4A030038B50D4C0D4DAC42AD
:103CC00013D90D490D4A0E481A2300F052FF0D4832
:103CD00000F04FFF09481A2100F042FFD4E9011219
:103CE000204602F05BF91834E9E7F7D3002038BD2D
:103CF00018070020180700206C92030004920300AC
:103D00005768030073700300F8B505460E4600F1CE
:103D10001404EFF31187202383F31288BFF36F8F0E
:103D20002046FFF763FB68B91B4A1C491C488823DF
:103D300000F01FFF21461B4800F01BFF882116489A
:103D400000F00EFF2046FFF775FB28463146F3F7DB
:103D500015FE05F10C0002F0C1F828B139462046E5
:103D6000BDE8F840FEF79CBD2046FFF74DFB68B963
:103D7000094A0D490A4840F2311300F0FAFE214683
:103D80000A4800F0F6FE40F23111D8E787F31188B7
:103D9000BFF36F8FF8BD00BFC46D0300F16D03006A
:103DA00057680300066E03001C6E0300336E0300A9
:103DB00007B5074B0093074907484FF0FF334FF40F
:103DC0008062FDF76FFF002003B05DF804FB00BFC9
:103DD0002067030040510020C011002010B50A4C9C
:103DE00023681BB101232360002010BD00F0EAF816
:103DF0000028F7D00138062803D8044B53F82000D8
:103E000010BD034810BD00BFEC250020286703004B
:103E1000FE8FFFFFBFF34F8F0549064BCA6802F4C0
:103E2000E0621343CB60BFF34F8F00BFFDE700BFDD
:103E300000ED00E00400FA0510B4094B09490A4CF2
:103E40004FF0FE32C3F800244968C3F80424C3F8D5
:103E50000824C3F80C240023C4F8003510BC08471C
:103E600000B002504806002000A00250D0E9001225
:103E7000014BC3E9001270474806002010B5044604
:103E800050B1636813F0685F05D0064A934202D0D0
:103E900000232360626010BD034B04485B689847B1
:103EA000EFE700BF2C5F5CA94806002044670300D1
:103EB000C8B143680D4A934213D013F0685F0ED027
:103EC000012350E8002F194640E8001C9CF0000F29
:103ED000F7D1012AF5D0BFF35F8F00207047044867
:103EE0007047044870476FF4E04070472C5F5CA94E
:103EF000E98FFFFFEA8FFFFF80B14368094A9342D1
:103F00000AD013F0685F05D0BFF35F8F0023036012
:103F10001846704704487047044870476FF4E04003
:103F2000704700BF2C5F5CA9E98FFFFFEA8FFFFF9E
:103F300010B5044620B1044B63600022226010BD1E
:103F40000248FFF779FFF6E73A00003A6C67030092
:103F500070B5D0E90023174C174D6360D0E90230EB
:103F6000C4E9023022604868D1F800C0134BC3E9AD
:103F700000C0D5F81801D1F808C0C3F808C010F087
:103F8000685FD1F80CC00969C3F80CC0196110D082
:103F90000B49C5F8BC110023C5E9453105F58A7008
:103FA000C5F8B8319047236805F5DC70BDE870406E
:103FB000184770BD6406002004260020500600202B
:103FC0002C5F5CA938B500F02FF820B1032400F075
:103FD00063F8204638BD00F031F898B900F0ACF82D
:103FE00098B90F4DD5F828391B0EF02B08D1D5F80C
:103FF000242A0C4B9A420AD0072400F017F8E6E76F
:104000000624FAE70424204638BD0024F5E7012001
:1040100000F092F804460028F7D1C5F80C0AD8E75A
:1040200000B002500000E0200020704700207047E0
:10403000014BC3F8040A704700B0025010B5114894
:1040400000F048F800B110BD0F4800F043F8002818
:10405000F9D10E4C204600F03DF80028F3D10C4B6E
:104060000C481C6000F036F801460028EBD100F047
:104070002DF8044608B1204610BD00F03FF8204658
:10408000FAE700BFA4060020A00600209C0600203E
:10409000940600209806002008B5084800F024F88F
:1040A000074800F021F8074800F01EF8064800F025
:1040B0001BF8BDE8084000F00BB800BFA4060020C4
:1040C000A00600209C0600209806002000207047D3
:1040D000704700BF08B5034B02681B68106898471B
:1040E000002008BD6406002008B5034B02685B6829
:1040F00010689847002008BD6406002070B5094C80
:10410000094D2069AB68984718B1084B08485B68AF
:104110009847084AEB68206900211160BDE87040AB
:10412000184700BF50060020640600204806002003
:104130009067030000260020F8B51A4D1A4E044679
:10414000B26828699047E8B9184F3B684CB1A3B1F1
:10415000012B19D0013B3B602869F3689847002088
:10416000F8BD43B9124A0121C2F800151149D1F82E
:104170001029002AFBD101333B60F3682869984776
:104180000020F8BD0C48F8BD0A4AD2F81039002BBF
:10419000FBD1074A6FF07E40C2F80035FFF748FFB9
:1041A0003B68D7E750060020640600200026002068
:1041B00000A0025000B00250E98FFFFF0CB430B5F0
:1041C00089B005460C461C22002101A801F0FEFE24
:1041D00002238DF806300E4B0293059523462CB131
:1041E000B4F1004F28BF4FF00043013B1D440DAA1E
:1041F0000C99069501A8009200F00CF814B1059BEB
:1042000000221A7009B0BDE8304002B0704700BF0C
:10421000C36003002DE9F04F8DB0436802938378AB
:1042200015469A07804640F10D8100240E78002E35
:1042300000F00A81252E0BD04B1C03930134029B06
:104240004146304698470028C0F2F6800399EDE7D2
:104250004E788B1C252E0393F0D00027B946BB4621
:10426000BBF11F0F38D8A6F12003102B0AD8DFE8C6
:1042700003F02A0909300909092109090928092D2A
:1042800009091F00A6F13003092B33D92A2E37D193
:104290001BF0400F55F8043B40F08280002BA7BF75
:1042A0004BF0200B9946C3F100094BF0280B01E0BD
:1042B0004BF0010B039B13F8016B0393002ECFD13E
:1042C00030E04BF0020B4BF0040BF3E74BF0080B24
:1042D000F0E74BF0100BEDE7BBF17F0F19D8A6F11B
:1042E0003003092BD2D81BF0400F03D00A2101FB69
:1042F0000737DFE70A2101FB09394BF0200BD9E72B
:104300002E2E06D11BF0400F40F09E804BF0400B4C
:10431000D0E76C2E31D02BD8682E36D06A2E3CD008
:104320004C2E3AD0002F46F02003B8BF2BF04002AD
:10433000A3F16501BCBF1FFA82FB0027022901D946
:10434000612B2FD1073525F00705DFF8ACA2083522
:1043500007271BF0080F66D00AEB070B56465E4591
:1043600063D1A4EB0A0A06EB0A02A9EB07096FE185
:10437000742E9FD07A2E9DD0D4E71BF0800F18BFEB
:104380004BF4007B4BF0800B94E71BF4807F18BF4D
:104390004BF4007B4BF4807B8CE74BF4207B89E76C
:1043A0001F4687E7A6F16301122900F2F080DFE8DB
:1043B00011F013004F00EE00EE00EE00EE004F0093
:1043C000EE00EE00EE00EE00EE00FE00E900EE0072
:1043D000EE001B00EE00AF0055F8043B8DF81830DE
:1043E00001270DF1180AB4E755F804AB834BBAF175
:1043F000000F08BF9A461BF0400F14BF39464FF01C
:10440000FF31504601F0FAFD0746A2E7029B414604
:104410002020984700280FDB013EB742F6D34C44DA
:10442000A41BB14698E74E46F7E716F8010B029B2E
:1044300041469847002892DA98F8023043F0040386
:1044400088F802304FF0FF3420460DB0BDE8F08F01
:104450001BF0800F34D01BF4007F2CD0073525F0E3
:104460000705AA4669685AF8080B2BF010050029C1
:10447000ADB237DA404261EB410145F480650DF1A0
:10448000180B0A235A4601F0C5FDA0EB0B0301935C
:104490006B0662D5019B25F001019F4289B240F372
:1044A000A180002E00F0998015F0100240F09C8051
:1044B000BB460D4623E0AA465AF8040BC117D4E7C1
:1044C000AA461BF4807F5AF8041B01D10846F5E781
:1044D0001BF4007F15BF48B208B241F3C01141F38D
:1044E000C031C2E750EA0103C9D11BF0400FC6D06A
:1044F000002FC4D12BF0110295B2BB46019740F2B8
:10450000064115EA01021CBF0BF1010B00222CE051
:104510002BF010021FFA82FB0A231BF0800C49D0FB
:104520001BF400711DBF073525F00705AA46AA46F2
:104530001ABF5AF8080B69685AF8040B50EA0105CB
:1045400045D12BF016051BF0400FADB242D0002F25
:1045500040D12BF0170295B2019715F0100248D008
:10456000019B002E42D103F1010B29075AD4EB071E
:1045700006D5D9456FDD0199A9EB0B035F18CB4632
:104580005B4649E04BF0100B10237826C5E7782BEB
:1045900004D1C6F1780343F01003BEE7029B414605
:1045A000252098470028FFF647AF023447E6082346
:1045B0000026B2E7AA461BF480715AF8040BBDD05E
:1045C0001BF400711ABFC0B2614680B2B6E72BF08F
:1045D000060295B20DF1180B54E725F01105ADB2A6
:1045E000BB468CE70D46B8E73B460D4603F1020B90
:1045F000BBE7DDF804B082E7959203008E920300DA
:10460000CDE904324146029B202098470028FFF65E
:1046100013AF049B059A01339945F1DCA4EB0B0120
:10462000CC189B460AB3029B41463020984700288D
:10463000FFF602AF8EB901342744019B391B994222
:1046400024DC1D465DBB019AA9EB0B0922445546AB
:104650001446914435E0019F92E7023441463046CA
:10466000029B98470028E7DAE6E640F206410D4251
:10467000E2D015F0020F14BF2B20202015F4806F1C
:1046800004F10104414618BF2D20E9E7029B414691
:1046900030209847002804F10104CEDACCE606ABBE
:1046A000013D4146585D029B98470028CADAC3E69F
:1046B000029B414620209847002804F10104FFF6A0
:1046C000BBAEA9EB0403002BF2DCBFE5704700B5DD
:1046D000C1B04FF0FF324FF0FF334FF480716846A6
:1046E000F2F7E2FFF5E700207047836800EBC101B5
:1046F000B3F5004F2CBF51F8220031F8120070477B
:1047000000EBC1018068B0F5004F2CBF41F82230AA
:1047100021F81230704708B50122FFF7E6FFD040BC
:1047200008BD8368B3F5004F00EBC10108D34B68A7
:104730001AB143F001034B60704723F00103FAE71D
:104740004B881AB143F001034B80704723F00103FB
:10475000FAE753000122FFF7D3BF8368B3F5004F98
:1047600034BF04230823C91A081AC0087047B0F5DB
:10477000004F34BF042308230731C818C00870470E
:1047800008B50A460121FFF7F2FF0132121AB2FA08
:1047900082F0C0F11F0008BD2DE9F0411746032249
:1047A0000E460446FFF7A1FF8642054607F10408BE
:1047B0000AD1E3680122BA4023EA0203E36000233E
:1047C00044F82830BDE8F081314602222046FFF748
:1047D0008CFF2B460646014644F82850204603220B
:1047E000FFF78EFF3346294620460222BDE8F041FE
:1047F000FFF786BF70B50D4686680446FFF78BFF4E
:10480000B6F5004F014601D3012809D03046FFF725
:10481000B7FF294602462046BDE87040FFF7BCBFFF
:1048200070BD2DE9F047054680688846FFF7A8FF70
:1048300005EB800A0646DAF81090B9F1000F1BD09C
:104840000327DAF8104028462146FFF764FF404569
:1048500007D3324621462846FFF79EFF2046BDE893
:10486000F087032221462846FFF73FFF013FCAF8A1
:10487000100001D08145E4D1EB6801364FF0FF34E0
:10488000B4401C40EAD094FAA4F2B2FA82F2131DAA
:1048900055F82340DEE72DE9F041144605460E4663
:1048A000FFF739FFA4EB0608371B074442463146A1
:1048B0002846FFF74EFF3A4621462846FFF749FFB4
:1048C0004346002221462846FFF71AFF2146284684
:1048D000FFF721FF3B46211800222846BDE8F041A2
:1048E000FFF70EBF2DE9F041164604460F46FFF7CD
:1048F00012FF314605462046FFF70DFF05442A46C4
:1049000039462046FFF725FF31462046FFF703FFD3
:104910002B46311800222046BDE8F041FFF7F0BEDB
:104920002DE9F0410D4686680446FFF7F4FEB6F522
:10493000004F014601D3012832D03046FFF720FF57
:1049400004EB80010E6996B9E368012282401343AB
:10495000E36002220D612B4629462046FFF7D0FE78
:10496000032229462046BDE8F041FFF7C9BE0222D6
:1049700031462046FFF7B9FE294603460746204642
:10498000FFF7BEFE0322334629462046FFF7B8FE56
:1049900039462B462046FFF7B3FE02223146E1E7B7
:1049A000BDE8F081F8B50C460546FFF7B4FE2618C1
:1049B000012231462846FFF798FEC3070CD4314642
:1049C0002846FFF717FF21462846FFF7A4FE214699
:1049D00022182846FFF786FF002221462846FFF7C7
:1049E00084FE271A012239462846FFF77EFE10EA88
:1049F000020613D139462846FFF7FCFE214632460F
:104A00002846FFF772FE2246211A2846FFF76AFF62
:104A1000214632462846FFF768FE241A21462846DA
:104A2000BDE8F840FFF77CBF70B5066809B9002003
:104A300070BDB068B0EBD10FF9D9FFF798FE014611
:104A400005463046FFF7EDFE04460028EFD001464C
:104A50003046FFF760FEA84209D92544214630467A
:104A60002A46FFF718FF29463046FFF759FF304620
:104A700001222146FFF755FEB368B3F5004F34BF5E
:104A80000423082303EBC4031844D1E71146FFF7BE
:104A9000CBBF2DE9F04706460D46174698462BB387
:104AA00098F8004093F80190DB78A40004EB4304ED
:104AB00098F802301C4444444FF0000ACA4509D318
:104AC000D8F8042008F1080339463046AC46BDE862
:104AD000F047604714F8013B48F823402046F2F7BE
:104AE00029FB013004440AF1010AE7E76FF01500E1
:104AF000BDE8F08770B5002502462846144614F834
:104B0000013B0BB9184609E098B18D4207D1702BD3
:104B100004D0A3F140023A2A0BD8002070BDA3F1C3
:104B200040063A2E05D853780135941C002BE9D065
:104B30000020252B08BF80F001002246DEE7002080
:104B4000704700F018BA0FB407B504A951F8040B68
:104B5000019100F010FA03B05DF804EB04B0704767
:104B6000002383F31188BFF36F8F0423184602DFFD
:104B700070470FB407B504A951F8040B0191FFF772
:104B8000E0FF03B05DF804EB04B0704710B50369B3
:104B9000024613F0080009D11368D4689C4297BFFD
:104BA000526AE31AD31A01200B6010BD0023184685
:104BB000FAE713B501A90446FFF7E8FF20B1019B0E
:104BC000E268013B13440193606A019BC01A0138FB
:104BD00002B010BD10B5044650182269636AD207AE
:104BE00002D5013B184010BD984228BFC01AFAE711
:104BF00010B504460A46C168FFF7ECFF2369E06080
:104C000023F00803236110BD38B50D46026A8B00FE
:104C1000016843F0020342F82130044601682A4645
:104C2000FFF7D8FFE36861682060984202BF2369FC
:104C300043F0080323612A462046FFF7CBFF60605C
:104C400038BD2DE9F74FC768066A9B4606EB870318
:104C5000009316F8273003F00303022B044688461E
:104C600091464FF000030BD01360CBF8003023695E
:104C70009B0713D44FF0000A504603B0BDE8F08FF5
:104C800056F8271013608908CBF80030EFD0FFF7F3
:104C9000AFFFE368A3604FF0010AEDE7E36906EBBD
:104CA0008700984716F8272012F0010A0546E1D040
:104CB00012F002021FD0B8F1000F03D04146204687
:104CC000FFF7A2FF61682A462046FFF783FFD4E979
:104CD00002219142606006D12A462046FFF77AFF02
:104CE0004FF0000AA060A2682260E260226942F0F0
:104CF00008022261C0E7014620460192FFF778FFD3
:104D0000E368A360B8F1000F04D02168236A019A18
:104D100043F8212005EB0802CBF80020216820464B
:104D2000FFF758FF2369206043F00803236116F85A
:104D300027306FF3000306F82730009BC9F80030D6
:104D4000A9E770B504461546FFF744FF2368834280
:104D500005D12369216023F00803236170BD226A15
:104D6000AB0043F0020342F82130204661682A4636
:104D7000FFF730FF6060F1E738B503695B07044671
:104D800006D5856AFFF715FF85422CBFA562A06294
:104D900038BD036800220BB9184670478B4210D10A
:104DA0000B6842B942680360914200D1436000231E
:104DB0000B600120704713604368994208BF42604E
:104DC000F5E71A461B68E6E7838B13F0070305D166
:104DD0000368002B0CBF002003207047022B05D175
:104DE000C08BB0FA80F0400980007047012B05D1DC
:104DF0000368002B0CBF002005207047002070477F
:104E000010B50C4600B111B96FF0150010BD081DAA
:104E100000F02FF80028F9D1A368032BF6D9F3E7A7
:104E20002DE9F0410D4607461946281D90461E46BD
:104E3000F4F728F9044638B1334642462946384645
:104E4000A446BDE8F0416047BDE8F08138B50C46A6
:104E5000054658B151B10B6843B14B6833B12022BC
:104E6000002101F0B3F82C61002038BD6FF015006F
:104E7000FBE7034658B1426802F00302012A03D05F
:104E8000032A04D1026812B10020986070476FF0C5
:104E90001500704770B50C8806468888241A30695A
:104EA000A4B2844285B224BF641BA4B22D1BA8B255
:104EB000984228BF18463368234413600B88034484
:104EC0000B8070BD70B4838985880669ED1AADB218
:104ED000731B934228BF134670BC0A46011DFFF79F
:104EE000D9BF70B40E460146C58831F80A3FEC1AA6
:104EF000A3B2934228BF1346324670BCFFF7CABF25
:104F000010B54B880C88E41AA4B294420ED31A440C
:104F100092B28B884A800A800069D21A92B2824289
:104F200001D2002010BD03448B80FAE76FF015001A
:104F3000F8E7704703785B075FBF03684288C3F3F5
:104F40004A2303EB12105DBF173020F007008008E2
:104F5000002070470020704700F08BBD0346BFF370
:104F60005B8F53E8000F421C43E800210029F8D171
:104F7000BFF35B8F70471FB50023CDE90201CDE978
:104F800000331A4619461846F4F720FD05B05DF8BF
:104F900004FB0120F4F7F8B9002070474368DA7188
:104FA00043681960436801225A71F4F7DFB970B59C
:104FB000D2E901369B1B8B420C4615460AD3136877
:104FC0000A460146981900F0F3FFAB682344AB6032
:104FD000204670BD6FF01B00FBE770B50E4615460E
:104FE0001946044618B9BDE87040F4F7CDB933B19D
:104FF000C2F34A231030120D184400F0D9FFC4E95F
:1050000000562046BDE87040F4F72ABC2DE9F34174
:105010005F1C4FEA8708064608F1170020F00700DA
:1050200080080C461546F4F761FA0023ADF8053008
:105030008DF807308DF8047068B10346019A43F883
:10504000102FA8F104012A46294452F8045B43F8C2
:10505000045F8A42F9D1A20102F4E07242EA4822D6
:1050600022F07F4222F47002002322F03F023146F8
:1050700002B0BDE8F041FFF7B0BF07B501230192D0
:1050800001AAFFF7C3FF03B05DF804FB07B5CDE944
:10509000002302236A46FFF7B9FF03B05DF804FB63
:1050A0001FB5CDE90123069B039301AA0323FFF754
:1050B000ADFF05B05DF804FBF8B506460D46144695
:1050C0001F4604B9F8BD214628463A46B047241A7F
:1050D0000544F6E710B5426881680446D2E900232A
:1050E0000068FFF7E9FF636800221A6010BD0A2814
:1050F00038B504460D4602D10D20F4F703FD2946CC
:105100002046F4F7FFFC002038BD2DE9F0430546AA
:1051100087B008460E8891F80090D1F808800C46B8
:105120001746F4F7C3FC011EC6F38216C9F3C20981
:105130001EDB4846F4F7A6FB03462146608851F87B
:10514000102B0196C2F34A22002A01EB0204C0F39D
:105150000B1008BF00210022CDE90407CDE902149D
:10516000009241462846F4F7FDFC07B0BDE8F08305
:105170000023E2E710F0700F08D100F07F0310F079
:10518000800F18BF103301209840704700207047EF
:105190002DE9F84306460F469046994604254B46AE
:1051A000424639463046F7F7C7FF10F10B0F044669
:1051B00003D1FDF7D5FC013DF1D12046BDE8F883D0
:1051C000006840B150F8043C5B688B42A0F10400D9
:1051D00001D04068F5E77047006850B150F8043CD2
:1051E0005B685B689B788B42A0F1040001D040684B
:1051F000F3E7704730B5006888B150F8043C5B684D
:105200001A6A1D7F04380023043ADCB2A54201D893
:105210004068F1E7013312F833408C42F5D130BDDC
:1052200008B5F5F785FD28B1406810F1100F14BFDF
:105230000020012008BD4B1CDBB28170817680F814
:105240002530C37600F8061C704750E90231D0F8CB
:105250009C0018470369002283F84A2070470369BD
:1052600093F84A0050B193F8480038B1D3F8902031
:105270009388918910695B1A9BB2C01A70470369C1
:10528000002283F84B207047036993F8490008B166
:1052900093F84B00704708B50246FFF7F5FF30B9A9
:1052A0001046FFF7DCFF003818BF012008BD0120C1
:1052B000FCE70369C3E9001270470229036908D0BB
:1052C00004290BD001290ED1D3F8943013600020AB
:1052D000704793F89B30C3F34003F7E793F89B3094
:1052E00003F00103F2E76FF08500704708B540292D
:1052F00003693FD013D8102932D006D801291ED017
:10530000082920D06FF0120008BD2029FAD193F8A7
:105310009C1001F0FB0152B341F0040127E0B1F50C
:10532000807F30D0B1F5007F36D08029EAD193F864
:105330009C1001F0EF01D2B141F0100117E0C3F869
:1053400094200020E0E793F89C1001F0FE010AB1E0
:1053500041F0010183F89C100121F5F75FFFF0E7B0
:1053600093F89C1001F0FD010AB141F0020183F8AD
:105370009C10F2E793F89C1001F0F701002AF6D098
:1053800041F00801F3E793F89C1001F0DF01002AD7
:10539000EDD041F02001EAE793F89C1001F0BF0145
:1053A000002AE4D041F04001E1E770B50469054608
:1053B000D4F88C00F3F7B8FE94F8A0300646B3B1E9
:1053C000D4F88C209388918912695B1A9BB2D31A06
:1053D0003F2B0CD994F89E3033B16B681B6A224680
:1053E000187B0021F5F7B0FF002384F8A030304689
:1053F00070BD08B50122FFF7D8FF013818BF4FF084
:10540000FF3008BD0269D2F8901088898B8809693D
:105410001B1A9BB2994204BF002382F84830D2F88D
:105420008C30D9885B89994204BF002382F84930C7
:105430000120704708B50020F3F798FA014600688C
:10544000F6F712B908B5F6F76BF9BDE80840F6F7BC
:105450008BB90A460121FFF710BE00210120F6F7A3
:1054600003B961B662B680F31188BFF36F8F7047DE
:1054700072B6002383F31188BFF36F8FBFF34F8F92
:1054800030BF62B6BFF36F8F704772B6002383F3ED
:105490001188BFF36F8FBFF34F8F20BF80F3118848
:1054A000BFF36F8F62B67047202809D9B0F1004F63
:1054B00008D80138B0FA80F0C0F11F0040007047F2
:1054C000082070473E20704708B5D1E9043198475D
:1054D000002008BD08B5F6F7C9FF002008BD10B5CB
:1054E0000369C0E905330023C360837F044613B119
:1054F000407AF8F71BFF0123237700236377E377D4
:10550000A37710BDFFF7B9BDFBF776BDFBF744BE2F
:1055100038B50446F7F70EF8054660B1037A6BB16B
:1055200020460024F8F7ACFF2846AC77FFF7D7FFFA
:105530002C72204638BD6FF01500FBE76FF0770046
:10554000F8E770B504460E461546F7F77FFE30B90A
:1055500006B925B12046BDE87040F7F7CDBE70BD55
:1055600010B50C46F7F792FFEFF31183202282F378
:105570001288BFF36F8F02692260027B2AB9807D97
:1055800083F31188BFF36F8F10BD0420F8E7F8B5DF
:10559000069F0469C9B2EFF31186202585F31288AE
:1055A000BFF36F8F0C2569430C44A56C05F0070C05
:1055B000BCF1010F0BD1A76486F31188BFF36F8F85
:1055C000C4E9102343685B5898470020F8BD05F0F4
:1055D000C005AF4286F31188BFF36F8F0CBF6FF029
:1055E00077004FF0FF30F1E713B580240094FFF708
:1055F000CEFF02B010BD0069CBB200EB431000211A
:1056000010470020FAF706BA0020FAF775BA1046DC
:10561000FBF7FABF8022F8F7F9BF43685B68D3F85D
:1056200010350B600020704743685B6802EA010098
:1056300021EA0201C3F80805C3F80C1500207047E1
:1056400043685B680020C3F80815704743685B68CF
:105650000020C3F80C15704743685A68D2F8043527
:1056600021EA03000B40C2F80805C2F80C350020FF
:10567000704713B54FF080520829136E526E28BF41
:10568000082112BA00921BBA0C460A4669460193D9
:1056900000F08EFC204602B010BD4FF08043D3F8DE
:1056A000002402F00103910748BF43F010031107E3
:1056B00048BF43F48073D10348BF43F080035103D4
:1056C00048BF43F02003510748BF43F00203910352
:1056D00048BF43F08003110348BF43F08003D20268
:1056E00048BF43F008030360002070474FF0804339
:1056F0004FF0FF32C3F800240020704730B54368F4
:105700001360057A446804EBC504A34202D36FF02A
:10571000010030BD5C798C4201D00833F0E70020F5
:10572000F7E743681B68D3F88004C3F88004704728
:1057300042681368D3F8100150B1D2690020127882
:105740000A70C3F81001D3F8102101221A607047C3
:105750004FF0FF307047002A0FDD42681368D3F81E
:10576000100158B10020C3F81001D269D3F810011C
:1057700012780A700120186070470020704710B539
:10578000436819680369EFF31182202080F31288BF
:10579000BFF36F8F1868002484731B680120D873CF
:1057A0004FF48003C1F8043382F31188BFF36F8F85
:1057B00010BD03691A68012191731B680022DA7316
:1057C0007047026911680346C87B40B15B681B687B
:1057D000D3F8580118B100230B61136898897047FA
:1057E00043681B68D3F81001003818BF01207047C8
:1057F00043681B681022C3F80423704743681B6882
:105800001022C3F80823704743681B684FF40072E6
:10581000C3F80423704743681B684FF40072C3F851
:105820000823704738B543681D68D5F804335B0218
:10583000044605D4D5F8040310F0100006D138BD95
:10584000FFF7BFFF0028F5D00120F8E72046FFF75B
:10585000C7FF003818BF0120F1E701207047036936
:10586000186801601B685A60704702680346D2F8E6
:10587000580140B95B68DB0706D4D2F82001003834
:1058800018BF012070470120704713B501AA0446D4
:10589000FFF734FF002805DB019B2268197918689F
:1058A000F9F738FB02B010BD38B500210468054691
:1058B000C068FFF7EAFF0823C4F800352A7A52B916
:1058C000EB69C4F834350123C4F83835C4F8102125
:1058D000D4F81021236038BD10B543681C68C4F8A3
:1058E0004415C4F848250022C4F82021D4F820111A
:1058F000C4F858215B68D4F858215A0709D50269C1
:10590000936843F001019B07916002D14068FFF763
:10591000CBFF0123A36010BDF8B5066933689C89ED
:10592000BFF35B8F9442A8BF144605461033012293
:1059300053E8000F002803D143E80027002FF7D1D8
:10594000BFF35B8F0CBF134600231ED13368224682
:10595000986800F02DFBEFF31187202383F3128862
:10596000BFF36F8F6868FFF780FF336838B918613D
:10597000044687F31188BFF36F8F2046F8BD9968FE
:1059800022462846FFF7A8FFF3E71C46F5E72DE976
:10599000F041436806691C68D4F80423D205054623
:1059A00017D5D4F82021A2B1EFF31182202181F381
:1059B0001288BFF36F8FD4F8201131B10021C4F8E1
:1059C0002011D4F820110121E16082F31188BFF386
:1059D0006F8FD4F8582122B93368002B38D1BDE835
:1059E000F0815B685B0721D5EFF31187202383F3F8
:1059F0001288BFF36F8F2A696868936823F00101EA
:105A000013F00203916007D16A681268C2F800358A
:105A1000C0680121FFF739FF33681BB94FF48003D9
:105A2000C4F8083387F31188BFF36F8F3368002BF6
:105A3000D5D000221A613368DB7B1BB94FF4800399
:105A4000C4F8083333689A7B12B100229A73C6E710
:105A5000D4F8243123B10023C4F82431D4F82431FC
:105A600032681368002BBAD028465168BDE8F0416F
:105A7000184708B5F9F714FC08BDFEF7AFB908B52B
:105A8000F5F706FDF5F7DAFDBDE80840FEF7A6B923
:105A9000004700F02EB9C00000F1804000F5F8305A
:105AA000C0F81015C0F814257047FAF727BE43094F
:105AB0000AD0012B0BD14FF6FF7300F01F0023FA21
:105AC00000F000F0010070474FF0FF33F5E70020D1
:105AD00070472DE9F341019001A8DDE908580C4613
:105AE00017461E46FAF77CF8019B391E18BF0121A4
:105AF00000EB8300231E18BF0123002E43EA41035D
:105B000014BF0C210021002D43EA010314BF4FF400
:105B1000E0610021B8F1000F43EA0103D0F800274B
:105B200014BF4FF4403100210B4322EA030304B1B8
:105B300024780FB13F787F001C430EB13678B60051
:105B40003C438DB1297809023443B8F1000F03D0EA
:105B500098F800804FEA0848214341EA0801C0F85C
:105B6000001702B0BDE8F0812946EDE71FB50DF141
:105B70000F03019300238DF80F1000931A46194666
:105B8000FFF7A7FF05B05DF804FB08B50146FAF77B
:105B9000A1F810B10846FAF7B7F800F0010008BD07
:105BA00038B5054608460C46FAF7AEF8B0B10846D7
:105BB000FAF790F890B90846FAF780F82A680123B6
:105BC0008340C2F808332A6803B202EB8303D3F898
:105BD000102522F00302C3F8102538BD204600210D
:105BE000BDE83840FFF7C2BFFAF72CB9FFF7D8BFBE
:105BF00000F180431A68002A1FBF00221A601B6848
:105C0000012008BF002070474FF080434FF46072BE
:105C1000C3F8042370474FF080434FF46072C3F819
:105C20000823704708B5FAF7CBFCBDE80840F9F740
:105C30007FBF0369C26893429CBF81685B18013BC8
:105C4000981A70472DE9F041D0E902840546A8EB87
:105C500004064068964220440F46144404D900F0DC
:105C6000A7F9EC60BDE8F0813246A4EB080400F02F
:105C70009FF968682246B919F1E72DE9F843C5682C
:105C80000646894617464FF000083369B4687068C5
:105C90009D4228BF1B19641BBC4203F1FF3328BF80
:105CA0003C465B1B9C4228BF1C4649462844224672
:105CB00000F07EF9B3682544AB4208BF00253F1BC6
:105CC000A044A144F560E0D14046BDE8F88308B5A2
:105CD000FAF7DEFD002008BDEFF31180202383F3E7
:105CE0001288BFF36F8F704780F31188BFF36F8FF7
:105CF000704708B1F6F702BC704740B1C3685878E6
:105D000010F001001EBF1878B0FA80F0400970470B
:105D1000EFF31183202383F31288BFF36F8FFEE725
:105D200010B54369044633B90020E268537843F064
:105D30000103537010BD98470028F5D00028B8BF64
:105D40004042E368FF28A8BFFF201870EDE700F08D
:105D50003DB900F02DB98169C36843EA010212F030
:105D600003020FD102614269013A01FB0233C268AA
:105D70009A4201D90020704702691A608269036162
:105D80009B1AF4E76FF01500704710B5C0E90532B3
:105D90000023C160C36183600446FFF7DCFF002875
:105DA000A8BFC4E9004410BD90F90E308B4201D069
:105DB000FCF7A0BC0020704703460020C3E90200A6
:105DC000C3E90033704710B5044630B10268930749
:105DD00003D0446809B100F0DAF8204610BD07B5D9
:105DE0000123009300230A461946FBF7C5FA03B0C6
:105DF0005DF804FB3AB18A4205D3C0E90212C0E95A
:105E00000000002070476FF0150070470268012302
:105E10008B4022EA0303036022FA01F000F0010044
:105E2000704720B100221146AC30FDF797B970479A
:105E300010B5FBF7CDFE041E08DDEFF31180202323
:105E400083F31288BFF36F8FFCF770FD204610BDFF
:105E5000EFF30580003818BF0120704760307047AD
:105E6000D0E9003213605A600023C0E90033704764
:105E700038B504460D46FCF735F9637B43F0020361
:105E80006373E5B1A5602B689D4209D16B68C4E9D5
:105E900000531C606C6012E06A689A42F6D01B687E
:105EA000002BF3D094F90E2093F90E108A42F3D010
:105EB0009142F1DD5A68C4E9003214605C6038BD7B
:105EC00001211838FCF7EEBA10B50446FCF7A2FA27
:105ED00004F11800BDE81040FDF7E2BB38B50468D6
:105EE0000546AC424FF0000000D138BD002CFCD07C
:105EF0002046FFF7E9FF2046FCF746FA2C68012010
:105F0000A542F1E708B50246FDF7B8FA70B1D0E94D
:105F100004319B1A61EBE272B3F1004F72F10001A0
:105F200004DA002AACBF1846002008BD6FF000401C
:105F3000FBE708B5FDF7B8FC08BDFDF7B5BC0023CD
:105F4000C0E9081200F11802C0E90622C0E90033D6
:105F500003634363704710B50446FDF7A1FBA8B97E
:105F6000636A0BB12046984704F11800FCF774FBF4
:105F700060B1FCF709FAEFF31180202383F3128854
:105F8000BFF36F8FBDE81040FCF7D0BC10BD20B14F
:105F9000011F50F8040CFDF7B7BE704710B400F1B4
:105FA0000C04C0E903440024446110BCF1F734BD83
:105FB0000A44914200F1FF3300D1704710B511F847
:105FC000014B03F8014F9142F9D110BD0244034641
:105FD000934200D1704703F8011BF9E710B501396E
:105FE000044632B111F8013F00F8013B013A002BA1
:105FF000F7D10021FFF7EAFF204610BD10B5024699
:1060000001448A42134603D01C780132002CF8D197
:10601000181A10BDF0B5C3F137070446FFB203F0FC
:106020001F031046082BE6B233D0102B3ED0650874
:10603000A40844EA817445EAC1752D194FEA91021A
:1060400042EB5102290941EA02716D1842EB12122A
:10605000290A41EA02616D1842EB1222290C41EA39
:1060600002416D1842EB1242AD1842F10002EC08F9
:1060700044EA4274D10804EB8402A6EB4205EDB277
:10608000092D0CD90134A5F10A0541F10001EDB249
:1060900012E0E40844EA417406F00705C908303507
:1060A00054EA010200F8015BBCD1F0BD240944EAC6
:1060B000017406F00F050909092D84BFED19EDB231
:1060C000EDE7D1E9043293421EBF5A1C0A611870F1
:1060D000704700000148006870470000BC190020AC
:1060E0005410FF7F01000000B9C40200000000004E
:1060F0000000000078610300CF5C03000000000096
:10610000D10C030000000000B93C030000000000B7
:1061100000000000B8610300000000009861030067
:10612000D9E90200000000007B5A030000000000D3
:1061300000000000F861030000000000D8610300C7
:106140000DF5020000000000919102000000000027
:1061500095C402000000000041B4020000000000ED
:106160007F5A030000000000B13D03000000000062
:1061700045C6020000000000868303006866030035
:10618000EC630300AE0600207C240020ADE6020094
:106190000000000000000000CE84030080660300C1
:1061A000C8630300B0060020D824002071EE02006E
:1061B0000000000000000000DC840300986603007B
:1061C000C8630300B2060020E424002071EE020040
:1061D0000000000000000000CF73030078080020DA
:1061E00008640300AC060020C0040020D5B1020002
:1061F000000000000000000011850300B0660300ED
:106200006C640300B40600201006002061F1020057
:106210000000000000000000255C0300915A03000C
:10622000000000005B540300F86103008F59030075
:10623000000000005B540300000000005B540300FA
:10624000000000005B54030029030300915A03007F
:10625000000000005B540300000000005B540300DA
:10626000000000005B540300000000005B540300CA
:10627000000000005B540300000000005B540300BA
:10628000000000005B540300000000005B540300AA
:10629000000000005B540300000000005B5403009A
:1062A00000000000E5F20200000000005B54030063
:1062B000000000005B540300000000005B5403007A
:1062C000000000005B540300000000005B5403006A
:1062D000000000005B540300000000005B5403005A
:1062E000000000005B540300000000005B5403004A
:1062F000000000005B540300000000005B5403003A
:10630000000000005B540300000000005B54030029
:10631000000000005B540300000000005B54030019
:10632000000000005B540300000000005B54030009
:10633000000000005B540300000000005B540300F9
:10634000000000005B540300000000005B540300E9
:1063500091DA0200915A0300000000005B54030030
:10636000000000005B540300000000005B540300C9
:10637000000000005B540300000000005B540300B9
:10638000000000005B540300000000005B540300A9
:10639000000000005B540300A008002040280020FB
:1063A00000060000CF4603000000000000000000CF
:1063B000000000000500000000000000E469030088
:1063C000FFFFFFFFFFFFFFFF5DEC02001B56030016
:1063D00029560300415603004D5603005956030049
:1063E00035EB020039EA02000000000005E7020078
:1063F00015560300E955030000000000D5E5020032
:10640000000000000000000000000000000000008C
:10641000000000000000000000000000000000007C
:10642000F353030061B20200000000008DB00200CF
:10643000AB5303006DB00200555203005F520300DE
:106440004DB002007F52030000000000895203009B
:1064500000000000000000009752030005540300F4
:10646000B3520300ED520300BB52030000000000D2
:10647000000000000000000000000000000000001C
:106480000000000031570300B5F00200235703005D
:1064900019590300575703007F570300B3570300F0
:1064A000C3570300F1570300FD570300C357030010
:1064B000E15703000958030017580300255803004B
:1064C0005B5803005F58030000000000000000005C
:1064D000F469030003000000846D03000300000062
:1064E0007169030003000000A183030003000000A2
:1064F000396A030003000000AE70030003000000CF
:10650000B2700300030000001569030003000000DF
:10651000637A0300030000001583030003000000FA
:106520008189030003000000717C03000300000068
:106530008B6A030003000000BF6903000300000032
:106540001F85030003000000777F030003000000A5
:10655000D4650300B0120020727203000100000035
:1065600000C2010000000800000000000000000060
:106570000338FDD870470000000000000000000054
:106580000000000000000000E00900200001000001
:10659000934F0300354F0300020000000B5103002E
:1065A00000000000000000000000000000000000EB
:1065B000527203005A720300000000000000000045
:1065C0000000000062720300667203006A7203003A
:1065D0006E720300299F02001D9F02004D9F020062
:1065E000059F020000000000119F02000000000053
:1065F000A99F0200B8120020C92700201000000047
:106600000000000035540300F8050020F0050020CC
:10661000E805002000000000E0050020A9B5020008
:106620009DB40200F1B4020051B50200C004002084
:106630000000000000000B0602000000406603009E
:10664000000000005C7C0300260002060000002021
:10665000647C030022000B11E5C7020099E50200EB
:1066600085E602000000000015E8020039E702009C
:106670009583030003560300095603009B83030020
:10668000FFFF0000000300500000000001000000B8
:106690000060004000000000FFFFFFFF000000500E
:1066A000000000000000000000600040000000004A
:1066B000002000400100000000000000D066030040
:1066C0000000001000000000F5270020F427002043
:1066D00000200040DC66030001000000E4660300C7
:1066E000020000002B0000002C0600010800000042
:1066F00003000000E4880300F28803000689030019
:106700001589030021890300E8600300E8600300A5
:106710004061030048610300786103007861030071
:106720008592030000010000FF8FFFFFFF8FFFFF36
:10673000FE8FFFFFFE8FFFFFFD8FFFFFFC8FFFFF30
:10674000FC8FFFFF6D757465785F66726565206309
:10675000616C6C65642077697468204E554C4C20E0
:10676000706172616D6574657200000043616E272F
:106770007420696E697469616C697A65206D7574DD
:1067800065782C20776173204E554C4C0D0A000023
:10679000436F756C64206E6F74206C6F636B207038
:1067A0006F7765722073617665206D75746578000A
:1067B0004342504D20646F6E676C65207625752EC0
:1067C0002575207374617274696E67006E6F207333
:1067D0007461747573204C4544206F6E2074686931
:1067E0007320626F61726400574553545F544F5079
:1067F0004449522F7A65706879722F696E636C759F
:1068000064652F7A65706879722F64726976657233
:10681000732F6770696F2E6800286366672D3E705E
:106820006F72745F70696E5F6D61736B20262028D4
:106830006770696F5F706F72745F70696E735F7499
:10684000292831554C203C3C202870696E29292983
:1068500020213D20305500415353455254494F4E5D
:10686000204641494C205B25735D20402025733A2A
:1068700025640A0009556E737570706F72746564D3
:106880002070696E0A00434443206C696E6B206679
:1068900061696C65642028256429202D2D20746889
:1068A0006520686F73742077696C6C207365652050
:1068B0006E6F20706F727400526F6F20554152548A
:1068C000206661696C65642028256429006D6F6409
:1068D000652025752C20626C652025752C2075613E
:1068E00072742025752C20746F5F726F6F20257570
:1068F000204220282575206C6F7374292C20746F1A
:106900005F686F7374202575204220282575206CE0
:106910006F737429006D61696E004344432D4143D8
:106920004D20646576696365206E6F7420726561C1
:106930006479007573625F656E61626C6520666183
:10694000696C65642028256429004344432D414334
:106950004D207570202862756666657273202575F6
:106960002062797465732065616368207761792995
:10697000006364635F6C696E6B00756172743020D4
:106980006E6F7420726561647900756172745F6303
:10699000616C6C6261636B5F736574206661696CC6
:1069A0006564202825642900526F6F205541525498
:1069B0002075702061742025642062617564007503
:1069C0006172745F6C696E6B0070756D705F746F6F
:1069D0005F726F6F006272696467652073746172C1
:1069E0007465640070756D705F746F5F726F6F5F58
:1069F00074696400627269646765005541525400AD
:106A0000424C4500636F6E74726F6C206368616EF8
:106A10006E656C2072656164792C20766572627394
:106A2000203078253032582E2E3078253032582CB0
:106A3000206D6F646520257300646F6E676C655F01
:106A40006374726C0020285741544348444F4729CF
:106A500000626F6F742025752C2072657365742039
:106A600063617573652030782530387825732C2064
:106A700070726576696F7573206D6F64652025751A
:106A80002C206661756C74202575007379735F68BE
:106A900065616C746800574553545F544F504449C6
:106AA000522F7A65706879722F6C69622F68656100
:106AB000702F686561702E63006368756E6B5F751B
:106AC00073656428682C2063290009756E657870E9
:106AD00065637465642068656170207374617465B2
:106AE0002028646F75626C652D667265653F29208C
:106AF000666F72206D656D6F7279206174202570EC
:106B00000A006C6566745F6368756E6B28682C207C
:106B100072696768745F6368756E6B28682C2063A0
:106B20002929203D3D20630009636F7272757074DE
:106B30006564206865617020626F756E64732028DB
:106B4000627566666572206F766572666C6F773FF8
:106B50002920666F72206D656D6F727920617420D7
:106B600025700A006279746573203E206865617043
:106B70005F666F6F7465725F62797465732862799E
:106B8000746573290009686561702073697A6520EE
:106B9000697320746F6F20736D616C6C0A00686597
:106BA00061705F737A203E206368756E6B737A281C
:106BB00073697A656F6628737472756374207A5F7F
:106BC000686561702929006368756E6B305F736951
:106BD0007A65202B206D696E5F6368756E6B5F73DD
:106BE000697A65286829203C3D20686561705F737B
:106BF0007A00574553545F544F504449522F7A6599
:106C0000706879722F6C69622F6F732F6362707274
:106C1000696E74665F7061636B616765642E6300A3
:106C200009537472696E67207769746820746F6F96
:106C3000206D616E7920617267756D656E74730A7F
:106C400000097374725F7074725F706F735B5D20A4
:106C5000746F6F20736D616C6C0A0009756E6578D6
:106C60007065637465642073697A652025750A0010
:106C700009746F6F206D616E7920666F726D61743B
:106C800020617267730A00696E5F7061636B616790
:106C9000656420213D202828766F6964202A2930E8
:106CA000290028756E7369676E65642920636861C1
:106CB00072202A207573656420666F722025257006
:106CC00020617267756D656E742E2049742773207C
:106CD0007265636F6D6D656E64656420746F2063AB
:106CE00061737420697420746F20766F6964202A40
:106CF0002062656361757365206974206D61792018
:106D00006361757365206D69736265686176696F2B
:106D10007220696E206365727461696E20636F6EA4
:106D200066696775726174696F6E732E2053747231
:106D3000696E673A2225732220617267756D656EF0
:106D4000743A256400736370795F636E74203C202D
:106D500073697A656F66286370795F7374725F70A8
:106D60006F7329006B6565705F636E74203C2073E0
:106D7000697A656F66286B6565705F7374725F70A2
:106D80006F73290063627072696E74665F7061630D
:106D90006B61676500574553545F544F50444952E7
:106DA0002F7A65706879722F6C69622F6F732F6DFF
:106DB0007073635F706275662E6300657272203D4A
:106DC0003D203000574553545F544F504449522F93
:106DD0007A65706879722F696E636C7564652F7A55
:106DE00065706879722F7370696E6C6F636B2E6853
:106DF000007A5F7370696E5F6C6F636B5F76616C56
:106E00006964286C290009496E76616C6964207395
:106E100070696E6C6F636B2025700A007A5F737007
:106E2000696E5F756E6C6F636B5F76616C69642809
:106E30006C2900094E6F74206D79207370696E6C37
:106E40006F636B2025700A004661696C656420746D
:106E50006F207265626F6F743A207370696E6E692D
:106E60006E6720656E646C6573736C792E2E2E0AC6
:106E700000574553545F544F504449522F7A657020
:106E80006879722F6C69622F7574696C732F6F6EDD
:106E90006F66662E63007374617465203D3D20301B
:106EA0005500217379735F736C6973745F69735FE5
:106EB000656D70747928266D67722D3E636C696507
:106EC0006E747329007472616E73697420213D20A1
:106ED0002828766F6964202A293029007374617428
:106EE00065203D3D202831554C203C3C202831294F
:106EF00029006D67722D3E72656673203D3D20301E
:106F0000007374617465203D3D202831554C203C50
:106F10003C2028302929006D67722D3E726566730A
:106F2000203E203000287374617465203D3D202888
:106F30002831554C203C3C2028322929207C20280F
:106F400031554C203C3C20283129292929207C7CA2
:106F500020287374617465203D3D20282831554CEC
:106F6000203C3C2028322929207C2030552929200A
:106F70007C7C20287374617465203D3D2028283175
:106F8000554C203C3C2028322929207C2028315592
:106F90004C203C3C202830292929290057455354AE
:106FA0005F544F504449522F7A65706879722F6C44
:106FB00069622F7574696C732F6E6F746966792EB0
:106FC0006300574553545F544F504449522F7A65DC
:106FD000706879722F6C69622F7574696C732F7287
:106FE000696E675F6275666665722E63006C6F67B7
:106FF00067696E6700574553545F544F5044495278
:107000002F7A65706879722F7375627379732F6C3C
:107010006F6767696E672F6C6F675F636F72652E4E
:1070200063006C6F675F6261636B656E645F636F63
:10703000756E745F6765742829203C2028283332D8
:10704000202F20335529202D202831202B20302996
:1070500029006261636B656E64203C3D205F6C6F4C
:10706000675F6261636B656E645F6C6973745F65B3
:107070006E640009756E6578706563746564206C74
:1070800069737420656E64206C6F636174696F6EE0
:107090000A006C6F675F6261636B656E645F636F4C
:1070A000756E745F6765742829203E2030006C6F10
:1070B00067006C6F675F6D676D74004D657373611A
:1070C0006765202822257322292064726F707065FD
:1070D00064206265636175736520697420657863F7
:1070E000656564732073697A65206C696D69746184
:1070F00074696F6E202825752900574553545F54D5
:107100004F504449522F7A65706879722F737562B7
:107110007379732F6C6F6767696E672F6C6F675F2A
:107120006D73672E6300706C656E203E3D203000ED
:107130004D6573736167652064726F70706564205C
:107140006265636175736520697420657863656540
:1071500064732073697A65206C696D697461746900
:107160006F6E2028257529000D0A00574553545F7E
:10717000544F504449522F7A65706879722F737555
:10718000627379732F6C6F6767696E672F6C6F67B7
:107190005F6F75747075742E63006F75745F6374C0
:1071A000782D3E636F6E74726F6C5F626C6F636B91
:1071B0002D3E6F6666736574203C3D206F75745F6D
:1071C0006374782D3E73697A65001B5B306D006CCB
:1071D0006576656C203C3D203400257320005B25DE
:1071E00030386C755D20005B253032753A253032C1
:1071F000753A253032752E253033752C2530337590
:107200005D200025732F003C25733E200025733A36
:107210002000657272203E3D2030002530327820FB
:1072200000202020007C00256300206D65737361C1
:107230006765732064726F70706564202D2D2D0D4D
:107240000A1B5B306D001B5B313B33316D2D2D2DE7
:1072500020001B5B313B33316D001B5B313B333313
:107260006D006572720077726E00696E660064620E
:1072700067006C6F675F6261636B656E645F7274F9
:107280007400574553545F544F504449522F7A6508
:10729000706879722F7375627379732F7573622FAB
:1072A0006465766963652F7573625F64657669638B
:1072B000652E63006366675F64617461203C3D20F6
:1072C0005F7573625F6366675F646174615F6C6959
:1072D00073745F656E64003031323334353637385D
:1072E0003941424344454600574553545F544F503B
:1072F0004449522F7A65706879722F737562737979
:10730000732F7573622F6465766963652F75736279
:107310005F64657363726970746F722E6300726567
:1073200074203D3D203000094661696C656420741D
:107330006F2066696E642076616C696420624D61BD
:10734000785061636B657453697A65300A006275C1
:10735000665B61736369695F6964785F6D61785DBD
:10736000203E2030783146202626206275665B61FB
:10737000736369695F6964785F6D61785D203C2043
:107380003078374600094F6E6C79207072696E74E0
:1073900061626C652061736369692D372063686180
:1073A000726163746572732061726520616C6C6FC9
:1073B00077656420696E2055534220737472696E3C
:1073C000672064657363726970746F72730A006218
:1073D0006F6172645F6364635F61636D5F75617247
:1073E0007400757362776F726B71002A2A2A2042CB
:1073F0006F6F74696E67206E524620436F6E6E65C4
:1074000063742053444B2076332E312E302D366357
:1074100036653562333234393665202A2A2A0A0025
:107420002A2A2A205573696E67205A657068797216
:10743000204F532076342E312E39392D31363132CA
:107440003638336434303130202A2A2A0A006D75E8
:107450007465785F696E69742063616C6C65642023
:1074600077697468204E554C4C20706172616D656F
:1074700074657200436F756C64206E6F7420616C6C
:107480006C6F63617465206D7574657820626566E4
:107490006F726520696E697469616C697A696E677B
:1074A0000072302F61313A20203078253038782032
:1074B0002072312F61323A20203078253038782000
:1074C0002072322F61333A2020307825303878000E
:1074D00072332F61343A202030782530387820728A
:1074E00031322F69703A2020307825303878207278
:1074F00031342F6C723A20203078253038780020D3
:10750000787073723A2020307825303878004661E0
:10751000756C74696E6720696E73747275637469D3
:107520006F6E206164647265737320287231352F29
:107530007063293A2030782530387800556E6861BC
:107540006E646C6564204952516E3A202564002AAD
:107550002A2A2A2A20425553204641554C54202A93
:107560002A2A2A2A002020537461636B696E6720DF
:107570006572726F72002020556E737461636B695F
:107580006E67206572726F720020205072656369A9
:107590007365206461746120627573206572726F17
:1075A0007200202042464152204164647265737328
:1075B0003A2030782578002020496D707265636923
:1075C0007365206461746120627573206572726FE7
:1075D00072002020496E737472756374696F6E2037
:1075E000627573206572726F72002020466C6F6145
:1075F00074696E672D706F696E74206C617A792082
:1076000073746174652070726573657276617469F4
:107610006F6E206572726F72002A2A2A2A2A2055FC
:1076200053414745204641554C54202A2A2A2A2AAC
:107630000020204469766973696F6E206279207A30
:1076400065726F002020556E616C69676E656420FD
:107650006D656D6F727920616363657373002020BF
:107660004E6F20636F70726F636573736F72206902
:107670006E737472756374696F6E73002020496C49
:107680006C6567616C206C6F6164206F6620455883
:10769000435F52455455524E20696E746F205043DB
:1076A000002020496C6C6567616C20757365206FE4
:1076B0006620746865204550535200202041747440
:1076C000656D707420746F206578656375746520CE
:1076D000756E646566696E656420696E7374727533
:1076E0006374696F6E002A2A2A2A2A204D50552079
:1076F0004641554C54202A2A2A2A2A002020537415
:1077000061636B696E67206572726F722028636FA8
:107710006E746578742061726561206D6967687444
:10772000206265206E6F742076616C696429002088
:107730002044617461204163636573732056696FEF
:107740006C6174696F6E0020204D4D46415220419E
:107750006464726573733A2030782578002020497C
:107760006E737472756374696F6E204163636573C1
:10777000732056696F6C6174696F6E00574553547E
:107780005F544F504449522F7A65706879722F6167
:107790007263682F61726D2F636F72652F636F72F2
:1077A0007465785F6D2F6661756C742E6300212897
:1077B00028285343425F54797065202A29202828BD
:1077C00030784530303045303030554C29202B2032
:1077D000307830443030554C2920292D3E434653D3
:1077E000522026202831554C203C3C202830552062
:1077F0002B2034552929290009537461636B696E64
:1078000067206572726F72206E6F742061207374CE
:1078100061636B206661696C0A0A00526573657268
:1078200076656420457863657074696F6E20280002
:1078300053707572696F757320696E7465727275B5
:10784000707420284952512000535053454C2069F0
:107850006E20746872656164206D6F646520646F6A
:107860006573206E6F7420696E646963617465204E
:107870005053500065736620213D202828766F699B
:1078800064202A293029000945534620636F756C0E
:1078900064206E6F7420626520726574726965760B
:1078A0006564207375636365737366756C6C792E9C
:1078B000205368616C6C206E65766572206F63631F
:1078C00075722E0A002A2A2A2A2A20484152442068
:1078D0004641554C54202A2A2A2A2A002020427543
:1078E00073206661756C74206F6E20766563746FAB
:1078F00072207461626C65207265616400202044AE
:1079000065627567206576656E7400202046617536
:107910006C7420657363616C6174696F6E20287389
:1079200065652062656C6F772900415243485F4569
:107930005843455054207769746820726561736FAD
:107940006E2025780A00094661756C7420657363A2
:10795000616C6174696F6E20776974686F757420EB
:1079600046535220696E666F0A0009486172644688
:1079700061756C7420776974686F7574204846531C
:107980005220696E666F205368616C6C206E65765C
:107990006572206F636375720A002A2A2A2A2A20D8
:1079A0004465627567206D6F6E69746F72206578CB
:1079B00063657074696F6E202A2A2A2A2A002A2A8F
:1079C0002A2A2A20257320256429202A2A2A2A2ABD
:1079D00000574553545F544F504449522F7A6570B5
:1079E0006879722F617263682F61726D2F636F7295
:1079F000652F636F727465785F6D2F6972715F6D4B
:107A0000616E6167652E63007072696F203C3D2076
:107A1000282831554C203C3C2028332929202D2072
:107A200031290009696E76616C6964207072696F32
:107A30007269747920256420666F7220256420693C
:107A40007271212076616C756573206D7573742079
:107A50006265206C657373207468616E20256C7597
:107A60000A0A006D7075004661696C656420746F68
:107A700020616C6C6F63617465206E6577204D507A
:107A80005520726567696F6E2025750A0050617216
:107A9000746974696F6E2025753A2073616E69741C
:107AA0007920636865636B206661696C65642E008C
:107AB000574553545F544F504449522F7A6570686C
:107AC00079722F617263682F61726D2F636F7265B7
:107AD0002F6D70752F61726D5F6D70752E6300096B
:107AE000436F6E6669677572696E672025752073CE
:107AF0007461746963204D505520726567696F6EBB
:107B000073206661696C65640A0A0009436F6E66DA
:107B100069677572696E672025752064796E616D7D
:107B20006963204D505520726567696F6E732066DA
:107B300061696C65640A0A00095265717565737440
:107B400020746F20636F6E6669677572653A2025D1
:107B50007520726567696F6E732028737570706F1A
:107B6000727465643A202575290A0A002128726515
:107B700067696F6E5B6964785D2E64745F617474AD
:107B8000722026202831554C203C3C2028302929C1
:107B900029000952414D5F4E4F43414348452077EC
:107BA0006974682044545F4D454D5F4341434845E7
:107BB00041424C45206174747269627574650A0AA9
:107BC00000094661696C656420746F20616C6C6F9C
:107BD00063617465204D505520726567696F6E73DF
:107BE0002066726F6D2044540A0A002828284D50E0
:107BF000555F54797065202A29202828307845302F
:107C0000303045303030554C29202B2030783044EE
:107C10003930554C2920292D3E54595045202620D5
:107C20002830784646554C203C3C203855292920A0
:107C30003E3E203855203D3D20380009496E766192
:107C40006C6964206E756D626572206F66204D50A0
:107C50005520726567696F6E730A0A00464C41537E
:107C6000485F30005352414D5F300000000100007A
:107C700000736F630055534244206576656E74202F
:107C80006D656D6F727920636F7272757074656463
:107C900000574553545F544F504449522F7A6570F2
:107CA0006879722F647269766572732F7573622FAB
:107CB0006465766963652F7573625F64635F6E7276
:107CC00066782E6300757362645F776F726B710004
:107CD00065705F6374780055534244206576656E25
:107CE0007420616C6C6F636174696F6E206661698A
:107CF0006C65642100556E6B6E6F776E2055534234
:107D000020706F776572206576656E74202564003B
:107D10006E6F742061747461636865642C204550D3
:107D200020307825303278206576656E7420647254
:107D30006F707065640065705F6374782D3E636674
:107D4000672E74797065203D3D205553425F444352
:107D50005F45505F434F4E54524F4C0009496E7679
:107D6000616C6964206576656E74206F6E20435483
:107D7000524C2045502E0A006E5246205553424424
:107D8000207472616E73666572206572726F722004
:107D9000284F5554293A20307825303278004661F2
:107DA000696C656420746F20616C6C6F632065760C
:107DB000740055534244206576656E742071756574
:107DC00075652066756C6C2100556E6B6E6F776EF5
:107DD0002055534244206576656E743A20256864C8
:107DE00000556E6578706563746564206576656EB0
:107DF0007420286E7266785F75736264293A202554
:107E0000642C20657020307825303278005F6570F2
:107E10005F7374617475735F676574206661696C04
:107E200065642120436F64653A20256400616464C1
:107E300072203D3D202875696E74385F74292828AA
:107E40004E52465F555342445F547970652A29204B
:107E500030783430303237303030554C292D3E5563
:107E600053424144445200095553422041646472D4
:107E700065737320696E636F7272656374210A00A3
:107E8000696E76616C696420656E64706F696E748A
:107E900020636F6E66696775726174696F6E0069E1
:107EA0006E76616C696420656E64706F696E7420B3
:107EB000696E6465782F6164647265737300696EBE
:107EC00076616C696420656E64706F696E7420748D
:107ED0007970650069736F20656E64706F696E7488
:107EE0002063616E206F6E6C792062652069736F0C
:107EF000004550206D6178207061636B657420735C
:107F0000697A65206D757374206265206120706FD9
:107F1000776572206F662032005354414C4C2075B7
:107F20006E737570706F72746564206F6E20495344
:107F30004F20656E64706F696E7400456E64706F7B
:107F4000696E7420307825303278206973206E6F26
:107F50007420656E61626C6564006E5246205553F4
:107F60004244207772697465206572726F723A209C
:107F7000256400010002037573625F6E726678000B
:107F8000574553545F544F504449522F7A65706897
:107F900079722F647269766572732F7573622F63BD
:107FA0006F6D6D6F6E2F6E72665F757362645F6367
:107FB0006F6D6D6F6E2F6E72665F757362645F6357
:107FC0006F6D6D6F6E2E630028282828657020263F
:107FD000203078383029203D3D2030783830292035
:107FE0002626202828657020262030784629203C27
:107FF00020392929207C7C202828286570202620EB
:108000003078383029203D3D203029202626202870
:1080100028657020262030784629203C20392929DF
:1080200029006D5F6472765F7374617465203D3DF5
:10803000204E5246585F4452565F53544154455F58
:10804000494E495449414C495A4544006B5F736558
:108050006D5F636F756E745F6765742826646D610C
:108060005F617661696C61626C6529203D3D2031FC
:10807000006D5F6472765F7374617465203D3D20AE
:108080004E5246585F4452565F53544154455F50D8
:108090004F57455245445F4F4E0028282873697A50
:1080A000652026202873697A65202D203129292012
:1080B0003D3D203029207C7C20282865702026200A
:1080C0003078462920213D20302929002873697AFB
:1080D0006520213D203029207C7C202828657020C7
:1080E00026203078462920213D20302900282828C4
:1080F000657020262030784629203E3D20382920F2
:108100002626202873697A65203C3D2075736264B9
:108110005F65705F69736F5F6361706163697479D4
:10812000286570292929207C7C2028212828657031
:1081300020262030784629203E3D2038292026263A
:10814000202873697A65203C3D2036342929006552
:1081500076656E745F68616E646C657200705F74E2
:1081600072616E7366657220213D202828766F69E2
:1081700064202A293029002828657020262030789C
:10818000383029203D3D203078383029207C7C2033
:1081900028705F7472616E736665722D3E705F64E5
:1081A0006174612E7278203D3D202828766F6964C5
:1081B000202A29302929207C7C20286E7266785F4D
:1081C00069735F696E5F72616D28705F7472616E52
:1081D000736665722D3E705F646174612E727829DA
:1081E0002900216E72665F757362645F636F6D6DE7
:1081F0006F6E5F73757370656E645F636865636BE4
:10820000282900705F73746174652D3E6D6F72650F
:108210005F7472616E73616374696F6E73007478FA
:108220005F73697A65203C3D2036340065705F736A
:10823000697A65203E3D20646174615F73697A6587
:108240000028705F7472616E736665722D3E705F98
:10825000646174612E7278203D3D202828766F6914
:1082600064202A29302929207C7C206E7266785F60
:1082700069735F696E5F72616D28705F7472616EA1
:10828000736665722D3E705F646174612E72782929
:10829000007472616E736665722E73697A65203D33
:1082A0003D2030007472616E736665722E73697A58
:1082B00065203D3D2072785F73697A65002128282A
:1082C000657020262030784629203E3D2038290040
:1082D000282865702026203078383029203D3D2020
:1082E0003029006D5F6472765F737461746520215C
:1082F0003D204E5246585F4452565F5354415445B8
:108300005F554E494E495449414C495A4544000035
:1083100001010101016E72665F757362645F636FD4
:108320006D6D6F6E00574553545F544F5044495222
:108330002F7A65706879722F647269766572732F0F
:10834000636C6F636B5F636F6E74726F6C2F636CC3
:108350006F636B5F636F6E74726F6C5F6E72662EAD
:10836000630074797065203C20434C4F434B5F435E
:108370004F4E54524F4C5F4E52465F545950455FDA
:10838000434F554E5400636C6F636B403430303054
:1083900030303030006866636C6B006C66636C6B09
:1083A00000636C6F636B5F636F6E74726F6C00570A
:1083B0004553545F544F504449522F7A6570687941
:1083C000722F696E636C7564652F7A657068797257
:1083D0002F647269766572732F6770696F2F67708B
:1083E000696F5F7574696C732E680063616C6C6291
:1083F00061636B00094E6F2063616C6C6261636B3B
:10840000210A0063616C6C6261636B2D3E68616E72
:10841000646C657200094E6F2063616C6C6261630D
:108420006B2068616E646C6572210A005745535475
:108430005F544F504449522F6D6F64756C65732FB4
:1084400068616C2F6E6F726469632F6E7266782F2D
:1084500068616C2F6E72665F6770696F2E68006E60
:1084600072665F6770696F5F70696E5F7072657367
:10847000656E745F636865636B282A705F70696EF0
:108480002900574553545F544F504449522F7A6541
:10849000706879722F647269766572732F6770697C
:1084A0006F2F6770696F5F6E7266782E63006572FA
:1084B00072203D3D204E5246585F5355434345532D
:1084C000530063622D3E68616E646C657200677074
:1084D000696F403530303030333030006770696F4D
:1084E00040353030303030303000000102030405B8
:1084F00006074661696C656420746F20616C6C6F5F
:108500006361746520505049204368616E6E656CEC
:108510000075617274403430303032303030007564
:108520006172745F6E7266785F7561727465000067
:108530000000000001010000000000574553545F97
:10854000544F504449522F6D6F64756C65732F689A
:10855000616C2F6E6F726469632F6E7266782F6420
:108560007269766572732F7372632F6E7266785FAD
:10857000636C6F636B2E6300574553545F544F50C9
:108580004449522F6D6F64756C65732F68616C2F51
:108590006E6F726469632F6E7266782F68616C2FDC
:1085A0006E72665F636C6F636B2E68006D5F636CE9
:1085B0006F636B5F63622E6D6F64756C655F696E70
:1085C000697469616C697A656400574553545F54F6
:1085D0004F504449522F6D6F64756C65732F6861FD
:1085E0006C2F6E6F726469632F6E7266782F68618C
:1085F0006C2F6E72665F6770696F74652E680069B4
:108600006E646578203C203800574553545F544FC2
:10861000504449522F6D6F64756C65732F68616C9F
:108620002F6E6F726469632F6E7266782F64726941
:10863000766572732F7372632F6E7266785F6770E0
:10864000696F74652E63006E7266795F6770696F1B
:108650005F70696E5F70726573656E745F63686585
:10866000636B2870696E290070696E5F69735F695A
:108670006E70757428705F696E7374616E63652CBB
:108680002070696E290070696E5F6861735F747233
:10869000696767657228705F696E7374616E636580
:1086A0002C2070696E2900705F6368616E6E656C66
:1086B00000696E745F656E61626C65000020303029
:1086C00030303030303030303030303000015745CD
:1086D00053545F544F504449522F6D6F64756C650D
:1086E000732F68616C2F6E6F726469632F6E726690
:1086F000782F647269766572732F7372632F6E724E
:1087000066785F706F7765722E6300705F636F6E5F
:1087100066696700705F636F6E66696720213D2040
:108720002828766F6964202A293029006D5F706FD0
:10873000667761726E5F68616E646C657220213D60
:10874000202828766F6964202A293029006D5F73FC
:108750006C6565706576745F68616E646C657220C7
:10876000213D202828766F6964202A293029006D50
:108770005F7573626576745F68616E646C657220A4
:10878000213D202828766F6964202A29302900009D
:1087900000010000005465726D696E616C0000009C
:1087A000000000005454522052454747455300579B
:1087B0004553545F544F504449522F7A657068793D
:1087C000722F6B65726E656C2F6465766963652EBA
:1087D0006300646576203C3D205F6465766963656F
:1087E0005F6C6973745F656E640048616C74696E78
:1087F000672073797374656D00556E6B6E6F776E5D
:10880000206572726F7200756E6B6E6F776E003ED0
:108810003E3E205A455048595220464154414C2032
:108820004552524F522025643A202573206F6E2006
:10883000435055202564004661756C742064757240
:10884000696E6720696E74657272757074206861F4
:108850006E646C696E670A0043757272656E74208F
:108860007468726561643A20257020282573290098
:10887000574553545F544F504449522F7A6570689E
:1088800079722F6B65726E656C2F666174616C2EE8
:108890006300726561736F6E20213D204B5F45520E
:1088A000525F4B45524E454C5F50414E4943000983
:1088B000417474656D7074656420746F20726563B3
:1088C0006F7665722066726F6D2061206B65726EC7
:1088D000656C2070616E696320636F6E6469746992
:1088E0006F6E0A0043505520657863657074696F38
:1088F0006E00556E68616E646C656420696E7465A7
:10890000727275707400537461636B206F76657258
:10891000666C6F77004B65726E656C206F6F70735D
:10892000004B65726E656C2070616E69630057451F
:1089300053545F544F504449522F7A65706879728E
:108940002F6B65726E656C2F696E69742E6300748F
:1089500068726561645F64617461203C3D205F5FA3
:108960007374617469635F7468726561645F646184
:1089700074615F6C6973745F656E640069646C65D3
:10898000006F7300574553545F544F504449522F62
:108990007A65706879722F6B65726E656C2F6D6584
:1089A0006D5F736C61622E6300736C6162203C3D8D
:1089B000205F6B5F6D656D5F736C61625F6C697387
:1089C000745F656E640028736C61622D3E6672652B
:1089D000655F6C697374203D3D202828766F69645B
:1089E000202A29302920262620736C61622D3E69B9
:1089F0006E666F2E6E756D5F75736564203D3D20EC
:108A0000736C61622D3E696E666F2E6E756D5F626E
:108A10006C6F636B7329207C7C20736C61625F7068
:108A200074725F69735F676F6F6428736C61622C27
:108A300020736C61622D3E667265655F6C6973744C
:108A4000290009736C616220636F727275707469BA
:108A50006F6E2064657465637465640A0009496E0D
:108A600076616C6964206D656D6F727920706F69D5
:108A70006E7465722070726F76696465640A00575F
:108A80004553545F544F504449522F7A657068796A
:108A9000722F6B65726E656C2F696E636C756465A1
:108AA0002F6B73636865642E680021617263685F71
:108AB0006972715F756E6C6F636B6564286B657945
:108AC0002900090A007468726561642D3E62617351
:108AD000652E70656E6465645F6F6E005745535414
:108AE0005F544F504449522F7A65706879722F6BEA
:108AF00065726E656C2F69646C652E63005F6B65D3
:108B0000726E656C2E637075735B305D2E6375726B
:108B100072656E742D3E626173652E7072696F208E
:108B20003E3D203000574553545F544F5044495206
:108B30002F7A65706879722F6B65726E656C2F6D18
:108B4000757465782E630021617263685F69735F75
:108B5000696E5F697372282900096D75746578659F
:108B6000732063616E6E6F74206265207573656437
:108B700020696E7369646520495352730A006D75EC
:108B80007465782D3E6C6F636B5F636F756E7420D8
:108B90003E20305500574553545F544F504449527E
:108BA0002F7A65706879722F6B65726E656C2F73A2
:108BB000656D2E63002828617263685F69735F6961
:108BC0006E5F6973722829203D3D203029207C7C0E
:108BD00020282874696D656F7574292E7469636B1C
:108BE00073203D3D202828286B5F74696D656F7583
:108BF000745F7429207B307D29292E7469636B731F
:108C0000292900574553545F544F504449522F7AF5
:108C100065706879722F6B65726E656C2F776F72F5
:108C20006B2E6300776F726B2D3E717565756520D5
:108C3000213D202828766F6964202A293029007771
:108C40006F726B2D3E68616E646C657220213D20F1
:108C50002828766F6964202A2930290021666C61F2
:108C6000675F74657374282671756575652D3E663A
:108C70006C6167732C204B5F574F524B5F515545CA
:108C800055455F535441525445445F42495429006D
:108C9000717565756500737461636B0064776F72DD
:108CA0006B20213D202828766F6964202A293029ED
:108CB00000574553545F544F504449522F7A6570C2
:108CC0006879722F6B65726E656C2F74687265615E
:108CD000642E6300282828287072696F2929203D96
:108CE0003D203135202626207A5F69735F69646CE8
:108CF000655F7468726561645F656E747279282857
:108D0000656E747279292929207C7C2028282831D5
:108D100035202D203129203E3D2028282D3136298F
:108D200029292026262028287072696F2929203EAB
:108D30003D2028282D313629292026262028287054
:108D400072696F2929203C3D20283135202D2031A2
:108D50002929290009696E76616C6964207072693D
:108D60006F7269747920282564293B20616C6C6FCF
:108D70007765642072616E67653A20256420746FA0
:108D80002025640A000954687265616473206D616E
:108D900079206E6F7420626520637265617465640A
:108DA00020696E20495352730A00574553545F544B
:108DB0004F504449522F7A65706879722F6B6572F3
:108DC0006E656C2F73636865642E6300217A5F693A
:108DD000735F69646C655F7468726561645F6F621C
:108DE0006A65637428746872656164290057455325
:108DF000545F544F504449522F7A65706879722FEE
:108E00006B65726E656C2F696E636C7564652F6B34
:108E10007468726561642E68005F6B65726E656C64
:108E20002E637075735B305D2E63757272656E7440
:108E300020213D202828766F6964202A29302900C6
:108E400073697A656F66285F73636865645F7370C2
:108E5000696E6C6F636B29203D3D2030207C7C2047
:108E60006C6F636B20213D20265F73636865645FD0
:108E70007370696E6C6F636B005F6B65726E656CAF
:108E80002E637075735B305D2E63757272656E74E0
:108E90002D3E626173652E73636865645F6C6F63FA
:108EA0006B656420213D203155005F6B65726E65F6
:108EB0006C2E637075735B305D2E63757272656EB8
:108EC000742D3E626173652E73636865645F6C6FB9
:108ED000636B656420213D20305500217465726DFF
:108EE000696E617465000961626F72746564205F08
:108EF00063757272656E74206261636B2066726F57
:108F00006D20646561640A0021657373656E746920
:108F1000616C000961626F727465642065737365CA
:108F20006E7469616C207468726561642025700AD2
:108F300000574553545F544F504449522F7A65703F
:108F40006879722F6B65726E656C2F74696D6573CD
:108F50006C6963696E672E6300282874696D656F9C
:108F600075742920262620282875696E74707472FD
:108F70005F74292028736C6963655F74696D656F20
:108F80007574732929203C3D20282875696E7470FA
:108F900074725F7429202874696D656F757429294E
:108FA00020262620282875696E747074725F7429D3
:108FB000202874696D656F75742929203C20282844
:108FC00075696E747074725F742920282628736C1A
:108FD0006963655F74696D656F757473295B2828B3
:108FE00073697A655F742920282828696E7429209E
:108FF00073697A656F6628636861725B31202D2022
:1090000032202A202128215F5F6275696C74696EA5
:109010005F74797065735F636F6D70617469626CA2
:10902000655F70285F5F747970656F665F5F287336
:109030006C6963655F74696D656F757473292C2045
:109040005F5F747970656F665F5F282628736C694F
:1090500063655F74696D656F757473295B305D2935
:1090600029295D29202D203129202B202873697A78
:10907000656F6628736C6963655F74696D656F758C
:10908000747329202F2073697A656F662828736CA2
:109090006963655F74696D656F757473295B305DB5
:1090A000292929295D29292026262028282875698B
:1090B0006E747074725F7429202874696D656F75A1
:1090C000742929202D20282875696E747074725FA8
:1090D00074292028736C6963655F74696D656F75A9
:1090E000747329292920252073697A656F662828D9
:1090F000736C6963655F74696D656F757473295B03
:10910000305D29203D3D20302900574553545F54A0
:109110004F504449522F7A65706879722F6B65728F
:109120006E656C2F74696D656F75742E63002173A5
:1091300079735F646E6F64655F69735F6C696E6B92
:1091400065642826746F2D3E6E6F6465290057454F
:1091500053545F544F504449522F7A657068797266
:109160002F6B65726E656C2F6D656D706F6F6C2EF9
:10917000630028616C69676E20262028616C69672E
:109180006E202D20312929203D3D20300009616CC1
:1091900069676E206D757374206265206120706F41
:1091A000776572206F6620320A00616C69676E20F5
:1091B0003D3D2030207C7C20282875696E747074B9
:1091C000725F74296D656D20262028616C69676E59
:1091D000202D20312929203D3D203000096D697363
:1091E000616C69676E6564206D656D6F7279206171
:1091F000742025702028616C69676E203D20257AD7
:1092000075290A00574553545F544F504449522F13
:109210007A65706879722F6B65726E656C2F6B68FA
:109220006561702E630021617263685F69735F69B5
:109230006E5F6973722829207C7C20282874696DF0
:10924000656F7574292E7469636B73203D3D20280A
:1092500028286B5F74696D656F75745F7429207B56
:10926000307D29292E7469636B73290068656170EC
:10927000203C3D205F6B5F686561705F6C69737453
:109280005F656E6400737973776F726B7100286E1F
:10929000756C6C29002A666C6F61742A00000000EE
:1092A80000000000000000000000000000000000B6
:1092B80000000000000000000000000000000000A6
:1092C8000000000000000000000000000000000096
:1092D8000000000000000000000000000000000086
:1092E8000000000000000000000000000000000076
:1092F8000000000000000000000000000000000066
:109308000000000000000000000000000000000055
:109318000000000000000000000000000000000045
:10932800000000000000000000000000B40500205C
:10933800A005002000C20100000008000000000095
:109348000000000000000000000000000000000015
:109358000858002000000000000000000000000085
:109368000010000008680020000000000000000055
:1093780000000000001000003F4B0300554F0300A1
:109388000878002000000000000000000000000035
:1093980000040000087C002000000000000000001D
:1093A800000000000004000081B1020080000000FD
:1093B8005DAE0200000000005DAE0200800000000B
:1093C8002C0700203A000000400700203A00000067
:1093D800180700203A000000540700203A00000057
:1093E80000000000D5540300000000000000000049
:1093F800200600200000000000000000000000001F
:109408000000000000000000F627002020000000F7
:1094180000000000FF000000FFFF0F0090020000A6
:10942800400600204006002000000000153E030012
:109438008C060020840600207C0600200000000026
:1094480074060020313F03007D3E0300B13E030057
:10945800F93E0300F02500203A00003AF4250020E8
:109468003A00003AF82500203A00003AFC2500208E
:109478003A00003A9C0600206006002058060020AA
:1094880054060020500600200100000000000000E3
:1094980000000000000000000000000000000000C4
:1094A80000000000000000000000000000000000B4
:1094B80000000000000000000000000000000000A4
:1094C8000000000000000000000000000000000094
:1094D8000000000000000000F8060020F806002048
:1094E8000000000088550020000000002000000057
:1094F80014000000000000001807002018070020D2
:1095080000000000000000000E0000002C070020F2
:109518002C07002000000000000000000E000000E2
:109528004007002040070020000000000000000065
:109538000E0000005407002054070020000000001F
:10954800000000000E0000006807002068070020E7
:1095580000000000000000000E0000007C07002052
:109568007C07002000000000010000008C0700209C
:109578008C07002001000000010000009C0700206B
:109588009C0700200000000001000000AC0700203C
:10959800AC070020000000000100000000000000EF
:1095A8000000000000000000C8070020C8070020D5
:1095B80012010002EF020140E32F00010104010241
:1095C800030109020000000100E032080B0002025A
:1095D8000200000904000001020200000524001036
:1095E80001052401020104240202052406000107E2
:1095F80005800310000A09040100020A00000007A0
:10960800058002400000070500024000000403092D
:10961800040A034D43524900000000180343425016
:109628004D20646F6E676C6500000000000000004C
:1096380000000022033031323334353637383941AF
:1096480042434445460000000000000000000000BE
:07965800000000000000000B
:1096600000000000F307002037520300BDB30200E2
:109670001DB1020000000000000000000300000017
:08968000C805002015E015E00B
:00000001FF
