:020000022000DC
:10700000C050002069BB02001553030055BB0200AD
:1070100055BB020055BB020055BB0200000000003A
:10702000000000000000000000000000D5BC0200CD
:1070300055BB02000000000071BC020055BB0200FD
:10704000D1BE0200D1BE0200D1BE0200D1BE0200FC
:10705000D1BE0200D1BE0200D1BE0200D1BE0200EC
:10706000D1BE0200D1BE0200D1BE0200D1BE0200DC
:10707000D1BE0200D1BE0200D1BE0200D1BE0200CC
:10708000D1BE0200D1BE0200D1BE0200D1BE0200BC
:10709000D1BE0200D1BE0200D1BE0200D1BE0200AC
:1070A000D1BE0200D1BE0200D1BE0200D1BE02009C
:1070B000D1BE0200D1BE0200D1BE0200D1BE02008C
:1070C000D1BE0200D1BE0200D1BE0200D1BE02007C
:1070D000D1BE0200D1BE0200D1BE0200D1BE02006C
:1070E000D1BE0200D1BE0200D1BE0200D1BE02005C
:1070F000D1BE0200D1BE0200D1BE0200D1BE02004C
:1071000053B94AB9002908BF00281CBF4FF0FF310E
:107110004FF0FF3000F00CB8ADF1080C6DE904CE73
:1071200000F010F8DDF804E0DDE9022304B0704758
:10713000704700BF034613F8012B002AFBD1181A31
:10714000013870472DE9F04786468C460846089E70
:10715000154674461946002B40F0C2808542B2FAAB
:1071600082F245D94AB1C2F1200300FA02FC2EFA9C
:1071700003F3954043EA0C0C94404FEA154EA8B235
:10718000BCFBFEF8230C0EFB18CC08FB00F943EA0D
:107190000C43994528D9EB1808F1FF3704D29945DB
:1071A00002D9A8F102072B44A3EB0903A4B2B3FB55
:1071B000FEFC0EFB1C330CFB00F044EA0344A0422F
:1071C00014D92C190CF1FF3304D2A04202D9ACF12E
:1071D00002032C44241A43EA07401EB1D440002382
:1071E00034607360BDE8F0874746DDE76346F1E74A
:1071F00092BB431B01214FEA154EAFB2B3FBFEFC1D
:10720000200C0EFB1C330CFB07F840EA03439845A7
:1072100062D9EB180CF1FF3004D2984502D9ACF1D9
:1072200002002B44A3EB0803A4B2B3FBFEFC0EFB4D
:107230001C330CFB07F744EA0344A7424ED92C1930
:107240000CF1FF3304D2A74202D9ACF102032C4463
:10725000E41B43EA0040C0E7C2F1200320FA03F137
:10726000954090402EFA03F303434FEA154EAFB218
:10727000B1FBFEFC0EFB1C10190C0CFB07F841EADD
:107280000041884504FA02F422D969180CF1FF3054
:1072900004D2884502D9ACF102002944A1EB0801CF
:1072A0009BB2B1FBFEFC0EFB1C110CFB07F743EA83
:1072B00001439F420ED9EB180CF1FF3104D29F42DB
:1072C00002D9ACF102012B44DB1B41EA004192E7F9
:1072D0006046E3E76146F7E76046A3E76346B7E742
:1072E000834206D916B9002108467BE7C6E900E0CB
:1072F000F9E7B3FA83F78FB9834201D3724508D80F
:10730000BEEB020460EB030301209C461EB9002182
:1073100068E73846FAE7C6E9004CF8E7C7F1200C01
:10732000BB4022FA0CF41C432EFA0CF120FA0CF3A9
:10733000B84001434FEA14490EFA07F5B3FBF9F8D8
:107340001FFA84FE09FB18300B0C08FB0EFA43EA07
:1073500000439A4502FA07F240D9E31808F1FF30DA
:1073600004D29A4502D9A8F102002344A3EB0A03F0
:1073700089B2B3FBF9F809FB183308FB0EFE41EAAA
:1073800003418E452CD9611808F1FF3304D28E4594
:1073900002D9A8F10203214443EA0040A0FB02986D
:1073A000A1EB0E014145CE46434602D306D14D45E1
:1073B00004D2B9EB020E68EB04030138002EA6D00C
:1073C000B5EB0E0261EB030101FA0CFC22FA07F3A4
:1073D0004CEA0303F940C6E9003198E74046C5E7A7
:1073E0004346D9E72DE9F04F8DB002AF01234D4A56
:1073F0004D480093032100230DF0BAFD00F0C4F9BD
:107400004A4D28460EF0E1FB80BB494A464802211E
:107410000DF09BFD00F0A0F8034620B1454A42481C
:1074200001210DF09BFD00F0D9F8034620B1424A3E
:107430003D4801210DF092FD00F032F900F018F9FD
:10744000DFF8E8903D4EDFF8F8806B681B685B0161
:107450002BD43C493C4A3D4840F2B6630DF0F1FA6A
:107460003B480DF0EEFA40F2B66111E06B68A96896
:107470001B682A6958010ED43249334A33484FF405
:107480007F730DF0DEFA32480DF0DBFA4FF47F71B6
:107490002D480DF0CDFA136843F0806313600B683C
:1074A0002C4A1A2128469847B4E7AB684FF0806110
:1074B0005B69484698474FF4804000210BF0D0FBB1
:1074C0003468142301343460B4FBF3F203FB124438
:1074D000002CBAD107F1080000F00EF9C7F804D06B
:1074E0008EB0D7E9051097F809B097F80AA097F879
:1074F0000CE0D7F810C0FB6902AAC2E90B130923FC
:10750000C2E9058BC2E907AEC2E909C042F8103FE3
:107510000548234644F6C00102F028F9D7F804D004
:1075200093E700BF80660300D86303008860030010
:107530009C6603005667030088670300481200201A
:107540009D670300E9660300B86603002767030030
:107550004467030001000A0010B512480EF035FB25
:1075600040B9114A114801210DF0EFFC6FF01204EF
:10757000204610BD002003F017F9044648B110F171
:10758000780F06D00A4A0346012108480DF0E6FCB0
:10759000EEE7084A05484FF4805303210DF0DEFC66
:1075A0000024E5E7A8600300EA670300B063030076
:1075B000036803001A6803000B78012B05D9062B1A
:1075C00006D1044B02221A707047034809F082BFAB
:1075D000704700BF8C2700207407002010B5144CA2
:1075E00020460EF0F2FA40B9124A134801210DF07C
:1075F000ACFC6FF01204204610BDA3681B6863B199
:1076000020460E4900229847044648B10C4A2346BA
:10761000012109480DF0A2FCEDE76FF05704F5E7F2
:10762000084B01221A70084B084A0321F1E700BFFA
:10763000C86003004A68030008640300B9750200CB
:107640005A6803008C27002040420F00786803002E
:10765000014B1878704700BF8C270020034B10B5F2
:1076600004460FCB84E80F0010BD00BF4864030040
:1076700010B5074C074920460AF09AFB20460BF04C
:1076800051FB054A0548BDE8104003210DF05DBCE3
:107690006808002099680300A5680300A063030040
:1076A00080B50F4B0F4A19780F4B00AF8AB00129F4
:1076B00008BF13466A460D49136240F20243516106
:1076C0009384D0200A4BDF21C2E9060142F8103F23
:1076D000084800234FF4335102F048F8BD4680BDFE
:1076E00080060020CB680300D0680300D468030044
:1076F00005000001C063030030B585B0044668464C
:10770000FFF7ACFF1E220021A01C0EF0C7FB164B9A
:1077100001251B7863702570FFF79AFF0023A37182
:10772000009BA360019BE360029B2361039B636159
:107730002071E57100F01AF8A06100F079F8207767
:1077400000F07CF860770CF036FF10B163792B43C2
:10775000637100F011F818B1637943F002036371AB
:107760000023A37005B030BD80060020014B1868CF
:10777000704700BF4C120020024B1868C0F3001085
:10778000704700BF4C120020F8B500AF1F4C2046D8
:107790000DF0EBFE08B1002323600DF00FFF1C4B32
:1077A0001C4A1D68246893E8030082E803001A4815
:1077B00085420DBFD988FF21C3E90001013105BF12
:1077C000D980002191805971DD881449FFF7D4FFD9
:1077D000134B8CB0002818BF0B46107951796A46BC
:1077E000104EC2E9074340F2024393850E4BC2E9B3
:1077F0000565C2E9090142F8103F0C4800234FF427
:10780000735101F0B3FFBD46F8BD00BF4C1200201C
:107810004055002050120020FE5A0E0D156903003D
:10782000948903002169030007000001006403003C
:10783000014B1879704700BF50120020014B587956
:10784000704700BF50120020F8B50F4600293BD00A
:10785000066830460CF0E9FE012201460446304637
:107860000CF0ABFEC3070DD4184A19491948AF23D1
:107870000DF0E7F8394618480DF0E3F8AF2113484A
:107880000DF0D6F8214630460CF0ADFE25182946FD
:10789000002230460CF091FE2D1AAC420BD00B4A60
:1078A0000E490C48B7230DF0CCF839460C480DF0C2
:1078B000C8F8B721E3E7214630460CF09AFE21468E
:1078C000BDE8F8400CF0D6BFF8BD00BF6669030004
:1078D00089690300276703009A690300D2690300DE
:1078E000F8690300B2F5802F2DE9F04110D2042A87
:1078F00028D84349434A44484FF407730DF0A1F890
:1079000042480DF09EF84FF407713E480DF090F894
:107910000823D21ACC1D114424F0070421F00701DA
:10792000091B17294FEAD1060ED83949354A36487E
:1079300040F225230DF085F834480DF082F840F22E
:107940002521E2E70423E4E7002704603146A6602E
:10795000E76030460CF07CFE0121421D8046304637
:107960000CF06DFE9200D51DED082844B0423AD8C7
:10797000B8F1FF3FA2F110023946B8BF3A4604F110
:1079800010000EF08BFA2A46394620460CF049FECC
:107990003B463A46394620460CF01AFEA6EB05084F
:1079A0002046394601220CF024FE424629460CF0BE
:1079B00038FE2B463A46294620460CF009FE314651
:1079C00020460CF02EFE43463A46314620460CF047
:1079D000FFFD3146204601220CF00BFE2946BDE892
:1079E000F0410CF005BF0B49064A074840F23A2324
:1079F0000DF027F805480DF024F840F23A2184E70D
:107A0000346A03006669030027670300556A0300B0
:107A10006E6A0300976A03002DE9F04F91B00546A6
:107A2000009302F004030193C2F3C20301330493F1
:107A30008307DDF8689002920E4640F0FC81041D39
:107A400030B1072909D86FF01B0011B0BDE8F08FE5
:107A500001F007063444C6F10806009B4FF0000809
:107A60004FF0040B591ECDF80C80474643464FF0AB
:107A7000FF32DA460DB1009820600498002800F328
:107A8000DF809B48DDF800C0844503D399488445D6
:107A9000C0F0D680DDF808C0A4EB050E1CF0020F84
:107AA0004FEA9E0000F0E7804FF0000CD1E07A280A
:107AB00062D84B280FD847285ED829282DD82528EA
:107AC00059D059D820287DD0A0F12309D9F100033D
:107AD00043EB090376E04C382E284DD8DFE800F060
:107AE000724C4C4C4C4C4C4C4C4C4C4C4E4C4C4CAE
:107AF0004C4C4C4C4C5C4C4E4E5C5C5C724E6F4C37
:107B0000724C184E184C4C817E4E4C4C4E4C7E00A4
:107B1000002000234FF0040B3CE02A384FF0010E08
:107B2000C0B20EFA00F04FF6DA7E10EA0E0F49D11D
:107B300010F0625E30D110F0010343D07046013C7A
:107B40005C44B4FBFBF40BFB04F4002D5ED0AAEB09
:107B5000050EA644B6453FF676AF002868D1BAF1C7
:107B6000040F43D1E14659F8040B20600434CC469D
:107B70004FF0040A26E0013A002323E011F8013C0B
:107B80006C2B30D111F8023C00206C2B0346C1D184
:107B90004FF0080BDA46D2E70CF1070929F0070C81
:107BA0000734FCE802AB24F0070435B10598204403
:107BB000B0423FF648AFC4E900AB083400234FF0B1
:107BC000080BDA4611F8010F002800F0BC80002BEA
:107BD0007FF46DAF2528F5D1013201234FF0040B5E
:107BE000EFE7184695E700200346A8E7BAF1080F2B
:107BF00040F09B800CF1070929F0070CFCE8029A81
:107C0000C4E9009A08344FF0080ADBE780B9BAF1FA
:107C1000040F02D10CF10409A8E7BAF1080F40F0F3
:107C200084800CF1070929F0070909F1080CE9E73C
:107C30000498E1460138049059F8040B009019E7C4
:107C40000298800748D5A4EB050E4FEA9E004FF03E
:107C5000010CBEF5007F1DD32749284A28484FF460
:107C60001F730CF0EEFE27480CF0EBFE4FF41F7173
:107C700022480CF0DDFE0F2F0ED8002D46D007F164
:107C8000400CEC440CF8200C0CF8102C039801303C
:107C9000039020E00F2F0CD91749184A184840F2DA
:107CA00081230CF0CEFE18480CF0CBFE40F281216F
:107CB000DEE7BDB107F1400EEE44C0B20EF8200C75
:107CC0000EF8102CBCF1000FE0D060F07F000EF831
:107CD000200C08F101080137C5F108000434CC4636
:107CE00005906FE7BCF1000F10D00136F3E700BF3D
:107CF000B85F030070910300AA900300C26A0300FA
:107D000027670300F06A0300116B03000198023635
:107D10000028E0D100980592CDE90631FFF70AFA74
:107D2000DDE90631059A0644D5E7444A4449454809
:107D300040F2C6230CF085FE514643480CF081FE0C
:107D400040F2C62194E7631BB3F5806F0CD33C4926
:107D50003A4A3C4840F2D2230CF073FE3B480CF008
:107D600070FE40F2D22183E71DB9A6F10804E018A5
:107D70006BE6019A28609B082B709DF80C30C2B10D
:107D8000EB7085F80280B8F1000F05D008A800223A
:107D9000C5F1010C97420ED1C5F101030DF1200987
:107DA0004FF0000A02930DF1300B574512D1601BC2
:107DB0004BE66B70E5E710F8013B190608D50CEBB4
:107DC000040EB64503F07F033FF63DAE04F8013BD9
:107DD0000132DFE7B8F1000F03D099F90020002A43
:107DE00017DB019BD3B11AF80B2004F8012B0022FA
:107DF000029B18191044B0423FF625AE99F80000D6
:107E000004F8010B0099039220460EF039F8039A0A
:107E100014440AF1010A09F10109C6E799F80020A2
:107E200055F822300093019B45F822300098FFF767
:107E300081F9421CDCE76FF00D0006E6C26A030020
:107E4000AA900300276703002B6B0300406B03001D
:107E50002DE9F04F97B000AF8946D7F880B0FA62AD
:107E60003B62044658B9A849A84AA94840F2993348
:107E70000CF0E7FD40F29931A4480CF0D9FDCBF3AA
:107E8000C00390F802A07B6141B9457800780AEB05
:107E9000800020444D4517D8A0EB0409E378FB612E
:107EA000BAF1000F02D01BF0010F16D1FB6953BBD2
:107EB000FB6A1BB13A6A4946204698474D46284618
:107EC0005C37BD46BDE8F08F461C3046FFF732F9FF
:107ED0000130304409F10109DCE7237862687A62F5
:107EE000FA6A9900B96104EB8301002A40F001812C
:107EF0004D460E4601EB0A094FF000084E454CD1A5
:107F000001EB0A0610E01BF0020FD1D023789A0093
:107F1000BA6162687A62FA6A04EB8301002A77D157
:107F20004D4601EB0A0690461BF0050F0CBF0223DD
:107F30000123FB62FB6906EB430A0BF00203BB6201
:107F40005645BCD016F8021B16F8013C54F8239095
:107F5000704B994502D3704B994536D37B69002B02
:107F600040D0786A0CF02EFD00283BD0E9468AB05C
:107F70006A466A4B53617B6AC2E906314FF400736B
:107F80001384674B42F8103F664800234FF41251A8
:107F900001F0ECFB023DCD46D2E716F8013BF96259
:107FA00054F82300FFF7C6F8D7F88430F96A013097
:107FB0004BB1D7F8883098453EBFD7F8843023F8C6
:107FC000180008F10108054498E77B6923B1786A35
:107FD0000CF0F8FC0028C9D11BF0010F05D1FB6A99
:107FE000ED1AADE7BB6A002BAAD04846FFF7A2F80E
:107FF000D7F8843053B1D7F8883098453FBFD7F8C9
:108000008420431C22F8183008F10108054497E742
:10801000BAF1000F73D01BF0040673D0D0460026CF
:1080200007F1480052463B61B9620DF029FFB96A79
:108030003B6901EB0A02BA62FA69F9695200FA6017
:10804000BA6A02EB41023A610BF00202BA60BA6A04
:1080500039698A4268D162787A621BF0020F324431
:108060000CBF4FEA580100211BF0010FD2B240F0C3
:10807000E4801BF0040F14BF404600207B61627057
:10808000A070E1703A6AB969FB6A20469847051EFC
:10809000FFF615AF7B6923707B6A6370FB69E37041
:1080A00041463A6AFB6A84F802A007F14800984703
:1080B000B0F10008C0F2F580BB693A6AA9EB0A0189
:1080C000C91AFB68C91AD7E90A0398470028C0F201
:1080D000EA80A84408EB00054FF0000B07F1380ACE
:1080E000B345C0F0AC8000213A6AFB6A0846984765
:1080F000E5E656464FF0000807F1380092E756468D
:10810000D04696E7B04694E7576B0300C26A030077
:1081100027670300B85F030070910300726B0300D0
:1081200004000001A8630300BA6A12F8021BBA62D5
:1081300012F8015C5D4A54F82500904202D35C4A73
:10814000904218D37A693AB1786A7B600CF03AFCB5
:108150007B6800287FF47BAFBA68002A4CD00F2ED2
:1081600040D95449544A554840F24D430CF069FCFB
:1081700040F24D4180E67A693AB1786A7B600CF052
:1081800021FC7B6800287FF462AF1BF0010F0BD04D
:108190000F2E27D94749484A484840F243430CF03C
:1081A00050FC40F2434167E61BF0040F3FF44FAF31
:1081B000B8F10F0F09D942493F4A404840F24643BF
:1081C0000CF03FFC40F2464156E608F1280207F168
:1081D000300008F1010102EB000808F8105C5FFABA
:1081E00081F834E706F1280207F13000711C1618F7
:1081F00006F8205CCEB22AE7B8F10F0F09D9304952
:108200002D4A2E484FF48A630CF01BFC4FF48A6110
:1082100032E608F1280207F1300C08F1010094441D
:1082200007F1580252FA80F008F102080CF8101C0D
:108230005FFA88F800F8105C09E700201EE71BF8D9
:108240000A3087F8373054F82390D7F884302BB3AE
:10825000D7F888309B4521D2D7F8843033F81B807B
:108260003A6AFB6A012107F13700984700281ADBB8
:108270000544B8F1000F06D14846FEF75BFF00F158
:1082800001081FFA88F83A6AFB6A4146484698474F
:10829000002808DB05440BF1010B21E74FF0000833
:1082A000DEE745460BE6054609E600BFB85F03007A
:1082B00070910300156C0300C26A03002767030076
:1082C000346C0300014B1860704700BF700500203C
:1082D00080B505460E46174698460AF07BFD0346D4
:1082E0000DF060FEDFF81890044649F80030424671
:1082F00030463946A84754F8090003F0A3FC00BFF4
:108300000800000038B50D460446202200210DF07B
:10831000C5FDEB68E361AB68A3612B6823626B6802
:1083200063620022A2622A6923B1591E194208BF62
:1083300042F0010222610122002104F12C000DF023
:10834000C1FC48B105490648064A2F230CF079FBC9
:1083500004482F210CF06CFB38BD00BF8B6C030070
:1083600027670300656C03002DE9F04F89B0CDE964
:108370000123436A00278B420446884605970797E6
:10838000BA4654D300F11406EFF31185202383F38A
:108390001288BFF36F8F3046A9460AF08DFF58B997
:1083A0004D4A4E494E4888230CF04BFB31464D4810
:1083B0000CF047FB882163E030460AF0A1FF079AE2
:1083C0002AB1394620460CF024FC0023079306A965
:1083D00020460CF043FB06994145834630D3226882
:1083E000236A13F8221021F0030103F8221003EB93
:1083F000820A2168424620460CF054FBE368206064
:10840000984218D04FF0000B30460AF063FF50B38B
:1084100089F31188BFF36F8F059929B1A2690AB159
:108420002046904700230593BBF1000FACD1504686
:1084300009B0BDE8F08F236943F008032361E1E749
:1084400018B120460CF048FBDEE7DDE901321343AA
:1084500039D003910DF064FC0399A0BB9DBB30465D
:108460000AF038FF78B91C4A1F491D4840F2311301
:108470000CF0E7FA31461D480CF0E3FA40F23111F6
:1084800015480CF0D5FA85F31188BFF36F8FDDE93D
:10849000012304F12C0009F09BF88346EFF31189C6
:1084A000202383F31288BFF36F8F30460AF004FF56
:1084B00000283FF475AF3046BBFA8BFB0AF020FF73
:1084C0004FEA5B1BA0E707AB05AA204627680CF024
:1084D00020FB834698E700BF946C0300C16C030047
:1084E00027670300D66C0300EC6C0300036D0300E8
:1084F0002DE9F0410446C36908460E46984704F149
:1085000014050746EFF31188202383F31288BFF385
:108510006F8F28460AF0D0FE68B91B4A1B491C48D9
:1085200088230CF08EFA29461A480CF08AFA882122
:1085300015480CF07DFA28460AF0E2FE337843F045
:108540000103337061683A4620460CF0ABFA606074
:1085500020460CF079FB28460AF0BCFE68B90A4AAE
:108560000D490B4840F231130CF06BFA29460B48C9
:108570000CF067FA40F23111DAE788F31188BFF3A3
:108580006F8FBDE8F08100BF946C0300C16C0300E5
:1085900027670300D66C0300EC6C0300036D030037
:1085A0002DE9F843044600F11407EFF31188202366
:1085B00083F31288BFF36F8F38460AF07DFE0546BD
:1085C00068B9354A3549364888230CF03AFA3946B5
:1085D00034480CF036FA88212F480CF029FA384636
:1085E0000AF08EFE2369A26813F0080F02D16368B7
:1085F0009A4200D9636A9B1A002B3FD0216A11F876
:10860000223013F0030001EB82093AD0022803D193
:1086100051F82260B60805D1D8071FD4E36948464F
:1086200098470646A168324620460CF03BFA314690
:10863000A06020460CF044FA38460AF04BFE10BB0E
:10864000154A1949164840F231130CF0FAF9394627
:1086500016480CF0F6F940F23111BDE743F0020381
:1086600001F822304846E369A56898472946024642
:1086700020460CF017FA0025A060DDE71D46A9464C
:10868000DAE70546FBE788F31188BFF36F8F002D0B
:108690008BD14846BDE8F883946C0300C16C03009D
:1086A00027670300D66C0300EC6C0300036D030026
:1086B0002DE9F0410446C36908460D46984704F188
:1086C00014060746EFF31188202383F31288BFF3C3
:1086D0006F8F30460AF0F0FD68B9284A28492948CA
:1086E00088230CF0AEF9314627480CF0AAF988210E
:1086F00022480CF09DF930460AF002FE2B786FF309
:1087000000032B7023699B0705D5E268236A03EBFE
:1087100082039D4222D12B786FF341032B70D4E961
:108720000231994204D13A4620460CF0BBF9A060D0
:10873000394620460CF0C4F930460AF0CBFD90B91A
:108740000E4A12490F4840F231130CF07AF93146C3
:108750000F480CF076F940F23111C9E72B6867F346
:108760009F032B60E8E788F31188BFF36F8F04F154
:108770002C00BDE8F04108F0ADBE00BF946C0300D2
:10878000C16C030027670300D66C0300EC6C030088
:10879000036D030070B5044600F11405EFF3118674
:1087A000202383F31288BFF36F8F28460AF084FDDD
:1087B00068B91B4A1B491C4888230CF042F929461A
:1087C0001A480CF03EF9882115480CF031F928467A
:1087D0000AF096FD2369A06813F0080F02D16368C0
:1087E000984213D9646A241A28460AF073FD78B9AE
:1087F0000B4A0F490C4840F231130CF022F929467C
:108800000C480CF01EF940F23111DDE71C1AEBE7C1
:1088100086F31188BFF36F8F201E18BF012070BD33
:10882000946C0300C16C030027670300D66C03003F
:10883000EC6C0300036D030008B50446EFF31183ED
:10884000202383F31288BFF36F8F06F035FE204696
:1088500003F0C4FD02480CF0DEF80CF071FDFCE7FB
:10886000186D03002DE9F84F04460846A38B19073D
:10887000154612D4022803F0070165D120460CF0FA
:108880000BFA88B10138042800F23781DFE810F0D4
:108890005C0035018200D400040101280CBF43F0C4
:1088A000100143F02001A183143420460AF012FD88
:1088B000002840F09D819A499A4A9B4840F2311322
:1088C0000CF0BFF82146B1E003F00702501F012869
:1088D0001ED80020062A2768C4E9000014D13A46B1
:1088E00003E0E08B0130E0831268002AF9D123F025
:1088F000070343F00202A28320460CF0CDF990B3A7
:1089000042F02002A2832EE023F007039AB2F2E79E
:10891000042A33D123F007039AB2A28320460CF035
:10892000BBF910B142F02002A283A38B03F0070928
:10893000894540F0EC80A18BCA0640F1508121F0BE
:108940001003A38301F00701D4F81880A38BB8F1BA
:10895000000FB9DA0022276823F00703C4E90022D8
:1089600043F00103A383A38B03F00709894540F07B
:10897000CF80002FDFD00026B24644E06B496C4A1E
:10898000694840F21B130CF05CF840F21B11684878
:108990000CF04EF849B16749654A63484FF4AB7330
:1089A0000CF04FF84FF4AB71F1E723684BB9624913
:1089B0005F4A5D4840F257130CF043F840F25711FC
:1089C000E5E723691E684EB95C49594A56484FF499
:1089D000AD730CF036F84FF4AD71D8E7A38B23F0EC
:1089E000070343F006039BB2A3830F4688464FF06C
:1089F0000609A268002A40F08D80002F40F08D808B
:108A0000002E98D0BA4643F0080304F1140BA38358
:108A100058460AF05FFC002840F09A804049414ADD
:108A2000414840F231130CF00CF8594644480CF020
:108A300008F840F23111ADE0022909D041493C4A21
:108A4000394840F25D130BF0FCFF40F25D119EE7E8
:108A5000E78B4FB13C49364A33484FF4AF730BF0C4
:108A6000F0FF4FF4AF7192E723695E684EB9334966
:108A70002F4A2D4840F261130BF0E3FF40F26111E1
:108A800085E7A38B23F0070343F004039BB2A38382
:108A9000B8464FF00409ACE7012909D02B49244A14
:108AA00021484FF4B2730BF0CCFF4FF4B2716EE774
:108AB00023684BB920491E4A1B4840F265130BF04E
:108AC000C0FF40F2651162E723699E684EB91B49F9
:108AD000174A15484FF4B4730BF0B3FF4FF4B47159
:108AE00055E7A38B23F0070343F005039BB2002750
:108AF000A383B8464FF005097BE70C490C4A0A48A6
:108B000040F26B130BF09DFF40F26B113FE7002723
:108B100000266EE74FF0010A75E7924673E700BF43
:108B2000EC6C0300946C030027670300AA90030019
:108B3000416D0300666D0300726D0300956D0300C7
:108B4000036D0300AC6D0300C26D0300D16D030023
:108B500085F31188BFF36F8FBAF1000F1CD177BB7B
:108B600016B126492046B047EFF31185202383F341
:108B70001288BFF36F8F58460AF09EFB38BB204A1D
:108B80002049214888230BF05CFF59461F480BF011
:108B900058FF88211A48FBE6A1680029DFD00D683C
:108BA0000029DCD0D1F804A043464A462046D047ED
:108BB0001DB12B6829461D46F2E72B46FAE73946D8
:108BC00043464A4620463F680CF092F8C7E75846AD
:108BD0000AF096FBA38B23F00803A383ABE68B0676
:108BE0007FF562AE21F02003A38301F0070145E683
:108BF00085F31188BFF36F8FBDE8F88F118C0200E9
:108C0000946C0300C16C030027670300D66C03005B
:108C1000F8B504460D4600F11406EFF31187202342
:108C200083F31288BFF36F8F30460AF045FB68B9B3
:108C30000C4A0D490D4888230BF003FF0C483146C0
:108C40000BF0FFFE074888210BF0F2FE30460AF0D9
:108C500057FBA5613A4620460121BDE8F840FFF7E1
:108C600001BE00BF946C0300C16C030027670300C2
:108C7000D66C03002DE9F04704460F460CF028F8A7
:108C8000051E68DB04F11409EFF3118A202383F336
:108C90001288BFF36F8F48460AF00EFB804660B91A
:108CA000384A3949394888230BF0CBFE49463848C1
:108CB0000BF0C7FE8821334842E048460AF020FB0B
:108CC000E38BA68B4FF6FF72934206F0070645D062
:108CD000022E15D10133E383354648460AF0FAFAED
:108CE000002841D1274A2B49284840F231130BF084
:108CF000A8FE494628480BF0A4FE40F23111DAE7FD
:108D0000062E13D8DFE806F0092D12120904090017
:108D10006FF085054FF00008DFE700233B606368D4
:108D200083B9C4E9007786B13546F3E71B49174894
:108D30001B4A4FF4E4730BF084FE19484FF4E471BE
:108D40000BF076FE1F606760EDE752460221204679
:108D5000FFF788FD35462846BDE8F0876FF00A0525
:108D6000D8E76FF00405D5E78AF31188BFF36F8F5A
:108D7000B8F1000FEFD000233246394620460BF001
:108D8000B7FFE8E7946C0300C16C0300276703009A
:108D9000D66C0300EC6C0300036D0300D16D03007F
:108DA000416D0300F8B5054600F11406EFF3118795
:108DB000202383F31288BFF36F8F30460AF07CFACA
:108DC00060B9264A2649274888230BF03AFE3146E7
:108DD00025480BF036FE882120482BE030460AF06B
:108DE0008FFAAC8B04F00704022C17D0012C0CBFB7
:108DF0006FF004046FF0850430460AF06BFA38BB5C
:108E0000164A1A49174840F231130BF01AFE314640
:108E100017480BF016FE40F23111DDE7EB8B5BB922
:108E200014491048144A40F2EF130BF00AFE12489E
:108E300040F2EF110BF0FCFD013B9BB2EB83002BEA
:108E4000DAD13A4621462846FFF70CFD2046F8BD08
:108E500087F31188BFF36F8FF8E700BF946C0300AE
:108E6000C16C030027670300D66C0300EC6C0300A1
:108E7000036D0300E76D0300416D03002DE9F04130
:108E80000F460546002850D000294ED000F11406A8
:108E9000EFF31188202383F31288BFF36F8F3046DE
:108EA0000AF00AFA60B9224A2249234888230BF0C3
:108EB000C8FD314621480BF0C4FD88211C4817E04D
:108EC00030460AF01DFA39462846AC8B0BF0C9FE35
:108ED00080B104F00704231F022B0DD9184916484E
:108EE000184A40F22D230BF0ACFD164840F22D211C
:108EF0000BF09EFD6FF0770430460AF0EBF968B98D
:108F00000B4A11490C4840F231130BF09AFD3146DF
:108F10000E480BF096FD40F23111CFE788F311882F
:108F2000BFF36F8F2046BDE8F0816FF01504F9E7BD
:108F3000946C0300C16C030027670300D66C030028
:108F4000F56D0300416D0300EC6C0300036D03003D
:108F500008B54268816002F00302032A034602D08A
:108F60002AB1002000E0006800225A6008BD0549CF
:108F70000548064A45230BF064FD044845210BF0E3
:108F800057FD00BFAA900300276703006C6E030023
:108F90002DE9F34106460F4615464FF000082A46D4
:108FA00001A930460BF0F6FE044640B102463946B0
:108FB00001980CF065FF2D1BA0442744EFD14246D9
:108FC000311D30460BF004FF48B107490748084AF5
:108FD00048230BF036FD064848210BF029FD40469A
:108FE00002B0BDE8F08100BF8B6C0300276703006F
:108FF000926E03002DE9F34107460E4615464FF0E9
:1090000000082A4601A938460BF0D3FE044648B1B1
:109010002EB10246019930460CF032FF26442D1B3A
:10902000A044EED1424607F10A0138460BF0D0FECB
:1090300048B107490748084A63230BF002FD064878
:1090400063210BF0F5FC404602B0BDE8F08100BFA3
:109050008B6C030027670300926E030030B5104944
:10906000104889B000220CF0D2FE0F4D0F490022AB
:109070000023CDE9062300240E23CDE90334CDE9F6
:1090800001440B4B00944FF40062284608F022FF85
:109090000849284608F08CFE204609B030BD00BFC4
:1090A00001920200B00D002008090020402E00208F
:1090B00055950200BD6E03002DE9F047DFF858809A
:1090C000044607464FF0010914B93846BDE8F08759
:1090D00094FAA4F5B5FA85F509FA05F32E0108EB23
:1090E00005156FEA030A24EA03042B7B002BEBD05F
:1090F00058F806301B694BB9464404227368284669
:10910000196807EA0A070BF0B1FEDDE72846984721
:109110000028D9D1F0E700BF206403002DE9F04713
:10912000DFF8BC902F4CA9EB04038F2B80460F4631
:109130000BD92D492D4A2E484FF4A7730BF081FC13
:109140004FF4A77129480BF073FC2A480BF06EFE10
:10915000064678B300252846BDE8F087237B83B117
:109160002368DB680BB120469847636883F806A044
:1091700023681B69B3B963680422196820460BF0A1
:1091800075FE013610344C4518D91B49174A18484A
:109190004FF4AD730BF055FC18480BF052FC4FF434
:1091A000AD71CFE7204698470028E4D00AFA06F3CD
:1091B0001D43E6E705464FF0010AE4E7CED3B8F1D8
:1091C000000FC8D0002DC5D02846FFF775FF054613
:1091D000002FF7D000214FF4A47009F041FDF1E712
:1091E0003064030020640300F26E0300C56E0300C8
:1091F000276703006C120020226F0300436F0300F7
:10920000014808F067B900BF64070020014B53F81C
:10921000200070476C64030008B5034608462BB174
:10922000044A136000F0BEFD002008BD6FF0150079
:10923000FBE700BF7405002010B5044C237813B978
:10924000034808F047F90123237010BD8D27002043
:109250006407002010B504460B480BF0E7FD5CB135
:10926000BFF35B8F094B53E8001F013943E800123D
:10927000002AF8D1BFF35B8F05480CF0D4FD0548F8
:10928000BDE8104008F026B96412002068120020E2
:10929000B00D0020640700200020064BBFF35B8F59
:1092A000014653E8000F43E80012002AF9D1BFF34A
:1092B0005B8F70476412002070B5FFF7EDFF104C14
:1092C000104E0546B44219D90F49104A104840F2D1
:1092D0000E230BF0B6FB0F480BF0B3FB0B4840F22C
:1092E0000E210BF0A5FB63685B792BB123685B68EB
:1092F00013B12946204698471034E3E7F3D370BDF5
:109300002064030030640300226F0300C56E030075
:1093100027670300436F030010B5044C044920463F
:10932000FEF7F0FF034B1C6010BD00BF900600204D
:109330005864030058120020154A1648002310B53F
:109340001370154A1360154A4FF400411360FFF77C
:1093500063FFFFF7E1FF124B124918468B4215D904
:109360001149124A124840F229130BF06AFB1148C6
:109370000BF067FB0D4840F229110BF059FB1A1A4C
:109380005C681211013222711033E7E7F7D310BD88
:109390008E270020294E030064120020681200204E
:1093A0002064030030640300226F0300C56E0300D5
:1093B00027670300436F0300014600220148002392
:1093C000FEF7D2BF900600200148FFF7E9B800BFC2
:1093D00090060020024B01461868FFF769B900BFEC
:1093E000581200200148FFF7D5B900BF90060020B1
:1093F00070B5314B187800285DD0FFF7E5FF0546C2
:10940000002844D12D4B2E4C1B68002B19DD0CF08D
:10941000FCFC4FF47A72A0FB020302FB0131C30B88
:10942000D4E9002043EA41439B1A4FEAD13140F28C
:10943000E93261EB0001934271F1000101D3FFF7C2
:109440003BFFD4E9003213F57A7342F10002C4E91C
:109450000032BDE87040FFF7C5BF63685B7923B198
:10946000236829461B68204698471034B44211D916
:109470001449154A154840F202230BF0E2FA144849
:109480000BF0DFFA104840F202210BF0D1FA114C38
:10949000114EEBE7E1D32846FFF79CFFBFF35B8F4C
:1094A0000E4B53E8001F013943E80012002AF8D19F
:1094B000BFF35B8FA6E770BD8D27002064120020EC
:1094C000A80D0020226F0300C56E0300276703006C
:1094D000436F03002064030030640300681200201F
:1094E00070B5154D297829BB0120FFF717FE134CE5
:1094F000134EB44217D91349134A144840F2C71304
:109500000BF09FFA12480BF09CFA0F4840F2C7117B
:109510000BF08EFA63685B791BB1236820469B6869
:1095200098471034E5E7F5D3FFF762FF0028FBD139
:1095300001232B7070BD00BF8E2700202064030024
:1095400030640300226F0300C56E03002767030029
:10955000436F03002DE9F047304B314FFB1A1B09D5
:109560000BD13049304A314840F2AB330BF069FA45
:1095700040F2AB312C480BF05BFA00210846FFF7B4
:10958000CDFD044650B340F267684FF000090CF07F
:1095900009FD274B274A1B58136033B1264B1B6824
:1095A000092B02DD254807F095FFDFF890A0002584
:1095B00044B12046FFF780FD044618B94FF0FF384C
:1095C0004FF0FF39FFF714FF064628B95DB9424650
:1095D0004B46504607F0FCFF3546E9E74FF0FF38B1
:1095E0004FF0FF39D3E70D4D08E0F0D22B689B69AF
:1095F0001BB100221146284698471035BD42F4D9C8
:109600000F49094A094840F29F330BF01AFA0D48F6
:109610000BF017FA40F29F31ACE700BF2064030063
:1096200030640300626F0300C56E03002767030008
:10963000080000006012002068120020640700206B
:10964000226F0300436F030013B52C480BF0EEFBB1
:109650002B4B1B78002B35D0EFF31184202383F3A1
:109660001288BFF36F8F274809F026FE68B9264A93
:109670002649274888230BF0E4F9224925480BF0B6
:10968000E0F9882120480BF0D3F91E4809F038FE94
:10969000FFF7AEFE1B4809F01DFE68B91A4A1E49C5
:1096A0001B4840F231130BF0CCF916491B480BF064
:1096B000C8F940F23111E5E784F31188BFF36F8FE9
:1096C00002B010BD164B1B68002BF9D050B9002218
:1096D0000023CDE9002313484FF4004200230AF091
:1096E0004FF9EDE70928EBD10E480CF09CFB0E4832
:1096F00002B0BDE8104007F0EDBE00BF68120020C8
:109700008E2700205C120020946C0300C16C0300C3
:1097100027670300D66C0300EC6C0300036D0300A5
:1097200060120020B00D00206407002010B5064B29
:109730001B68044698472146A0600448FEF7D8FEFF
:10974000BDE81040FFF780BF7405002090060020A0
:10975000044A054B9B1AB1EBD30F34BF52F83100CA
:1097600000207047A0630300206403002DE9F04F40
:109770008FB004AFC1F34A28B8600D4691467B60B4
:109780000C0DB8F1000F68D0002607F114034FF05C
:10979000040B4FF00A0AC7F80C80C7E907667E621F
:1097A0000193CDF808B0CDF800A007F11C03F968CB
:1097B00032464846FEF74CFBB0F5006F03461CD31B
:1097C0006C468AB0D9F8041004AB2C48C3E90501F3
:1097D00040F2FF71D9611A464FF400711984284B89
:1097E00042F8103F274833464FF41251FFF7BEFFAF
:1097F000A5462C37BD46BDE8F08FC0F30A0804F13A
:109800001700184420F0070080083B60FFF7D4FDE4
:1098100068F35325044640B33B681B4AC7E9083642
:1098200000F1100107F11403F961CDE900A3CDF8AF
:1098300008B0F96807F11C034846FEF709FB002849
:1098400013DA12491248134A4FF4A3730BF0F9F8D4
:1098500010484FF4A3710BF0EBF804F1170020F05F
:1098600007008008FFF7A8FD044668F353257B68CE
:10987000B9682A4620460BF018FBBAE78B6F030045
:1098800004000001C86303007F4E0300F76F03006C
:1098900027670300CA6F03002DE9F04F87B0DDE9A9
:1098A0001279DDE9106A044603919346984627B37E
:1098B000CDF800903B46524610210020CDF8149080
:1098C000FEF7AAF8051E0BDA2649274A274840F278
:1098D00065130BF0B6F840F2651123480BF0A8F8B9
:1098E000B5F5006F0ADB224A224840F2FF730221DD
:1098F00007B0BDE8F04F0BF031BB3D4606F1170055
:10990000284420F0070004F007048008FFF754FD06
:109910000BF0070BE40044EA8B1444EA452444EAC4
:1099200006540646A0B19FB1CDF800903B46524682
:1099300029461030FEF770F8002809DA09490A4A6A
:109940000A484FF4C4730BF07CF84FF4C471C4E7B9
:10995000039943462246304607B0BDE8F04F0BF06E
:10996000A4BA00BFF66F0300CA6F030027670300A5
:1099700000700300C8630300406820B1034BC01AA5
:1099800040F3CF0070474FF0FF307047A0630300F3
:109990000EB403B503AB014653F8042B04480193FE
:1099A00002F0AEFC02B05DF804EB03B0704700BFFC
:1099B000D1990200CA0605D48B064CBF024903495F
:1099C000FFF7E6BF704700BF9389030038700300BC
:1099D00038B54B681A68CB689A4205460C4602D1E6
:1099E00008460BF0DFFA6368BFF35B8F53E8002F84
:1099F000511C43E800100028F8D1BFF35B8FA36827
:109A00009D5463681A68E3689A4209D90549064873
:109A1000064A72230BF015F8044872210BF008F87F
:109A2000002038BD6A700300276703003B70030005
:109A30002DE9F04F89B09B46149B06939DF84CA0EE
:109A4000159B0593169B179E049304460D4690465E
:109A5000BAF1000F00F0AD80BAF1040F0BD9A349A1
:109A6000A34AA44840F246230AF0EBFF40F2462105
:109A70009F480AF0DDFF06F4807307930BF0F4F9BA
:109A800006F00209024600283FD09B492046FFF716
:109A90007FFF0746B9F1000F08D016F0440F36D10A
:109AA00096492A462046FFF773FF074406F0010354
:109AB00053B1934B934953F82A20934B2046002AE5
:109AC00008BF1A46FFF764FF06F48073002B4AD0E4
:109AD00006F00803002B64D1B8F1000F67D08B4962
:109AE00042462046FFF754FF0546069B3D44002BA7
:109AF0006ED1049B002B40F08380F30700F1F080CF
:109B000031462046FFF756FFE4E00746C2E7804BA8
:109B100018680028C9D07F4B4FF47A791B68B5FBD1
:109B2000F3F54FF46163B5FBF0F100FB115509FB50
:109B300005F54FF03C0CB1FBF3F203FB1211B5FB42
:109B4000F0FEB1FBFCF300FB1E550CFB131109FBEF
:109B500005F50091B5FBF0F56F49CDE901E520462B
:109B6000FFF716FFA1E706F00803EBB16B4B6C495A
:109B700053F82A202046FFF70BFF0546B8F1000FE7
:109B800005D0624942462046FFF702FF0544BBF17B
:109B9000000FAAD063495A462046FFF7F9FE054454
:109BA000A3E74FF0000BE1E706F00805E6E74546BE
:109BB0009BE7BBF1010F069B06D1DBB9049B002B91
:109BC00000F0888000251BE0002BF7D0564812E0FB
:109BD0005648069B564922460AF0C3FE00280CDA76
:109BE0005449434A43484FF428730AF02AFF4FF47C
:109BF00028713DE74D485546EBE7049B002B65D0A7
:109C0000DFF83481DFF83491049F3146102F20466D
:109C100028BF1027FFF7CEFE4FF0000B5D4542DC5A
:109C2000059B49461A782046FFF7B2FE4FF0010B1C
:109C30001BF0070F03D141462046FFF7A9FE5F4501
:109C400038D9059B494613F80B202046FFF7A0FEA4
:109C50000BF1010BBBF1100FEAD1394920464FF04F
:109C6000000BFFF795FE5A46059B9A5CA2F1200176
:109C70005F2928BF2E2233492046FFF789FE0BF1CA
:109C8000010BBBF1100F1AD01BF0070F03D1414697
:109C90002046FFF77DFE5F455A46E5D841462046FF
:109CA000FFF776FEEBE741462046FFF771FE0BF12A
:109CB000010BB3E724492046FFF76AFEC8E7059B7E
:109CC0003B440593049BDB1B04939DD1BAF1000F29
:109CD0007FF413AF204609B0BDE8F04F0BF062B936
:109CE000094A08492046FFF753FE09E79F70030021
:109CF0003B70030027670300AA700300AE700300E7
:109D00007C640300066903009A700300D3700300AB
:109D10007412002070120020B770030090640300DA
:109D2000D7700300DD700300BF4F0300D19902001C
:109D300001C30200E2700300F3700300EB70030044
:109D4000F5700300F7700300F170030073B542F281
:109D50000F738B4228BF0B4605680F4A0446052146
:109D600068460AF091F963680C495B6806460B2265
:109D700028460BF009F963683246694628465B6855
:109D80000BF002F9636806495B681B2228460BF05A
:109D9000FBF802B070BD00BFFA7C0300167103002F
:109DA000FA700300074A00210123904206D8064AB0
:109DB00001B901231360054B1860704740085B0030
:109DC0000121F2E740420F007012002074120020BF
:109DD000014B01221A7070478F270020014B002091
:109DE000196070478C1200200148FFF7AFBF00BF19
:109DF000C064030010B5064B18680C46FFF706FA5E
:109E000021460346BDE8104002480F22184700BF14
:109E10008C120020C0640300F8B5094D094B0A4EAE
:109E2000D5E9004701221A700CB92C60F8BD214613
:109E300030463A4600F01EF8241A0644F4E700BF04
:109E400080120020902700209127002010B9074B96
:109E500018707047064B1B781BB141F288300BF02D
:109E6000B0BEA420002108F0FBBE00BF8F27002059
:109E7000902700202DE9F047DFF878901E4F8046AC
:109E80000E46042499F80050A5B90BF08DFE324619
:109E900082464146284606F0CDFB054650460BF06B
:109EA0008BFEE5B101233B7099F8003073B9304661
:109EB000BDE8F08732464146002006F0BBFB054670
:109EC000EFE72046FFF7C2FF651E2C46002006F094
:109ED0003BFC0028EBD03B78002BF2D1E7E73B7846
:109EE000002BE4D0013C2046FFF7B0FF3B78002B6D
:109EF000C8D1DCE7902700208F270020014B0360AA
:109F000000207047D064030010B504460BF068FAD7
:109F100010F1780F00D050B9054A20460BF092F8A6
:109F2000D2F8C43023EA0003C2F8C430002010BDC8
:109F3000901200202DE9F0471C4CDFF87480DFF808
:109F4000749005460E461746444529D91A491B4ABE
:109F50001B484FF4BB630AF074FD1A480AF071FD08
:109F600016484FF4BB610AF063FD6268D9F82430EB
:109F70009A4213D3A3698BB1A9889078C9B2884259
:109F800005D13A4631462846BDE8F0471847527990
:109F9000012A03D13A463146284698472434D3E76C
:109FA000E3D36FF08500BDE8F08700BF40080020D4
:109FB0006408002090120020847103005271030095
:109FC00027670300436F03002DE9F041154B164F3F
:109FD0005E6A164BBB421FD91549164A164840F215
:109FE000BB530AF02EFD15480AF02BFD114840F234
:109FF000BB510AF01DFD5C68B4420BD31D694DB125
:10A0000094F802C08488E4B2A44503D12B46BDE88D
:10A01000F04118472433DDE7EDD36FF08500BDE84C
:10A02000F08100BF9012002064080020400800204A
:10A03000847103005271030027670300436F03001C
:10A04000024B00221A605A60704700BF4B13002079
:10A050002DE9F041134CDFF8508005460E461746B7
:10A0600044451AD91149124A12484FF4C1630AF003
:10A07000E8FC11480AF0E5FC0D484FF4C1610AF014
:10A08000D7FC63690BB92434EAE73A4631462846DF
:10A0900098470028F7D1BDE8F081F2D36FF0850032
:10A0A000F9E700BF40080020640800208471030025
:10A0B0005271030027670300436F0300430670B526
:10A0C00020D0134B134CA3421ED91349134A1448F2
:10A0D0004FF47D730AF0B5FC12480AF0B2FC0F4849
:10A0E0004FF47D710AF0A4FC196A1E7F0022043926
:10A0F000D5B2AE4201D82433E5E7013211F832502F
:10A100008542F5D1012001E0EED3002070BD00BFF3
:10A11000400800206408002084710300527103008D
:10A1200027670300436F0300F7B58488E4B2204635
:10A130000F468DF80740FFF7C1FF054680B114F0C8
:10A140007F0F0E4E02D096F8BA30ABB1204657B111
:10A1500002F0C0FEF3691BB10DF10701082098471A
:10A16000284603B0F0BD02F0E7FEF369002BF7D0FC
:10A170000DF107010920F2E71D46F1E790120020DA
:10A1800008B509480378C3F341130A3350F8233064
:10A190003BB100F1080200F110019847C043C00F25
:10A1A00008BD1846FCE700BF9012002004282DE9E6
:10A1B000F14FDFF8D49004460F461AD0012831D170
:10A1C000DFF8C88098F8B93063B300F069FE304D0D
:10A1D0004D4537D92F49304A304840F2C2430AF042
:10A1E00030FC2F480AF02DFC40F2C2412A480AF008
:10A1F0001FFCFFF725FFE3E70BEBC6060AF1010A98
:10A2000030790BF0EDF8024630790AF01BFFD8F8F0
:10A21000C430002A23EA0003C8F8C43017DA002348
:10A2200088F8B9301A4D4D4520D91A491A4A1B48A9
:10A2300040F2EE430AF005FC19480AF002FC40F235
:10A24000EE41D3E7EBD2D5F820B04FF0000A2B7FD8
:10A250005FFA8AF6B342CFD82435B9E7EB681BB171
:10A260003A462146284698472435DCE7F6D3074B83
:10A270001B6A2BB13946204601B0BDE8F04F1847A4
:10A2800001B0BDE8F08F00BF6408002090120020EC
:10A290004008002084710300527103002767030007
:10A2A000436F030073B586788DF8006003794279B7
:10A2B0001C4C43EA0223ADF80230C378304603F069
:10A2C00003038DF804300AF0BDFED4F8C430184200
:10A2D00005460BD0304600F0C5FD3046FFF714FEB2
:10A2E0000BF01EFD10B9962008F0FEFC684602F047
:10A2F000C3FD10F1780F03D010B1002002B070BD83
:10A300009DF8000002F054FE10F1780F01D00028F3
:10A31000F3D1D4F8C43001202B4384F8B900C4F839
:10A32000C430EBE7901200202DE9F047A84EB36946
:10A3300004460F461546FBB9237803F01F03012B93
:10A3400000F09E80022B00F0068133BB94F90000E0
:10A350002A686178002834DA062912D008292BD01F
:10A36000D9B901231370517096F8C3305B0043F0E4
:10A3700001031370022328E198470028DCD1002054
:10A380000DE06288100A011F0129844605D90728BB
:10A3900003D8716AD2B20C781CB96FF01500BDE811
:10A3A000F0874E78664503D19A4200F00981013367
:10A3B0002144F0E70B7808E196F8BA3013700123D6
:10A3C00003E101390829E8D801A353F821F000BFBF
:10A3D0006BA402009BA3020079A402009BA30200CD
:10A3E000F5A302009BA302009BA302009BA3020013
:10A3F00003A402006088C0B202F0E4FC0028BED0D2
:10A40000CBE76388756A63BBFFF71AFE638886F83B
:10A41000BA30F369002BB2D06E4903209847AEE7FB
:10A420006B78042B10D0052B11D0022B04D16F793F
:10A430006388BB4208BF01202B781D442B78002B7A
:10A44000EED10028A9D0DFE795F80380F4E7638810
:10A45000BB42F1D1B8F1000FEED12846FFF722FF41
:10A46000EAE7FF270020B846E8E76388012B94D18C
:10A47000002386F8C33082E76388012B8DD1F8E78B
:10A4800096F8BA30D5F800C0002B86D0A388756A3C
:10A490005FFA83FE2A46107800283FF47EAF517899
:10A4A000022904D192F80480F04500F2958002441C
:10A4B000F1E78CF800208CF8012039605FE7154443
:10A4C00096E00B2A7FF469AF00274FF0FF08C146E2
:10A4D000BA4606E06B78042B0FD0052B21D02B78E1
:10A4E0001D442B78002BF5D1F36913B15146072099
:10A4F0009847002F7FF443AF4FE795F80280A38879
:10A5000095F803909845EAD163889945E7D1B8F169
:10A51000070F1DD806EB0803AA4683F8BB90012756
:10A52000DDE7A3884345DAD16388DBB24B450AD027
:10A53000AF78384600F096FC3846FFF7E5FCB0FAF5
:10A5400080F77F09CBE72846FFF7ACFE0746C6E752
:10A55000AA460027C3E794F900206378002A19DA95
:10A56000002B7FF41AAFA4882D68E4B22046FFF7D1
:10A57000A5FD00283FF411AF630604D096F8BA3069
:10A58000002B3FF40AAF2946204602F0F5FC0023D9
:10A590006B70EFE6012B08D0032B7FF4FEAE6388CF
:10A5A000002B7FF4FAAE012103E0618800297FF4DB
:10A5B000F4AE2046FFF7B8FD00287FF4E0AEECE6ED
:10A5C000022829607FF4F6AE4B883B60D7E600BFD7
:10A5D000901200204A13002094F9000062780028AD
:10A5E000BFF66FAF002A3FF464AF0A2A7FF4D5AEFE
:10A5F0002A78002A3FF4D1AE697804297FF45FAF4E
:10A60000A9788B427FF45BAF072B96BF9B19002381
:10A6100093F8BB308CF80030D1E600BF13B5164C70
:10A62000237DF3B9E268A168019201AB80200AF0B2
:10A6300017FD019AA3681344A360E3689B1AE360C3
:10A640006BB962B12369E2889A4208DD94F8C820A8
:10A6500093FBF2F102FB11330BB90123237502B016
:10A6600010BD00231A4619468020237502B0BDE8AC
:10A67000104002F0C7BC00BF9012002030B585B07A
:10A68000002302460D460193002858D1002935D1F8
:10A6900008220B460DEB02010AF0BBFE002804DA8B
:10A6A000802002F017FC05B030BD304C029A2260C9
:10A6B000039A626004F13802A2609DF90820BDF897
:10A6C0000E302575002AC4E903550ADB802B04D916
:10A6D000802002F0FFFB0020E3E713B1C4E903335D
:10A6E000E1E7FFF74DFD0028DAD0E28823699A42BE
:10A6F000D4BFE260E360FFF791FFD4E71B4CD4E9DD
:10A700000215002D01AB04DC0AF083FE0028CADA32
:10A71000C6E72A460AF07DFE0028D9DB019AA36825
:10A720001344A360E3689B1AE360002BBBD104F1E0
:10A730003803A360FFF724FD0028DCD1B0E78028B0
:10A7400007D10A4BDA68002AD5D11B7D002BD2D164
:10A75000A9E707490748084A4FF4C5730AF071F999
:10A7600005484FF4C5710AF063F900BF901200204C
:10A77000AA9003002767030052710300054B064AA5
:10A780009A62064ADA62064A1A63064A58629A616F
:10A79000002070479012002029A30200C99F0200E8
:10A7A00051A00200359F02002DE9F34104464F4DB0
:10A7B0004F484FF0FF334FF0FF3206F083FB95F820
:10A7C000B830002B40F08C806B6A83B149482C6212
:10A7D000E8616E6A02F058FD02F0C2FA041E10DA57
:10A7E000434806F03FFC204602B0BDE8F08100F08F
:10A7F000D5F8FFF7C3FF6B6A002BE7D14FF0FF34AA
:10A80000EEE700F06FFB041EEADB7378012B6AD1E0
:10A81000F379002B67D00026684685F8C830ADF87C
:10A8200002308DF804608DF8006002F025FB041EF4
:10A83000D6DB802768468DF8007002F01DFB041EF1
:10A84000CEDB2D49304602F00BFD041EC8DB2A4941
:10A85000384602F005FD041EC2DB284CDFF8A0805C
:10A86000444521D92749284A28484FF4C3630AF0B0
:10A87000E8F827480AF0E5F823484FF4C3610AF0E6
:10A88000D7F8276A0026227FF3B29A4201D82434EF
:10A89000E6E707EBC30257F83310107902F0E0FC4B
:10A8A00001360028EFD0A9E7EBD3002002F080FBAF
:10A8B000041E95DBD5F8C430802043F00103C5F8B1
:10A8C000C43002F075FB041E8ADBD5F8C43043F4B3
:10A8D0008033C5F8C430012385F8B83000247FE701
:10A8E0006FF077047CE76FF0150479E79012002091
:10A8F00040070020ADA102007DA602004008002014
:10A90000640800208471030052710300276703006C
:10A91000436F030030B51F4B8BB005AA03F1100540
:10A9200018685968144603C40833AB422246F7D16D
:10A930001B7823701022002101A80BF0AFFA12221D
:10A94000002115480BF0AAFA102101A80AF0F9FD20
:10A9500000281BDD0828B8BF0820093801AB0E49C4
:10A960001A18002012F8013F0AAC04EB131403F08C
:10A970000F0328336B44013014F8144C13F8143CC3
:10A980000C7008284B7001F10201EBD102480BB0AA
:10A9900030BD00BFA7710300A22700202DE9F04FB2
:10A9A000894B93F800B087B0BBF1000F03D0874804
:10A9B00007B0BDE8F08F854C00264FF0011AB04675
:10A9C0003546B14623783BB9814B02349C42F3D1E2
:10A9D0007D4A01231370EAE76378052B2DD8DFE861
:10A9E00013F0AC000600F000AC002F00570040232D
:10A9F00004A88DF810B0ADF812308DF814B002F044
:10AA00000FFAB8B1082304A8ADF8123002F008FA22
:10AA100080B17049704A7148ADF812B040F28F139E
:10AA20000AF00FF86E480AF00CF840F28F116A48ED
:10AA300009F0FEFFBDF81230E37123781C44C1E732
:10AA4000E378002BF9D1A378EBB9664D03E06B688E
:10AA50009C4213D02435644B9D420CD963495E4A15
:10AA60005E484FF49B7309F0ECFF614809F0E9FF81
:10AA70004FF49B71DBE7EAD3002099E7AB6813B191
:10AA800041462046984708F101085FFA88F8D4E764
:10AA9000002DF1D000222B7F9A42EDD2296AA078B6
:10AAA00001EBC2010B79984201D00132F3E7012793
:10AAB000E07800F003008DF81400207994F805C0C8
:10AAC00040EA0C20ADF8120094F902000028FBB215
:10AAD00028DA07F110004FF0010C0CFA00F010EA30
:10AAE0000A0F26D143F080008DF8100004A8CDE9AC
:10AAF0000213019202F094F9DDE90121039BC0B930
:10AB00009DF81020A27012F0800F18BF10330A7148
:10AB100018BFDBB24FF0010214BF9A40BA404AEAB4
:10AB2000020A8AE70120B84010EA0A0F01D118464C
:10AB3000DAE70137102FBBD1B7E7032E1AD1FFF7A1
:10AB4000E9FE074650B1FCF7F5FA024630B110288D
:10AB5000A8BF10223946A01C0BF092F923786FF0A1
:10AB60000200E118001B04EB5303C84213D5013661
:10AB7000F6B262E7002EF1D1B9F1000F3FF47CAFDD
:10AB8000A4EB090389F80230C3F3072389F80330E3
:10AB900089F80480EBE71A78203A5E2A0AD9154929
:10ABA0000D4A0E48CB2309F04CFF134809F049FF2A
:10ABB000CB213CE701F801BC13F8012901F8022D73
:10ABC000D3E7A14639E700BFA1270020980700205E
:10ABD0003F080020EE710300B871030027670300EF
:10ABE000F77103004008002064080020847103000E
:10ABF000436F03001E7203005572030010B5094B2A
:10AC000000211A461C78844204D15C6814B102EB1E
:10AC1000811010BD0131042903F14003F2D100205D
:10AC2000F7E700BF5C1300202DE9F34150F8283C02
:10AC300010F82C6C103304460AD1036950F8202C0C
:10AC4000980736D5D2B9590715D5002344F8283CC2
:10AC500054F8283C10330BD054E9077554F8148C81
:10AC60000BF05EF800284FD02E4821460BF048F834
:10AC700002B0BDE8F08143F00403236154F8241CC2
:10AC800001AB30460AF0ECF910B16FF01503DDE7C7
:10AC9000019A54F8243C134444F8243C54F8203CD2
:10ACA0009B1A44F8203C54F81C3C134444F81C3CC8
:10ACB000CEE754F8241C01AB304602F02DFA0028F0
:10ACC000E3D1019D54F8243C2B4444F8243C54F82F
:10ACD000203C5B1B44F8203C54F81C3C2B4444F8BB
:10ACE0001C3C002DB1D0304602F0D4FAB5FBF0F395
:10ACF00003FB1055002DA8D154F8203C002BA4D004
:10AD0000304602F05FFAA3E744F8180CA4F11000F3
:10AD100006F0E0FB002DABD0424639463046A8474E
:10AD2000A6E700BFE80D00204B1E012B73B50646B9
:10AD30000D460FD8FFF762FF044668B9012D09D10F
:10AD400001AB01220DF10301304602F0E5F9019B50
:10AD5000002BF5D102B070BD0AF0E2FF04F12C0126
:10AD600008B1012D05D1084602B0BDE87040FFF7DB
:10AD70005BBF034802B0BDE870400AF0C1BF00BF2E
:10AD8000E80D00202DE9F74F06460191154698463B
:10AD90000AF0AEF9044600285BD1EFF3118A2023B4
:10ADA00083F31288BFF36F8FDFF8ACB0002200236B
:10ADB000584606F00DFC70B9DFF8A090A70109EB2A
:10ADC0008414636813F1100F14D10193584606F0F0
:10ADD00081FB019B06E00134042C0BF1400BE5D113
:10ADE0006FF00B038AF31188BFF36F8F184603B01F
:10ADF000BDE8F08F019B2061C4E902350C9B6361C3
:10AE00000D9BA36130466FF00F0309F80760C4F88B
:10AE10003C80636002F03EFA58B1304602F03AFAE4
:10AE2000B5FBF0F303FB10551DB1E36B43F00403D6
:10AE3000E36318F0020F07D007F12C0108484944DA
:10AE40000AF05EFF0023CDE7304602F0BBF903466F
:10AE5000C8E76FF00F03C9E7781300205C130020E8
:10AE6000E80D002010B5EFF31184202383F312883E
:10AE7000BFF36F8FFFF7C2FE50B14368103307D1A5
:10AE80006FF08B03436000F12C0104480AF038FF97
:10AE900084F31188BFF36F8F10BD00BFE80D002051
:10AEA000F8B50E4C04252027EFF3118687F312889E
:10AEB000BFF36F8F6368103307D16FF08B030848BF
:10AEC000636004F12C010AF01BFF86F31188BFF3C5
:10AED0006F8F013D04F14004E6D1F8BD5C13002002
:10AEE000E80D002070B50A4C0A4E00253146204678
:10AEF00006F0AEFD0122A4F11000114601350AF062
:10AF0000E1FE042D04F14004F0D1002070BD00BF2B
:10AF10008813002029AC02000169012381F84B301D
:10AF20000B6833B191F849301BB1024808310AF07F
:10AF3000E7BE7047E80D00200169012381F84A301F
:10AF40000B6833B191F848301BB1024808310AF060
:10AF5000D7BE7047E80D002070B50569EFF3118684
:10AF6000202383F31288BFF36F8FD5F89000FEF78C
:10AF70000FF8044686F31188BFF36F8F30B1044891
:10AF80000022002305F1180106F08EFE204670BD58
:10AF9000E80D002070B5012382F8483013680D4693
:10AFA00014463BB192F84A3023B10E4802F1080131
:10AFB0000AF0A6FED4F89030DA885B899A4205D16F
:10AFC0007DB904F1180140F6CD4204E004F1180106
:10AFD000002DF8D00022BDE870400248002306F0A2
:10AFE00063BE70BDE80D002070B50E468188044632
:10AFF000C9B2154815460AF057F810B394F9002065
:10B000006378002A16DB202B04D0222B0ED06FF0A1
:10B0100085000AE02B681A6840F8102C9A8820F8FE
:10B020000C2C9B7900F80A3C002070BD638800F866
:10B03000093CF9E7212BEAD1103807232860336057
:10B04000F2E76FF01200F0E75C14002008B501464B
:10B0500003480AF037F810B1012300F8073C08BD97
:10B060005C1400200D4A03460021A0F84810106827
:10B07000C3F8940090889279A3F8980083F89A20F6
:10B0800083F89C1083F89B10A3F89E1083F8A010FF
:10B09000402203F14C000AF001BF00BF30640300FE
:10B0A00010B504690023C4F8A8300C4BC4F8A40000
:10B0B000596804F1A80269B9C3E9002204F1080043
:10B0C000074906F0C5FC04F11800064906F0C0FD6A
:10B0D000002010BD0A605A60F0E700BF5C14002039
:10B0E0001B5103009DB1020030B54FF4003342689C
:10B0F00005690D4C85B042F2A100CDE901030023A2
:10B1000085F89D30106AADF80C1000790A2201A96B
:10B1100009F0A6FF95F89D3023B901200AF051FDF2
:10B12000013CF7D105B030BDA186010073B50469BB
:10B130008DF80710002384F848302025EFF311869E
:10B1400085F31288BFF36F8F0122D4F890000DF1C0
:10B150000701FDF71DFF86F31188BFF36F8F0128EC
:10B160000AD00AF0DDFD10B994F8A1306BB9094B93
:10B170001A780AB901221A702122002304F1180159
:10B18000054806F091FD02B070BD0021212007F0B6
:10B1900067FDD3E7B4270020E80D0020F0B5D0F814
:10B1A0008C305B681B6A1F7D85B00546384609F008
:10B1B0009FFF064650BB95F886303BB3A86F01460B
:10B1C000C38831F80A2F9B1A9BB2B3F5806F28BF52
:10B1D0004FF4806303AA09F0C5FD0446B0B18306AD
:10B1E000A5F1180308BF00F1FF3485F83060019322
:10B1F000074B03990093224602233846FFF7C2FD0E
:10B20000A86F224600F10A0109F0E2FD05B0F0BD89
:10B2100095AF020037B514460A1E054621DDD4F865
:10B220008C0004F14C01FDF7B3FE012384F8493092
:10B2300023683BB194F84B3023B1114804F1080165
:10B240000AF05EFDD4F88C209388918912695B1A0C
:10B250009BB2D31A3F2B04D8012384F8A03003B04B
:10B2600030BD94F89E30002BF9D0064B009301942A
:10B270000123402204F14C012846FFF783FDEEE74D
:10B28000E80D002015B20200F7B50D4601461D4835
:10B2900009F0FEFE044610B30646691E56F8A439AE
:10B2A0005F6805291BD8DFE801F01C1A031C222661
:10B2B00010F8061C99B9012300F8063C3B6A324697
:10B2C000187BFFF7A7FF14F85C2C42B93B6A187D86
:10B2D0000D4B0093019602231146FFF753FD03B077
:10B2E000F0BD304603B0BDE8F040FFF7BBBE012320
:10B2F00004F8053CF3E710F8053C002BEFD00023E1
:10B30000F6E700BF5C14002095AF020037B5094D89
:10B310000949002400944FF0FF334FF4806228461F
:10B3200006F026FC0549284606F042FD204603B0FB
:10B3300030BD00BFE80D002080360020B27203004F
:10B3400008B5044809F067FBBDE80840024809F069
:10B3500062BB00BFBB720300F0720300014808F03B
:10B36000EBBC00BFD064030038B5044618B90F4BDE
:10B370000F485B6898476168B1F5683F10D0B1F538
:10B38000680F0DD00B4DA9420AD011F468612068F6
:10B3900007D00146084805F0B5FC0023236065602E
:10B3A00038BD14220AF07AFDF9E700BF200600201C
:10B3B0001E7303002C5F5CA96419002008B520B33C
:10B3C0004368B3F5683F10D101220368BFF35B8F78
:10B3D00053E8001F002903D143E800200028F7D1DB
:10B3E000BFF35B8F0DD1002008BD094A93420AD0FC
:10B3F00000684FF0FF324FF0FF3305F063FD002887
:10B40000F1D00448F0E70448EEE76FF4E040EBE7E2
:10B410002C5F5CA9E98FFFFFEA8FFFFF08B5D8B169
:10B420004368B3F5683F10D100220368BFF35B8F18
:10B4300053E8001F012903D143E800200028F7D179
:10B44000BFF35B8F0BD1002008BD074A934208D0A1
:10B45000006805F007FEF6E76FF4E040F4E7034804
:10B46000F2E70348F0E700BF2C5F5CA9E98FFFFF1C
:10B47000EA8FFFFF10B5044618B91D4B1D485B68E5
:10B4800098476368B3F5683F2FD0B3F5680F2CD0A9
:10B49000194A934219D1236803BB18484FF0FF3271
:10B4A0004FF0FF33214605F0A1FB08B923681BB913
:10B4B0000F4B13485B6898472068142200210AF05C
:10B4C000EDFC4FF46863636008E0B3F5683F0DD8A6
:10B4D0003A2B03D040F6BA629342DED120680AF0DC
:10B4E000D3FB636843F03A03636010BD054AF3E79A
:10B4F000200600201E7303002C5F5CA96419002045
:10B50000447303003A00003A08B506490648402350
:10B5100014220AF0A2FBBDE808400449044808F0E0
:10B520007DBC00BF6414002064190020D8640300AF
:10B53000EC6403002DE9F047064600AF0C460029F5
:10B5400036D0E9468AB0D1E90012A3686D46214899
:10B55000A8464FF0050AC5E90501C5E9072348F8E3
:10B5600010AF1D48424600234FF42151FEF7FEF86C
:10B57000CD46D4E903126369AD461848C5F810A05A
:10B58000C5E90501C5E907231348002342464FF4E6
:10B590002151FEF7EBF8CD46E369114A0E4801212F
:10B5A00009F0DCFCA3690F4A0B48012109F0D6FC25
:10B5B000012E07D1EFF305830B4A0748103B3146B4
:10B5C00009F0CCFC2146304605F010F9BD46BDE837
:10B5D000F08700BF71730300F0630300A0730300E2
:10B5E000CF730300DE7303000C74030030BFFFF75A
:10B5F000FDBF00BF2DE9F0410B4EDFF8308006EBB8
:10B600000807CC1B05463246094920460AF038FC9B
:10B61000A01942460021083C0AF040FCC5F89040C1
:10B6200007F10800BDE8F081000000000400000000
:10B6300030640300054B5A699B689A421FBF044A55
:10B64000536843F080535360704700BF6825002063
:10B6500000ED00E070B5294C06460D462848294902
:10B6600009F05FFEA36AD9043CD52548264909F0B4
:10B6700058FE1720A36A1A0504D52148234909F06A
:10B6800050FE18201D4CA36A9B0512D51C4820496A
:10B6900009F047FEA36BA26A100409D51D4A184899
:10B6A000012109F05BFC1EB1A36A23F40043A362ED
:10B6B0001920124CA36A590504D51148164909F0FE
:10B6C00030FE1A20A36ADA050ED50D48134909F099
:10B6D00028FE1B20094A936A43F47F4393620023A8
:10B6E0002B7070BD1620C5E7A36A9B04F2D50448F1
:10B6F0000B4909F016FE1C20ECE700BF00ED00E04E
:10B70000F06303001F7403003574030046740300E4
:10B71000597403007274030087740300A274030059
:10B72000BA74030010B5204C2049214809F0F9FDF6
:10B73000A36A990136D51E481E4909F0F2FD1E2064
:10B74000A36ADA0104D51A481B4909F0EAFD1F2053
:10B75000154CA36A1B0304D51548184909F0E1FDEF
:10B760002120A36A590304D51148154909F0D9FDD0
:10B7700022200D4CA36A9A0304D50D48114909F003
:10B78000D0FD2320A36ADB0304D509480E4909F044
:10B79000C8FD2420044A936A6FEA03436FEA134307
:10B7A000936210BD1D20CBE700ED00E0E9740300BB
:10B7B000F063030001750300147503002E75030088
:10B7C0004C750300717503008B7503002DE9F84378
:10B7D0003F4D804689463F483F49174609F0A1FD45
:10B7E000AB6ADA0627D53D493A4809F09AFD11249B
:10B7F000AB6A1B0704D53A49364809F092FD12247A
:10B80000334DAB6A9E0718D53649324809F089FD99
:10B810006E6BAB6A1C0646D5334A2E48334601216F
:10B8200009F09CFBB9F1000F03D0AB6A23F0800351
:10B83000AB62132403E01024DAE76FF01506244D01
:10B84000AB6AD80704D52949224809F06AFD1424B7
:10B85000AB6A990604D526491E4809F062FD1524F5
:10B860001B4DAB6ADA0602D4AB6A9B070AD56B683C
:10B87000180507D54146304600F0E0FAB0B180F334
:10B8800009880224124B9A6A920642BF5A6A22F42D
:10B8900000525A629A6A42F0FF029A6200233B7099
:10B8A0002046BDE8F8836FF01506C2E7AB6AD906FB
:10B8B000E8D51049104A11484FF4927309F0C1F8C5
:10B8C0000F4809F0BEF80C484FF4927109F0B0F837
:10B8D00000ED00E0F0630300B6750300CC750300D3
:10B8E00046740300FF750300177603002D760300EE
:10B8F000BA7403007E7603004C76030027670300CA
:10B90000C8760300F0B5794B8BB00446586800AF99
:10B91000C0F30803002686F31188BFF36F8F02F08F
:10B920007F45B5F17F4F07D102F00C05082D12D1EC
:10B930006F49704809F0F5FC6F49704A704840F251
:10B94000114309F07EF86F4809F07BF840F211418D
:10B950006A4809F06DF815074CBF0C460126002C0B
:10B96000EAD00022FA71DA1E092A00F29E80DFE88E
:10B9700002F0059497779C9C9C9C9C9A62495D4838
:10B980005A4D09F0CEFC0023FB71EB6A9A0705D5EE
:10B990005E49584809F0C5FC002329E0EB6A002BFA
:10B9A00001DA5B49F5E7EB6A5B0069D55949514813
:10B9B00009F0B7FC6B69A26943F480736B61BFF354
:10B9C0004F8FBFF36F8F6B6932F8022C23F48073B3
:10B9D0006B61BFF34F8FBFF36F8F4DF602739A42C7
:10B9E00027D123684C4A4348012109F0B7FA23685C
:10B9F000FA79DAB907F1080504F1200C20686168CA
:10BA00002A4603C2083464451546F7D17A6A002EE7
:10BA100067D0C2F3080121B96FEA52226FEA4222CD
:10BA20007A6207F108011846FFF784FD2C37BD46FE
:10BA3000F0BDAB6ADBB233B1FA1D01212046FFF73E
:10BA4000C5FE0346D4E7AB6A13F47F4F04D0F91D5B
:10BA50000120FFF7FFFDF4E7AB6AB3F5803F02D3A7
:10BA6000FFF760FEEDE72D49244A254840F2EA231E
:10BA700008F0E7FF2A4808F0E4FF40F2EA2167E710
:10BA800026491E4A1E4840F2ED2308F0DAFF2548F9
:10BA900008F0D7FF40F2ED215AE7FA1D0021CDE76B
:10BAA000F91D0020D5E7204973E7204A204910F40A
:10BAB000F87F6D468AB018BF11466A46103BD361C5
:10BAC0001C484FF4007313841B4BC2E9050142F874
:10BAD000103F084800234FF41151FDF747FEAD46D3
:10BAE0005AE722F4FF7222F0010299E700ED00E02C
:10BAF00019770300F0630300447703004C760300DA
:10BB0000276703005777030095770300AC7703009E
:10BB1000CD770300DB770300FA770300AA900300D8
:10BB2000167803003A7803006A7803000077030070
:10BB3000EB7603008E78030004000001044B5A6981
:10BB400042F010025A615A6922F008025A617047A5
:10BB500000ED00E0EFF30880EFF3098101B57246D4
:10BB6000FFF7D0FE01BD00BF002080F31488BFF3B3
:10BB70006F8F0F4880F3088803F0D0FC00200D4938
:10BB80000860BFF34F8F00F02BF8202080F311885E
:10BB900009484FF40461401880F30988EFF31480DA
:10BBA0000221084380F31488BFF36F8F00F016F969
:10BBB000C050002094ED00E0003F00200749D1F87C
:10BBC00090200023C2F307221846934200DB7047FF
:10BBD000C1F89830C1F8A0000133F6E700ED00E0AD
:10BBE00008B572B6002383F31388FFF7E7FF144B01
:10BBF0004FF0FF32C3F88020C3F88420C3F88820B8
:10BC0000C3F88C20C3F89020C3F89420C3F8982080
:10BC1000C3F89C20C3F88021C3F88421C3F888218D
:10BC2000C3F88C21C3F89021C3F89421C3F898215C
:10BC3000C3F89C2162B6BFF34F8FBFF36F8F08BD6F
:10BC400000E100E0084B9B6883420BD1EFF30583D2
:10BC500043B1064B5A6842F080525A605A6A22F445
:10BC600000425A6207F0BCB86825002000ED00E0F1
:10BC700015498A684FF030001044EFF3098C80E8D2
:10BC8000F01F202080F31288BFF36F8F0F4F4FF00B
:10BC900000664A698A603E60D2F890000C4C2060D1
:10BCA000D2F894000023C2F8943080F3118804B5D0
:10BCB000104600F02BF9BDE8044002F1300090E896
:10BCC000F01F8CF3098870476825002004ED00E020
:10BCD000841900201EF0040F0CBFEFF30880EFF36F
:10BCE0000980816911F8021C0229FFD001B5724652
:10BCF00009F00CFB01BD00BF40B2002807DB044A7D
:10BD00004109012300F01F00834042F821307047B1
:10BD100000E100E040B200280CDB4309064900F0D6
:10BD20001F0020330122824041F82320BFF34F8FB0
:10BD3000BFF36F8F704700BF00E100E0054B420981
:10BD400000F01F0053F82220012303FA00F01040F6
:10BD5000704700BF00E100E038B54B1C072B0446DC
:10BD60000D460FD9114A124912486B2308F069FE9B
:10BD7000114829460723224608F063FE0B486B2131
:10BD800008F056FE40B20028ACBF00F160400B4AFC
:10BD90004FEA4313B8BF00F00F00DBB2AABF00F5B3
:10BDA0006140135480F8003338BD00BFA178030010
:10BDB000D878030027670300F378030014ED00E050
:10BDC000044B054A23F07F039360BFF34F8FBFF30B
:10BDD0006F8F70470070020000ED00E008B5FFF7BC
:10BDE000EFFF074AD2F8883023F47003C2F8883096
:10BDF00004F022FE07F08CFA00F05EF804F064FE16
:10BE000000ED00E042F8203C009B42F81C3C0A494F
:10BE1000019B42F8183C029B42F8143C21F00101BE
:10BE20004FF0807342F8043C42F8081C0023203A8B
:10BE30000265C0F894307047D18202000A4A034676
:10BE4000906878B113F1160FD0F8800005D0A0F1FA
:10BE500040029A4205D8834203D2814228BF002083
:10BE600070470020704700BF6825002008B51546C0
:10BE70000A4A0B4B9060D0F890201A600E4600F0F2
:10BE800045F82C4686F309880020064B9847204643
:10BE9000002100220023044C204700BF6825002019
:10BEA0008419002033530300D1820200014B102279
:10BEB0001A61704700ED00E0044800232021C218F9
:10BEC0000133302B82F80013F9D1704700E100E014
:10BED00008B5EFF30583064A103B02EBC30152F8A5
:10BEE000330049688847BDE80840FFF7A3BB00BF9F
:10BEF000E8600300024B034A0348012100F08CB8BC
:10BF00000000042000000020FC640300D0F8802022
:10BF1000054B403A1A60054A4021C3E90112184610
:10BF2000012100F09FB800BF8819002000000B1508
:10BF300008B503461048D0F89020C2F30722013A12
:10BF4000934207D90D480E4A012109F007F86FF016
:10BF5000150008BDC0F898300A6822F01F021A4385
:10BF600042F01002C0F89C208A6842F00102C0F83A
:10BF7000A0201846EDE700BF00ED00E0E0630300FD
:10BF800037790300F0B50E4685B01F4604460025FC
:10BF9000B5420DDA606810B397B1431E18420AD05B
:10BFA000104A11482B46012108F0D8FF6FF0150206
:10BFB000104605B0F0BD1F28F2D921680B42EFD121
:10BFC0002368019309F0D8F9A36801A90343D0B20B
:10BFD0000393FFF7ADFF10F1160FE7D0421C0135B8
:10BFE0000C34D5E75D790300E0630300044B0522C0
:10BFF000C3F89420BFF34F8FBFF36F8F704700BF1C
:10C0000000ED00E0BFF35F8F024B0022C3F89420E5
:10C01000704700BF00ED00E038B50D4D01232A78D0
:10C020000C46FFF7AFFF287016300FD1094A0A49B6
:10C030000A484FF4BB7308F004FD0948214608F094
:10C0400000FD04484FF4BB7108F0F2FC38BD00BF9E
:10C05000B527002080790300AA900300276703001A
:10C06000AF79030010B5144A002312780C46FFF78D
:10C0700089FF10F1160F08D0104A0021D2F8903035
:10C08000C3F30723984210DB10BD0D4A0D490E483B
:10C0900040F2951308F0D5FC0C48214608F0D1FC7D
:10C0A000074840F2951108F0C3FCC2F89800C2F8A6
:10C0B000A0100130E2E700BFB527002000ED00E04E
:10C0C00080790300AA90030027670300DB7903004F
:10C0D0002DE9F04F7B4C7C49D4F890300D68C3F3C8
:10C0E00007239D4285B013D9784A7949794840F2AF
:10C0F000AD1308F0A6FCD4F8902077482946C2F387
:10C10000072208F09EFC40F2AD11704808F090FC48
:10C11000FFF778FF49680022954201F10C012DD10B
:10C120006E4C6F4F25706846FDF7E8FEDFF8B4816E
:10C13000DFF8B49106460025AE4232D1237861493A
:10C140000020D1F89020C2F307229342C0F2AF80C2
:10C15000FFF74CFFD1F89030C3F30723082B00F012
:10C16000AC806249594A5B4840F21F2308F069FCE1
:10C170005F4808F066FC40F21F21C6E7C4F898202B
:10C1800051F80C3C23F01F03134343F01003C4F891
:10C190009C3051F8043C43F00103C4F8A030013254
:10C1A000BAE7009A02EB05132901D3F80CA00AEABA
:10C1B0000700B0F5000F60D00AD8B0F5001F38D0E6
:10C1C000B0F5800F4ED0B0F5801F12D00135B3E727
:10C1D000B0F1807F5CD0B0F1007FF7D19868D3F8E0
:10C1E00004A0525809F0C8F8CDE901A240F480201B
:10C1F0000BE09868D3F804A0525809F0BDF8CDE9D7
:10C2000001A240F0885040F430200390207801A92A
:10C21000FFF78EFE002846DA2D492C4A2D4840F2C1
:10C22000D71308F00EFC334808F00BFC40F2D7118E
:10C230006BE79868D3F804B0525809F09DF81AF0EB
:10C24000010F40EA0800CDE901B20390DED02A498F
:10C250001E4A20487B2308F0F4FB284808F0F1FB35
:10C260007B2152E79868D3F804A0525809F084F86B
:10C27000CDE901A240EA0900C7E79868D3F804A015
:10C28000525809F079F8CDE901A240F08270BCE77C
:10C290009868D3F804A0525809F06EF8CDE901A2CD
:10C2A00040F08870B1E72378013323708EE7C1F83E
:10C2B0009830C1F8A000013343E7002005B0BDE885
:10C2C000F08F00BF00ED00E00865030080790300F7
:10C2D000AA90030027670300087A0300B52700200F
:10C2E0000000F0FF0000081100000206BB7A030006
:10C2F0000B7B0300917A03003C7A0300627A03000F
:10C30000F0B587B007460E46144600211022684655
:10C310001D4609F0C3FD02238DF802302A46054B65
:10C32000019321466846CDE9047607F0D9FE07B0AF
:10C33000F0BD00BF9953030008B5024B1B68984736
:10C34000002008BD94190020034B044A186093781C
:10C3500043F002039370704794190020D805002021
:10C3600008B50649064821F00701C1F1005202F55F
:10C370008022FBF7B7FA002008BD00BFCF5F002086
:10C38000981900200E4A0123C2F840354FF0804230
:10C390004FF08051C2F87835D1F83001082808D123
:10C3A000D1F83411052904D80648415C09B1C2F816
:10C3B00038364FF080430122C3F8802500207047B3
:10C3C00000E001403B7B030020B1034B800143F0C0
:10C3D00001031847704700BF40640300BFF34F8F4D
:10C3E0000549064BCA6802F4E0621343CB60BFF311
:10C3F0004F8F00BFFDE700BF00ED00E00400FA052D
:10C40000020600F07F0312D5082B05D1010700F0CA
:10C410000F0306D50E48704710F0780F12D100F0C8
:10C420000F034C2000EB43100A4B18447047082BB5
:10C4300005D1020700F00F0306D50748704710F03A
:10C44000780FF6D000207047044800EB4310704787
:10C45000F01A0020A4190020101C0020101B00203E
:10C460000149024809F04CBCCC190020A80E00205C
:10C470000146014809F01BBC84070020094C0A4A08
:10C480000A4808B5012108F0A5FF094909484FF4F9
:10C49000E373224608F0D5FA4FF4E371204608F022
:10C4A000C7FA00BF617B0300457B030018640300EB
:10C4B000AA9003002767030010B51049BFF35B8FF4
:10C4C000002351E8002F012A03D141E80030002861
:10C4D000F7D1BFF35B8F0CBF012018460DD151F887
:10C4E000044C14392046FCF7C9FC10F1780F04D134
:10C4F0002046BDE81040FCF755BC10BDC419002013
:10C5000002480022002304F05BBF00BF8407002024
:10C5100013B5124801F01EF9114B98421AD1114877
:10C5200003F040FF0024104803F092FF0F49104829
:10C5300000944FF0FF334FF4806205F019FB0D4972
:10C540000B4805F035FC0C480C4905F081FA2046F3
:10C5500002B010BD6FF00400FAE700BFF1CB02009B
:10C560000000AD0B467E030028650300C03A0020A2
:10C57000A80E0020957B0300CC190020EDC6020018
:10C5800038B5002464F07F00C0B2FFF739FF58B916
:10C590001C491D4A1D4840F27A2308F052FA40F225
:10C5A0007A21194808F044FA013408F000FF082CF9
:10C5B000E8D1174D0024E0B2FFF722FF48B9114936
:10C5C000114A12484FF4207308F03BFA4FF42071DF
:10C5D000E7E7036903B90561013408F0E8FE082CB8
:10C5E00005F14005E7D10B4808F0E1FE0A4BD3F80E
:10C5F0007C2212B9094AC3F87C22094808F0D7FE08
:10C60000002038BDA07B0300617B03002767030087
:10C6100034200020F01A0020A4190020341C00202F
:10C62000101C002010B5054CFFF76AFF20B14168CF
:10C63000204604F067FBF7E710BD00BFD0060020DE
:10C6400013B500221248002301A904F0CFFAD8B193
:10C65000104A1148012108F0BDFEFFF7E3FF0C4826
:10C660000022002301A904F0C1FA044608B1FFF733
:10C6700005FF0198042340600374FFF7F9FEFFF7FC
:10C68000EFFE204602B010BD01984060FAE700BFFF
:10C69000D0060020A77B0300186403000346024A6B
:10C6A0000248012108F05ABCC57B0300186403004E
:10C6B000022810B511D80B4A145CFFF7C1FF80B1F6
:10C6C000002202740472FFF7D3FE074B93F8243064
:10C6D0003BB1BDE81040FFF7C3BEBDE81040FFF717
:10C6E000DDBF10BD437E0300A41900202DE9F043F7
:10C6F000954DDFF8589285B08046FFF701FF074659
:10C7000010B905B0BDE8F08395F825203B7C3AB917
:10C71000002B00F0B68079688C4804F0F3FAECE75F
:10C72000042B00F2E281DFE813F0AC0005007C018D
:10C730009201B30118F8043C33B9BB685B7A844AB0
:10C740008448012108F00AFCBC685CB98249834A2C
:10C7500083484FF44B7308F074F94FF44B717F48E2
:10C7600008F066F93B7B032B46D8DFE803F0024C68
:10C770007277A27A62B17B49784A79484FF439736B
:10C7800008F05FF9784808F05CF94FF43971E6E792
:10C790006669764B32607260D3F880143170D3F8DA
:10C7A00084147170D3F88814D3F88C0441EA002102
:10C7B0007180D3F89014D3F8940441EA0021B18039
:10C7C000D3F89814D3F89C3441EA0323F380082368
:10C7D000E36030687168664B03C311462368607A72
:10C7E000984796F90030002B09DBF3889AB232B1F2
:10C7F000A5F88C3201F014FC796848468DE70023D7
:10C80000A5F88C32F8E7637F002BF5D0237F002B4F
:10C81000F2D000264FF0FF32564866774FF0FF33D4
:10C82000267708F0D9FD636901936368CDE9023684
:10C8300001A9607A01F00AF84F4A9042034604D0F9
:10C840004E4A4448012108F089FB4A4808F0C6FDD9
:10C85000D2E723680121607A9847CDE7A37A6BB9C4
:10C86000E37F5BB943484FF0FF324FF0FF3308F0EE
:10C87000B3FD01F0DBFB3F4808F0B0FD2368022167
:10C88000E9E73B7A042BB7D8DFE803F09B032EB52A
:10C89000C10000F0CFFE04460028ADD100F0CCFD71
:10C8A000BFF35B8F3649012351E8002F002A03D1E3
:10C8B00041E800300028F7D1BFF35B8F9CD141F8ED
:10C8C000084C41F8104CE8696B611439FCF7D2F957
:10C8D000002891DA2B49214A214840F2AA2308F086
:10C8E000B0F840F2AA213AE7002464F07F00C0B219
:10C8F000FFF786FD48B91849184A194840F2312314
:10C9000008F09FF840F2312129E7037A13B1407A09
:10C9100001F04CFD0134082CE7D195F854311BB1DE
:10C9200095F8550101F042FD0024E0B2FFF768FDE3
:10C9300050BB0949094A0A4840F2432308F081F8EC
:10C9400040F243210BE700BFA4190020D0060020CD
:10C95000E07B030018640300A07B0300617B0300FD
:10C9600027670300067C03002C7C03000070024054
:10C97000A8190020DC1900200000AD0B487C030042
:10C98000C4190020E2700300037A13B1407A01F069
:10C990000DFD0134082CC8D195F874321BB195F8FF
:10C9A000750201F003FD002000F010FE012385F860
:10C9B00025302B68002B3FF41FAF00210220984741
:10C9C0001AE7002485F8254001F030FCFFF774FDDC
:10C9D000A04209DA4849494A494840F2C22308F0CE
:10C9E00030F840F2C221BAE62B68002B3FF404AFC6
:10C9F00021460420E3E7002A3FF4FEAE00F024FEC7
:10CA00002B68002B3FF4F8AE00210520D7E72B68F8
:10CA1000002B3FF4F1AE002A3FF4EEAE00210620D9
:10CA2000CDE708F110044FF0FF334FF0FF322046FE
:10CA300008F0D2FCFFF7A4FD204608F0CFFC58F820
:10CA4000283C002B3FF4D8AE00210120B7E795F831
:10CA5000743263B1012485F8894285F88842FFF772
:10CA6000EFFD60B9274A2848214608F0B3FC58F882
:10CA7000283C002B3FF4C0AE00210A209FE7234A48
:10CA8000047404738260FFF7F3FCFFF7E9FCEEE740
:10CA90001F4A1D48012108F09DFC09F024F801F00F
:10CAA000C5FB00F0A9FCFFF7BDFDFFF769FD48B12C
:10CAB0001849124A124840F2864307F0C2FF40F27A
:10CAC00086414CE609F008F8134800F043FE134B8A
:10CAD00098423FF491AE1249084A094840F28D430A
:10CAE00007F0AFFF40F28D4139E60E4A06480121BA
:10CAF00008F034FA80E600BFE2700300617B0300B7
:10CB0000276703006E7C030018640300101C0020DC
:10CB1000827C0300EE710300F1CB02000000AD0B3C
:10CB2000AA900300997C0300F7B58778064638463B
:10CB3000FFF766FC3B06F47805461DD554B1032C7F
:10CB400006D0284A284800972346012108F010FA09
:10CB500003B0F0BDFFF774FD03460028F8D00122B2
:10CB6000AC770274032202739D60FFF781FC03B06F
:10CB7000BDE8F040FFF774BC54B1012CE1D1FFF7E0
:10CB80005FFD03460028E3D06C7704740473EBE781
:10CB9000FFF756FD0028DBD0B278144B12F0800F5F
:10CBA00002F0080111D041B1D3F8A836EB6001239F
:10CBB0000374022303738560D7E702F00F02142188
:10CBC00001FB0233D3F80836F0E711B1D3F8A837E8
:10CBD000ECE702F00F02142101FB0233D3F808370F
:10CBE000E4E700BFB17C030018640300007002405A
:10CBF000F0B514228BB0064600210DEB020009F0BF
:10CC00004DF93378013B052B21D8DFE803F096037B
:10CC10001414861603238DF81C300024FFF710FD32
:10CC20000346A0B1047400F10802DDE9070182E8BF
:10CC30000300184626E00423EDE7B7783846FFF7EF
:10CC4000DFFB837A054623B1013B022B5FD90BB092
:10CC5000F0BD3B06F4781CD54CB1032CF7D0384A14
:10CC6000384800972346012108F082F9EFE7FFF7E3
:10CC7000E7FC03460028EAD00122AC7702740322C5
:10CC800002739D60FFF7F4FB0BB0BDE8F040FFF7C7
:10CC9000E7BB54B1012CE2D1FFF7D2FC03460028D8
:10CCA000D5D06C7704740473EBE7FFF7C9FC044636
:10CCB0000028CCD002230127037307748560B07865
:10CCC00005F10C0108F0B4FB034680B11E4A1D4873
:10CCD000394608F043F91D491D481E4A40F29D336C
:10CCE00007F0AFFE1B4840F29D3107F0A1FE1A4944
:10CCF000E868B1F88C22824206D9121AA1F88C2277
:10CD000001F08EF92046BDE7A1F88C32FAE73046F3
:10CD10000BB0BDE8F040FFF707BF03A801F05EF9D4
:10CD20009DF80D30052B04D19DF80C3013F0600FE9
:10CD30008DD00A4B0793012470E702246EE700BFF1
:10CD4000B17C030018640300DD7C0300AA9003009B
:10CD500027670300617B0300A4190020101B00203B
:10CD600038B5164D95F824402CBB05F1380008F075
:10CD70008BFF204601F0F0FC22460121E8612720CC
:10CD8000FEF7EAFF08F0A8FEFFF7FAFB044610B929
:10CD9000012385F824300A4B1B680BB1FFF760FBB9
:10CDA0004FF08043D3F83834DB0702D50020FFF77B
:10CDB0007FFC204638BD0024FBE700BFA4190020FB
:10CDC0008407002008B5104B93F82420BAB193F8DB
:10CDD0002530A3B10D4BD3F87034DBB2834211D0B0
:10CDE0000B490C4A0C4840F2595307F02AFE0B48F5
:10CDF00007F027FE074840F2595107F019FE6FF07F
:10CE0000120008BD0020FCE7A419002000700240B9
:10CE1000FD7C0300617B030027670300377D03006F
:10CE200008B50378027903F00F0142B991B10D4AB8
:10CE300001210D4808F0CEFA4FF0FF3008BD082957
:10CE400001D90A4AF4E7012A04D11B0707D4084A8A
:10CE50000221EEE713F00800F0D0064AF8E70020C0
:10CE6000ECE700BF507D0300186403006F7D0300F2
:10CE70008E7D0300A47D030038B5134B93F8243056
:10CE80000446EBB105782846FFF7BAFA88B1457237
:10CE900023798372638843602078618810F0080FDB
:10CEA0000AD14B1E0B4207D0084A0948012108F05D
:10CEB00091FA6FF0150038BD00F0FCFB0020FAE796
:10CEC0006FF01200F7E700BFA4190020C17D030036
:10CED0001864030038B5154B93F8242005460AB3AF
:10CEE00093F82530F3B1FFF78BFA044610B96FF0D1
:10CEF000150038BD817A01290FD007D902390129DF
:10CF000007D96369A3610020E060F2E701F094F8BB
:10CF1000F7E7284601F00AF8F3E7054A054808F064
:10CF200059FAE4E76FF01200E3E700BFA41900200C
:10CF3000E97D03001864030038B50E4B93F82420F4
:10CF4000054682B193F825306BB1FFF759FA68B105
:10CF500015F008040AD1284601F020F8284601F00F
:10CF60005DFA204638BD6FF01200FBE76FF0150048
:10CF7000F8E700BFA419002038B50C4B93F8242023
:10CF800005460C4662B193F825304BB1FFF738FAED
:10CF900048B144B1284600F0E7FF2070002038BDBA
:10CFA0006FF01200FBE76FF01500F8E7A4190020FE
:10CFB00070B5134E96F824300446C3B1FFF720FA3B
:10CFC0000546B8B1230705D4204600F0E7FF204608
:10CFD00001F024FA2B7A83B901232B7296F82530BD
:10CFE0000BB9002070BD204601F0E0F9F9E76FF0C1
:10CFF0001200F7E76FF01500F4E76FF07700F1E744
:10D00000A41900202DE9F043DFF8F4801E4698F8BB
:10D01000243085B0074689461546002B6DD098F818
:10D020002530002B69D003060BD5FFF7E9F904463C
:10D0300038B1037A5BB9334A33483B46012107F0E4
:10D040008DFF6FF01504204605B0BDE8F0834FF06A
:10D05000FF334FF0FF3208F1380008F0BDF9A37F2D
:10D0600033B108F1380008F0B9F96FF00A04EAE7C3
:10D07000A37A05B37BB30123A3774FF0000801A97E
:10D080003846CDE90195CDF80C8000F0DFFB1F4A52
:10D09000904203462DD084F81E800EB1C6F8008061
:10D0A0001B4A1948012107F059FF6FF00404194881
:10D0B00008F094F9C7E7E27F02B1E577002BDAD1F7
:10D0C00000F0C0FF8742D6D000F0B0FF114808F052
:10D0D00085F90024B7E7B8F80A309D42F0D26268BB
:10D0E000B5FBF2F302FB1353002BE9D10123E377E5
:10D0F000E6E706B135600024D9E76FF01204A2E735
:10D10000A41900200B7E0300186403000000AD0B7F
:10D110002A7E0300DC1900202DE9F0411D46254B35
:10D12000174693F8242080460E46002A3FD093F8F5
:10D130002530002B3BD010F0800F0ED101B967B91C
:10D140004046FFF75DF9044638B1037A43B91A4AFD
:10D150001A484346012107F001FF6FF0150013E064
:10D160004FF0FF3316484FF0FF3208F035F9E3680F
:10D170009F42B84628BF984646B93FB905B12B60D3
:10D180000F4808F02BF90020BDE8F081A169424664
:10D19000304608F075FEA3694344A361E368A3EB3E
:10D1A0000803E360002DEBD0C5F80080E8E76FF0DE
:10D1B0001200E9E7A41900200B7E030018640300A5
:10D1C000DC19002070B5224D95F824300646002B5E
:10D1D0003AD095F82530002B36D003060BD4FFF754
:10D1E0000FF9044638B1037A43B91A4A1A4833464C
:10D1F000012107F0B3FE6FF0150070BD4FF0FF3353
:10D200004FF0FF3205F1380008F0E6F8E368B3B9F3
:10D21000012663692677A361637F83B1FFF710FA64
:10D2200030B905F1380008F0D9F86FF00B00E4E7E9
:10D23000067484600673FFF71BF9FFF711F90748BE
:10D2400008F0CCF80020D8E76FF01200D5E700BF57
:10D25000A41900200B7E030018640300DC190020D1
:10D2600010B5084B93F824300C462BB1FFF7C8F8E3
:10D2700028B10460002010BD6FF01200FBE76FF0D2
:10D280001500F8E7A4190020014B1860704700BF93
:10D29000A419002008B5074B93F8243023B1FFF7F9
:10D2A000AFF820B1406808BD6FF01200FBE76FF0E7
:10D2B0001500F8E7A41900204FF08053D3F830216F
:10D2C000082A06D1D3F83431052B04D8034AD05CA0
:10D2D0007047002070470120704700BFDF810300C6
:10D2E000EFF31180202383F31288BFF36F8F0A4B73
:10D2F000D3F8001C032261B949F27531C3F8001C50
:10D30000C3F8142DC3F8001C80F31188BFF36F8F8E
:10D310007047C3F8142DF7E700E00640EFF31180E3
:10D32000202383F31288BFF36F8F0A4BD3F8001CBE
:10D3300061B949F27532C3F8002CC3F8141DC3F863
:10D34000002C80F31188BFF36F8F70470022C3F861
:10D35000142DF6E700E0064000F00F02082A08B599
:10D360000BD90B490B480C4A4FF4D77307F069FBF4
:10D3700009484FF4D77107F05BFB084B10F0800FA2
:10D3800003F1D80118BF0B46182000FB023008BD7E
:10D39000987E030027670300507E0300742200205C
:10D3A00008B500F00F03082B0BD9094909480A4AB0
:10D3B00040F2C11307F045FB074840F2C11107F0E6
:10D3C00037FBC043C0F3C01003EB001008BD00BF23
:10D3D000987E030027670300507E03004FF08053C0
:10D3E000D3F83031082B02BF024B0022C3F81C2CAB
:10D3F000704700BF0070024008B50A4B1A78012A36
:10D400000BD0094909480A4A40F2744307F019FB56
:10D41000074840F2744107F00BFB064900220A60FE
:10D420001A7008BDBA270020F27E030027670300A8
:10D43000507E03002C24002010B5584C2378012B7B
:10D440000BD05749574A584840F27C4307F0F9FA45
:10D4500040F27C41534807F0EBFA544B4FF4006222
:10D46000C3F80024FFF728FF08B1FFF739FF4FF09A
:10D470008053D3F83031082B18D1EFF311802023DB
:10D4800083F31288BFF36F8F494BD3F8001CC0227F
:10D4900000296ED149F27531C3F8001CC3F8142C71
:10D4A000C3F8001C80F31188BFF36F8F3F4B01223C
:10D4B000C3F80025D3F800241205FBD54FF4006211
:10D4C000C3F800244FF08053D3F83031082B17D124
:10D4D000EFF31180202383F31288BFF36F8F344B57
:10D4E000D3F8001C002947D149F27532C3F8002C4B
:10D4F000C3F8141CC3F8002C80F31188BFF36F8F9E
:10D50000FFF7DAFE30B1FFF709FFFFF7D5FE08B1EC
:10D51000FFF7E6FE4FF08053D3F83031082B234B52
:10D520000AD140F2E372C3F800284022C3F804286D
:10D53000BFF36F8FBFF34F8F8022C3F81C250122EA
:10D54000C3F830251B4B40F2FF121A601A4B002122
:10D5500019601A4B19701A4B9B68012B10D019498E
:10D56000104A11484FF4956307F06BFA4FF4956138
:10D5700070E7C3F8142C95E70022C3F8142CBBE71E
:10D58000FFF72CFF104B197002232370FFF794FE56
:10D5900018B1BDE81040FFF7C1BE10BDBA2700208A
:10D5A000F27E0300507E03002767030000700240F4
:10D5B00000E006402824002024240020B627002074
:10D5C000540700201C7F0300B827002010B5114B22
:10D5D0001B78022B0BD010491048114A40F2DC4353
:10D5E00007F02FFA0E4840F2DC4107F021FA0D4B0C
:10D5F0000D4C00221A700D4A0D4B002808BF13462F
:10D60000C4F800332720FEF777FB0123C4F8043564
:10D6100010BD00BFBA270020417F03002767030029
:10D62000507E0300B927002000700240FDFFDF019B
:10D63000FDFFFF01034B1878012894BF0020012053
:10D64000704700BFBA27002010B54FF0FF324FF0EF
:10D65000FF33154803F0BCFFEFF31181202383F360
:10D660001288BFF36F8F114B1B7803F0FF0483B157
:10D670000F4BD3F8002412F400720AD10120C3F832
:10D680002C05D3F82C05D3F80004800502D5C3F887
:10D690002C25002481F31188BFF36F8F024803F01B
:10D6A00019FF204610BD00BF54070020B9270020F5
:10D6B000007002404B1E0B4210B500F008030C46F0
:10D6C0000DD0010720D11D491D4A1E4840F2695363
:10D6D00007F0B7F940F26951194807F0A9F999B96B
:10D6E000020709D11849164A164840F26B5307F051
:10D6F000A8F940F26B51EFE713B1144BD3F81C3586
:10D70000FFF72AFE848210BDABB1104BD3F81C1575
:10D7100040F2FF3240F2FF13802918BF13469C42AB
:10D72000EED90B49064A074840F26D5307F089F9D4
:10D7300040F26D51D0E7402CF2E700BF6A7F030052
:10D74000507E0300276703009C7F030000700240A7
:10D75000BD7F0300F8B558B921492248224A40F25A
:10D760004D4307F06EF9204840F24D4107F060F953
:10D770001E4B1C7894BB1E4A106001221A7040F2A6
:10D78000FF17264664F07F0514F0080FEDB214BFB2
:10D79000394640212846FFF78DFF2846FFF7DCFD7C
:10D7A0000134092C867506730661EBD1002440F222
:10D7B000FF17254614F0080FE6B214BF3946402182
:10D7C0003046FFF777FF3046FFF7C6FD0134092CDE
:10D7D000857505730561EDD10648F8BD0648FCE77F
:10D7E0001F80030027670300507E0300BA27002034
:10D7F0002C2400200000AD0B0500AD0B08B543B292
:10D8000000F00F0008280BD90C490D480D4A40F2D2
:10D81000815307F016F90B4840F2815107F008F9DF
:10D82000002B094BB4BFD3F81025D3F814250123DE
:10D830008340134214BF0120002008BD987E0300DE
:10D8400027670300507E0300007002402DE9F84373
:10D8500081460C46FFF7A4FDEFF31188202383F3E4
:10D860001288BFF36F8F5CB92749284A284840F2D5
:10D87000BC5307F0E6F840F2BC51244807F0D8F852
:10D8800019F00F0F03D1234B1B784B4538D1224B96
:10D89000224F1B683D68DB4301269BB286402B4329
:10D8A00033422FD14846FFF757FD19F0800F03464A
:10D8B00010D1226872B102F06042B2F1005F09D06B
:10D8C0001749124A12484FF4BA6307F0BAF84FF4F6
:10D8D000BA61D2E701221A7394E8070083E80700CF
:10D8E00000221A619A750F4B0F48354380223D6024
:10D8F000C3F8042188F31188BFF36F8FBDE8F88364
:10D900000A48F7E70A48F5E72D800300507E030038
:10D9100027670300B82700202824002024240020A3
:10D920004780030000E100E00000AD0B0A00AD0BF2
:10D930000B00AD0B10F0080F074B06D0D3F8C00456
:10D9400010F4803F18BF0020704700F00F0000F572
:10D95000947053F820007047007002402DE9F74F93
:10D96000A14BA24DD3F85421DAB10022C3F85421BF
:10D97000D3F80413890214D58DF80420D3F8202598
:10D98000ADF80620D3F8C034002B2B6814BF4FF03D
:10D9900001224FF4807213432B60954B01A81B6842
:10D9A0009847914BD3F8604134B10022C3F860210D
:10D9B000D3F86C44C3F86C44D3F828214AB1002250
:10D9C000C3F828218B4B1878FFF7EAFC012383402A
:10D9D0001C43894F97F8008097F9009008F00F03D7
:10D9E000082B0BD98549864A86484FF4917307F076
:10D9F00028F84FF49171824807F01AF818F00801DE
:10DA0000814E42D1B9F1000F2FDA804A52F823003B
:10DA100020B342F823101422534303F1804303F54B
:10DA20001C33D3F808367A4A117803F001034B40CF
:10DA30001370FFF7D3FC774803F04CFD4046FFF727
:10DA40008BFC837D032B38D14046FFF7A9FC0123D3
:10DA500003FA00F0336823EA00033360DFF890A193
:10DA60004FF001084FF006095DE06B4A52F82300C1
:10DA70000028F3D042F823101422534303F18043CB
:10DA800003F51C33D3F80837CDE7B9F1000F564B37
:10DA900009DBD3F85021002AE0D00022C3F850213E
:10DAA000D3F8A837BFE7D3F82C21002AD6D000221C
:10DAB000C3F82C21D3F8A836B5E7037BE3B9404679
:10DAC000FFF76EFC012303FA00F03368B9F1000F91
:10DAD00023EA0003336002DAB8F1880FBED10623CF
:10DAE0008DF8043000238DF80730414B8DF8068007
:10DAF0001B6801A89847B1E7B8F1000FAED13A4BC7
:10DB00000122DA64AAE794FAA4F02A68B0FA80F055
:10DB100008FA00F31A430F282A6024EA0304326843
:10DB20004ADD134257D0002CEDD12F4BD3F8002102
:10DB30005AB1C3F80041394B1C702E4B1C700123A5
:10DB400001932B4B01A81B689847274BD3F858210A
:10DB5000002A72D00022C3F85821D3F80044C3F839
:10DB60000044E20508D52D4B01221A7002230193CF
:10DB70001F4B01A81B689847A30508D5274B002217
:10DB80001A70032301931A4B01A81B68984760057C
:10DB900053D5224A1378002B4FD0134BD3F82C15B2
:10DBA00000293FD01E49164A164840F2F52306F0D8
:10DBB00048FF40F2F5211EE71340B4D160F07F0129
:10DBC0008DF804908DF806108DF80730DAF80030E3
:10DBD00001A89847A7E7A0F110018DF804908DF8EF
:10DBE00006108DF80780F1E700700240282400201D
:10DBF0002C240020B8270020B7270020987E03009F
:10DC0000507E03002767030024240020087102408F
:10DC1000B62700205407002030710240B9270020A9
:10DC2000B280030011700122C3F808259A6504230D
:10DC30000193B04B01A81B689847AF4BD3F85C31F8
:10DC4000FBB1AE4B9B6813B93B78590619D0AA4B70
:10DC50000022C3F85C21D3F88034A94A23F07F0363
:10DC60001370336823F0011333602B6823F480337F
:10DC700043F001032B60052301939E4B01A81B6811
:10DC8000984732682B681A4200F023819B48002293
:10DC9000002303F09DFC002840F01B81964BD3F835
:10DCA0002C35002B00F09E80944803B0BDE8F04F67
:10DCB00003F010BC49F0800B5846FFF74DFB037B87
:10DCC0000446002B00F0AE804368B0F81480016871
:10DCD000984528BF984601F06043B3F1005F24D116
:10DCE0002268636842442260A268A3EB0803D2075B
:10DCF0004FFA8BF0636040F1AC80B8F1000F40F058
:10DD0000AB8000232373A7E05846FFF713FEB4F857
:10DD100014C060451CD97B497B4A7C4840F26313A0
:10DD200006F08FFE40F2631165E6B8F1400F09D9A5
:10DD30007749754A75484FF4C17306F082FE4FF477
:10DD4000C17158E67348424608F09AF87149C7E72E
:10DD5000236873B103F06043B3F1005F09D06E49EB
:10DD6000694A6A484FF4B27306F06BFE4FF4B27121
:10DD700041E66368226898429BBF1B1A02EB000EC3
:10DD80004FF0000863609CBFC4F800E08046604527
:10DD9000114610D1003B18BF012372B9B8F1000F32
:10DDA00055D05E49584A59484FF45A7306F049FE17
:10DDB0004FF45A711FE60023EFE740453CD9012399
:10DDC00003FA09F32AEA0303022233600623A27549
:10DDD0008DF80430474B8DF806B01B688DF807208E
:10DDE00001A89847D6F800A02B681AEA03093FF467
:10DDF0005BAF19F0012314BF93FAA3F999FAA9F9BB
:10DE0000B9FA89F9B9F10F0F7FF654AFA9F1100BE8
:10DE10005FFA8BFB5846FFF79FFA037B0446002B03
:10DE20007FF472AF3E49384A384840F2573306F023
:10DE300008FE40F25731DEE509D03A49324A33480C
:10DE400040F2793306F0FDFD40F27931D3E54FFA27
:10DE50008BF0002B3FF455AF4FF080530126D3F8E1
:10DE60003031082B02BF244B8222C3F81C2C2B68B4
:10DE700087F800B006FA09F923EA09032B60236941
:10DE8000434423610BF00F04082C09D926491E4A8C
:10DE90001E484FF4A47306F0D4FD4FF4A471AAE514
:10DEA0001BF0080F144B17D100284FF0140202FB8F
:10DEB0000432A9BF0A3403EB8403C2F80017C2F886
:10DEC0000487AFBF43F82460C2F80016C2F8048686
:10DED0005E6003B0BDE8F08F0028B5BFC3F8A016A0
:10DEE000C3F8A017C3F8A486C3F8A487B4BF5E62C2
:10DEF0009E64EEE72C2400200070024054070020AE
:10DF0000B8270020FC800300507E03002767030031
:10DF1000EE800300342200201181030061810300A0
:10DF2000D380030074810300987E030008B50307C3
:10DF30000BD5094909480A4A40F2076306F081FDFA
:10DF4000074840F2076106F073FD064B40F480700D
:10DF5000C3F8180508BD00BF8D81030027670300C3
:10DF6000507E030000700240030713D400F00F033B
:10DF700010F0800F084A0BBF03F5887303F5847314
:10DF800002EB830252F8230008BF5068003818BF24
:10DF900001207047002070470070024008B5030759
:10DFA0000BD50A490A480B4A40F2296306F049FD9D
:10DFB000084840F2296106F03BFD074BC3F80C0509
:10DFC00040F48070C3F80C0508BD00BF8D810300CC
:10DFD00027670300507E03000070024000230360A7
:10DFE00043600E4BD3F880240270D3F8842442702F
:10DFF000D3F88824D3F88C1442EA01224280D3F863
:10E000009024D3F8941442EA01228280D3F8982411
:10E01000D3F89C3442EA0323C38070470070024067
:10E02000014B0122DA64704700700240014B01226B
:10E030001A65704700700240014B01225A65704713
:10E0400000700240014B1878704700BFB8270020CD
:10E0500038B50446EFF31185202383F31288BFF30C
:10E060006F8F03060BD512491248134A40F25363CF
:10E0700006F0E7FC104840F2536106F0D9FCFFF7C8
:10E080008FF90E4A012303FA00F0136823EA000314
:10E09000136014F0080201BF04F00F04084B04F5EC
:10E0A000947443F8242085F31188BFF36F8F38BD33
:10E0B000A081030027670300507E0300282400206E
:10E0C000007002402DE9F04F044685B0EFF3118750
:10E0D000202383F31288BFF36F8FFFF73DF914F00D
:10E0E000800F414E05462BD12046FFF759F9D6F84F
:10E0F00000804FF0010909FA00F030EA08000BD067
:10E100002046FFF7A5FF0323AB7587F31188BFF304
:10E110006F8F05B0BDE8F08F28732046FFF740F9F8
:10E1200009FA00F028EA000030602046FFF738F9CD
:10E130002E4A136809FA00F923EA09031360E2E79B
:10E14000230715D4802C2A4B41D004F00F0202F291
:10E15000DA325200C3F80028D3F80428D3F80418A0
:10E16000D2B242F002020A43C3F80428D3F80438BA
:10E17000DFF87890D6F800B0D9F800A020466BEA16
:10E180000A030193FFF70CF94FF00108019B08FA0D
:10E1900000F00342B9D02BEA000030602046FFF7C0
:10E1A000FFF800232B73032308FA00F8AB758DF8F2
:10E1B0000F30104B8DF80E4048EA0A000622C9F8CD
:10E1C00000001B688DF80C2003A898479DE740F2DB
:10E1D000B472C3F80028D3F80428D3F80418D2B2D4
:10E1E00042F00402BFE700BF2424002028240020BE
:10E1F000007002402C24002038B50446094D4FF031
:10E20000FF324FF0FF33284603F0E2F92046FFF7D4
:10E2100059FF284603F05EF9034B8022C3F804211E
:10E2200038BD00BF5407002000E100E02DE9F041B7
:10E230003B4D2B785BB93B493B4A3C4840F2BA43E3
:10E2400006F0FFFB40F2BA41374806F0F1FB4FF011
:10E25000FF3337484FF0FF3203F0BAF92B78022B27
:10E2600009D03449304A314840F2FC4306F0E9FB1A
:10E2700040F2FC41E8E7304B8022C3F8842127209C
:10E28000FDF75CFDA0B12D4F2D4B3C681B68240CA5
:10E2900024041C434FF0010864BB2A4E40F2FF13D4
:10E2A0003B602720C6F80445FDF734FDC6F800435F
:10E2B000254A13788BB1234B0021C3F808110121A3
:10E2C000C3F80026C3F804165960D3F808110029D2
:10E2D000FBD00021C3F8081111701A4B0022C3F8BB
:10E2E0000025FFF77BF8124803F0F4F801232B70A8
:10E2F000BDE8F08194FAA4F6B6FA86F60F2E304601
:10E30000C6BFA6F11000C0B240F08000030701D4E0
:10E31000FFF7D8FE08FA06F624EA0604BCE700BFB9
:10E32000BA270020B3810300507E03002767030053
:10E3300054070020417F030000E100E02824002072
:10E340002424002000700240B627002010B50446A7
:10E350004FF0FF324FF0FF33114803F039F92046F8
:10E36000FFF7B0FE04F00F02012393400D4A14F0B2
:10E37000800F14BFD2F81015D2F814156FEA0303FA
:10E3800015BF0B400B40C2F81035C2F814350448D5
:10E3900003F0A0F8044B8022C3F8042110BD00BF95
:10E3A000540700200070024000E100E070B5044610
:10E3B000FFF724FA68B904F00F02012514F0800F6A
:10E3C000144B05FA02F205D0D3F810150A43C3F82E
:10E3D000102570BDD3F814150A43C3F81425631E25
:10E3E000062BF6D8EFF31186202383F31288BFF3B0
:10E3F0006F8F2046FFF72CFE2046FEF7D1FF064A1E
:10E400001368854023EA0503136086F31188BFF380
:10E410006F8FDEE70070024024240020020710B551
:10E4200004460BD50B490C480C4A40F20F6306F02A
:10E4300008FB0A4840F20F6106F0FAFA030605D419
:10E44000FFF792FD10B12046FFF702FE044BC3F820
:10E45000184510BD8D81030027670300507E03001F
:10E460000070024037B50C460A490B4A411A402356
:10E470000093491105462346084806F0F0FF011EA7
:10E4800005DA2846234603B0BDE83040184703B0FC
:10E4900030BD00BF44240020C7540300486003007F
:10E4A000C9B2012908B509D908490948094A7F2391
:10E4B00006F0C7FA07487F2106F0BAFA03690C2272
:10E4C00001FB0233986C00F0070008BD32820300A4
:10E4D00027670300F581030070B5C9B201290369FC
:10E4E0000BD918491848194A40F2D11306F0A9FA75
:10E4F000164840F2D11106F09BFAEFF31185202463
:10E5000084F31288BFF36F8F0C2606FB0134A46CD2
:10E5100014F0C00408D0A24206D085F31188BFF3DE
:10E520006F8F4FF0FF3070BD71430B4401229A642E
:10E5300085F31188BFF36F8F43680B445B6898477E
:10E540000020F0E73282030027670300F581030013
:10E5500070B50D460649411A044649110548402246
:10E56000FFF7BAFF2B4601462046BDE8704018472A
:10E570004424002048600300002270B501210446B5
:10E580001046FDF7E9FB0F4801F06EF90E4B98427B
:10E5900015D101F079F926690C49304606F0BEFB29
:10E5A00000280BDB0125B5642469084904F120002B
:10E5B00006F0B4FB002801DB6565002070BD6FF03C
:10E5C0000400FBE785E602000000AD0B2C650300AC
:10E5D0001FB500220123CDE90223094ACDF800D05E
:10E5E0006B46CDF804D006F067FF002805DB4FF43A
:10E5F00080420023684602F0EBFF05B05DF804FBA3
:10E60000DF54030010B5EFF31184202383F3128845
:10E61000BFF36F8F074A136823F00201DB07116015
:10E6200002D4012001F0CEF984F31188BFF36F8F7B
:10E6300010BD00BF9C24002030B4104B0C2202FB04
:10E64000003301460020D3E910521864EFF3118023
:10E65000202484F31288BFF36F8F9C6C04F0C004F5
:10E6600044F002049C6480F31188BFF36F8F1DB1E6
:10E670002B46034830BC184730BC70474424002068
:10E6800048600300012808B506D0032808D098B9CF
:10E690000F4B9B6C5B0719D1BDE80840FFF7CCBF5F
:10E6A0000C490D4A0D484FF43D7306F0CAF94FF47A
:10E6B0003D71094806F0BCF90649074A07484FF47E
:10E6C000417306F0BEF94FF44171F2E708BD00BF97
:10E6D00044240020AA900300F5810300276703006B
:10E6E00010B4EFF31182202383F31288BFF36F8FEE
:10E6F0001748016841F002040460C80707D482F398
:10E700001188BFF36F8F012010BC01F0E9B84FF002
:10E710008041D1F80C04D1F80C14C907EFD5EFF300
:10E72000118083F31288BFF36F8F0A498B6C03F05B
:10E73000C00343F002038B6480F31188BFF36F8F33
:10E7400082F31188BFF36F8F002010BCFFF774BFF6
:10E750009C24002044240020024BC0B203EB401054
:10E76000704700BF442400202DE9F0414449BFF325
:10E770005B8F0646012251E8003F41E80020002857
:10E78000F9D1BFF35B8FA3B93E493F484B60CB60E3
:10E790008A60FAF76FFA00280BDA3C493C4A3D4898
:10E7A0004FF4297306F04DF94FF42971384806F0FB
:10E7B0003FF976B3731E012B58D8012E07D14FF0C5
:10E7C0008043D3F81C3403F00303012B21D007F05E
:10E7D000A7FA0546F8B9304B1B78E3B14FF08043F8
:10E7E0000222C3F808230746DFF8B0804FF08044C8
:10E7F000D4F81824D4F81834D20315D503F0030341
:10E80000012B01D0012E0FD155B387F31188BFF32F
:10E810006F8FBDE8F081EFF31187202383F3128817
:10E82000BFF36F8F0125DFE7ADB1384606F095FDE8
:10E83000D4F81835002BDBD1D4F80421002AD7D026
:10E84000C4F80431D4F804310123C4F81835C8F8E9
:10E850008031A360CCE70021212004F001FAE7E732
:10E860004FF080430222C3F80423D2E70C49084A40
:10E87000084840F2B62306F0E4F840F2B62195E7E6
:10E88000402400203024002064240020E270030093
:10E89000F581030027670300E027002000E100E086
:10E8A000AA90030010B5044C2046F9F70BFD204652
:10E8B000FDF74AFD002010BDBDE8020073B5104E03
:10E8C0008DF807000446032501220DF10701002001
:10E8D00001F020FF20B101233370204602B070BD4B
:10E8E0003378002BF9D0013D08D007F019FA002841
:10E8F000EAD10021422004F0B3F9E5E73570ECE7F6
:10E90000BB27002010B5036961B92049204A21487E
:10E910003F2306F096F8204806F093F83F211C4864
:10E9200006F086F8486850B91C49194A194840232E
:10E9300006F087F81A4806F084F84021EFE7586897
:10E94000F8B1884219D19C6808685860A14200D18A
:10E950009860002008602AB15A680A609A68596075
:10E9600002B99960002010E0814206D10868206059
:10E9700098688142EDD19C60EBE70446006800286E
:10E98000F2D1002AE8D16FF0150010BDBB82030060
:10E990007F82030027670300C4820300D382030041
:10E9A000E582030008B503685909024614D001291D
:10E9B00006D103F01F034FF6FF71D940C80713D4E7
:10E9C0000B490C480C4A40F2CA3306F03AF80A48A0
:10E9D00040F2CA3106F02CF84FF0FF31D940C90798
:10E9E000EED54FF0A04000E00448136008BD00BF22
:10E9F0002F83030027670300FC82030000030050FD
:10EA0000F0B54068057B01F01F0444EA4514056930
:10EA100087B0002D78D0B2F5001F00F1100506D1A7
:10EA20002146284607F04AF8002007B0F0BD01AEA5
:10EA30000027B2F5800F0197776034D1B3F1007FE2
:10EA400014BF052304238DF804300023CDE90463AB
:10EA500003938368CB40D9073AD4B2F1A07F37D172
:10EA600068460094FFF79EFF009B03F5E07350F8A3
:10EA70002330DB072CD46A462146284601F0C6FA2B
:10EA8000244B98421AD0CDF808D003AA2146284634
:10EA900001F07EF9204B984239D1012221462846C7
:10EAA00001F02EFBC0E7B3F1C06F05D0B3F1007FDA
:10EAB00014BF01230223C6E70323C4E7694628469F
:10EAC00001F016FB144B9842DDD06FF00B00ACE761
:10EAD0006A462146284601F099FA0F4B98420646AD
:10EAE000D3D19DF80010284601F0FAFAB042CCD0FC
:10EAF0000A490B480B4A40F2E11305F0A2FF09480E
:10EB000040F2E11105F094FF6FF085008DE76FF0A2
:10EB100015008AE70400AD0B0000AD0B7E830300F7
:10EB200027670300528303002DE9F043466840F253
:10EB30000635337BD00687B001F01F0702EA0505D2
:10EB400047EA431754BFC2F340130323B5F5837F4D
:10EB500014468DF8033044D00FD8062D18D007D8AE
:10EB6000B5B1022D3FD06FF0150007B0BDE8F083BE
:10EB7000B5F5807FF7D101250AE040F202229542E7
:10EB800033D0B5F5407F32D0B5F5007FEBD102250B
:10EB900022032ED5726801238B40C2F808353369F1
:10EBA0007BBB03A80397FFF7FDFE039B00EB8300ED
:10EBB00084F48033C3F30043C4F34044D0F8002707
:10EBC00044EA43049DF8033022F4E16244EA8304FA
:10EBD00022F0070244EA05231343C0F8003700205F
:10EBE000C3E70725D4E70425D2E70525D0E70325A9
:10EBF000CEE7630341BF012372688B40C2F80C3536
:10EC0000CDE710360DF102023946304601F0FEF92B
:10EC100014F4403F804617D13946304606F04CFF89
:10EC2000244B9845DBD19DF80210304601F058FA8C
:10EC30004045D4D020492148214ADE2305F001FF78
:10EC40001F48DE2105F0F4FE01AB4FF0000903AAD6
:10EC500039463046CDE90439CDE90199CDF80C901B
:10EC600001F096F8134B98427FF47DAF14F4003313
:10EC700015D09DF803308DF80E3084F48034C4F341
:10EC800000444B4603AA394630468DF80C508DF8A7
:10EC90000D4001F039F9074B9842C1D063E7CDE947
:10ECA000043303AA0DF1030339463046039301F000
:10ECB0006FF8F0E70000AD0B7E83030027670300C9
:10ECC00052830300420970B5034602D0012A1ED0C8
:10ECD00070BD144E326951680029F9D003F01F034A
:10ECE00001250C689D400029F2D08A682A4012D084
:10ECF0004B6873B90C490D4A0D48642305F0A1FE19
:10ED00000C4805F09EFE0948642105F091FE0A4E6C
:10ED1000E0E7304698471CB1236821461C46E2E7ED
:10ED20002346FAE788600300928303007F82030092
:10ED300027670300E58203006860030038B5456873
:10ED40002B69B3B11035284601F0C0F9044680B9EB
:10ED50000146284601F086F9084B98420BD1084934
:10ED60002246284601F04CF9224605210620FCF7F0
:10ED7000F3FF002038BD6FF00400FBE70000AD0B8F
:10ED8000C5EC020008B503685909024614D00129F0
:10ED900006D103F01F034FF6FF71D940C80713D403
:10EDA0000B490C480C4A40F2CA3305F04AFE0A48A7
:10EDB00040F2CA3105F03CFE4FF0FF31D940C9079F
:10EDC000EED54FF0A04000E00448136008BD00BF3E
:10EDD0002F83030027670300FC8203000003005019
:10EDE0002DE9F04FDFF890B185B01546824600EB73
:10EDF000810840F2FF19D04503D1002005B0BDE8DD
:10EE0000F08FDAF800305804C3F3C321C3F30804C9
:10EE100000F1AC80594A1B0E575C4C4508BF4FF0BF
:10EE2000FF34222B00F2A580DFE803F012191F2225
:10EE3000252B22A3A3A3A33B68A3A3A3A3A3A3A3BC
:10EE4000A3A36B818487A3A3A38A9194979A9D001F
:10EE5000C5F80C45621C5ED10AF1040ACBE7C5F87F
:10EE60001445631CF8D000265FE0C5F80845F1E7BB
:10EE7000C5F81045F5E7661CC5F80845ECD0002636
:10EE800004E0601CC5F80C45E6D0012603A80394F5
:10EE9000FFF778FF039B012101FA03F3C0F80C355B
:10EEA00008E0C5F80845002FDBD1631CD4D000264C
:10EEB00031460627DAF80030019303F400400028B9
:10EEC00018BF002103A8009118BF01260394FFF783
:10EED00059FF039C019B009900EB8400C3F3412C74
:10EEE000D0F800473B0243EA8C030B4304EA0B04CF
:10EEF000234343EA4603C0F80037ADE7C5F80C45A5
:10EF0000D1E7C5F86045611CDAF80030A4D0C3F33E
:10EF10000043002BB9D003A80394FFF733FF039BF2
:10EF2000012606FA03F3C0F808353146C2E7C5F8F2
:10EF30006445E8E7C5F86845E5E7C5F86C45E2E7EC
:10EF4000C5F82445621C87D000210126B2E7C5F828
:10EF500028457FE7C5F83045F4E7C5F83445F1E7C3
:10EF6000C5F83845EEE7C5F83C4573E76FF0150086
:10EF700044E76FF0850041E7F0F8FCFFBA83030037
:10EF80002DE9F843044645680E4606F0C9FE63685D
:10EF90004FF02009D3F8008088B9234A127872B163
:10EFA0006427606806F0C9FBF0B9012006F0D9FCBF
:10EFB000013FF6D10021212003F052FEF0E7EFF3EC
:10EFC00011810F4689F31288BFF36F8F606806F0D6
:10EFD000B4FBA8B981F31188BFF36F8FEFE781F31A
:10EFE0001188BFF36F8FE5E7EFF311810F4689F3C7
:10EFF0001288BFF36F8F606806F09FFB0028EED089
:10F000006B685B0744BF4FF48003C8F80433AB69F7
:10F010001E70A9690122204606F0C6FB87F31188FD
:10F02000BFF36F8FBDE8F883E0270020F8B500221A
:10F03000054601210220FCF78FFE0220FCF75CFE52
:10F040006C680121E06806F088FB6B681A68236928
:10F05000C2F82435617D237D0B43A17D0B43C2F8AB
:10F060006C356E68D6E9004313F001033AD02F697E
:10F0700007F10C0006F081FC274B984207D0274887
:10F08000274A012105F061FF6FF00400F8BD387BCD
:10F0900004F10C0204F5907106F065FC387B012741
:10F0A00007FA00F000F05CFB0823C4F80035B369F0
:10F0B000C4F844350023C4F84835A760D4F8583163
:10F0C000002BFBD00023C4F800356B68596811F0A1
:10F0D000040105D1D86806F040FB686806F04CFBD7
:10F0E0000020D3E70822C4F80025B269C4F84425FB
:10F0F000C4F848350123A360D4F82031002BFBD09D
:10F100000023C4F82031D4F820310123E3604FF408
:10F110008073C4F80433D1E70000AD0B1064030022
:10F12000C283030070B40E49D1E90034D01AC31869
:10F1300044F1000422F07F46C1E90034A6F5001333
:10F14000B3F5400F09D2074B1B681A0A1B069C191E
:10F15000054B42F10005C3E9004570BC04F064BAF8
:10F16000780F0020C0240020800F00200D4B18686D
:10F17000010A0006BFF35F8F0B4BD3F80435181854
:10F1800041F10001B3F5801F0AD2084BD3E90023F7
:10F19000904271EB030303D210F1807041F1000142
:10F1A000704700BFC024002000100140800F0020E5
:10F1B0002DE9F7432F4CD4F8043399070BD5D4F835
:10F1C000043143B12C4A0023C4F80431D4F804318B
:10F1D000136801331360D4F80433DA0329D5BFF37D
:10F1E0005B8F264B53E8002F22F0010143E800100B
:10F1F0000028F7D1BFF35B8FD30702D4D4F8403196
:10F20000BBB10025C4F84051D4F84031FFF7AEFF40
:10F21000EFF31182202383F31288BFF36F8F184B13
:10F22000D3E90267B042B94106D282F31188BFF335
:10F230006F8F03B0BDE8F0834FF0FF384FF0FF3918
:10F24000C3E90289D3E900101D604FF48033C4F88C
:10F250004833C4F84051D4F8403182F31188BFF3E9
:10F260006F8F0029E5D0009032463B4628468847FC
:10F27000DFE700BF00100140C0240020B8240020B8
:10F28000680F00202DE9F84F4B4DBFF35B8F06460A
:10F290000F4655E8008F28F0010345E80032002AA8
:10F2A000F7D1BFF35B8F454C4FF48039C4F8089316
:10F2B000BFF35F8FBFF36F8FFFF758FFB04271EB63
:10F2C000070308F0010840D23D4B301A67EB0101FB
:10F2D000984271F100014CD23A4BD3E902239F428C
:10F2E00008BF96423ED04FF0000CC4F84893C4F8D3
:10F2F00040C126F07F40D4F84031DFF8CCA08346EF
:10F3000003216FF0020E2BF07F43C4F84035C4F8A0
:10F310004493D4F80425AEEB02035B4423F07F430F
:10F3200053451FD9D4F840315BB1D4F80425131AE2
:10F3300023F07F43B3F5000F14D9C4F840C1D4F8CB
:10F34000403101EB020B0131DDE7204BBFF35B8F56
:10F3500053E8001F41F0010143E80012002AF7D1F1
:10F36000BFF35B8F174B1A4A1A60C3E9026700228A
:10F370005A60B8F1000F1CD0BFF35B8F55E8003F17
:10F3800043F0010345E80032002AF7D1BFF35B8F59
:10F390004FF48033C4F804330C4BBFF35B8F1B680E
:10F3A000BFF35B8FDB0742BF0A4B4FF40032C3F859
:10F3B0000021BDE8F88F00BFBC24002000100140F0
:10F3C00001008000680F0020FDFF7F00B8240020AE
:10F3D00025F1020000E100E070B5194C194BC4F8AA
:10F3E0000833C4F84833184B00254FF0FF304FF076
:10F3F000FF31C4F80855C3E902014FF48033C4F863
:10F400000433124B02264FF40032C4F80463012186
:10F41000C3F8802111202A46FCF79EFC1120FCF73E
:10F420006BFC01230A4AA360002123600948136092
:10F43000FFF728FF3046FFF797F9284670BD00BF59
:10F440000010014003000F00680F002000E100E001
:10F45000BC240020FFFF7F00431C10B50F4C05D0DB
:10F460008442A8BF0446012CB8BF0124FFF77EFEEA
:10F470000B4AD2E90031C01AB0F5000F074A0AD290
:10F480002044904228BF1046C018BDE8104041F10A
:10F490000001FFF7F7BE1046F6E700BFFFFF7F0051
:10F4A000780F002008B5FFF761FE024B1B68C01AF9
:10F4B00008BD00BF780F002010B5084C0123636021
:10F4C0001120FCF727FC064BC4F80833C4F8483376
:10F4D000044B4FF40032C3F8802110BD00100140EE
:10F4E00003000F0000E100E04FF08053D3F830211B
:10F4F000082A06D1D3F83431052B02D8024AD05C51
:10F5000070470020704700BF05840300024AD2F80C
:10F510000034002BFBD0704700E0014010B54FF0E5
:10F520008053D3F83021082A4ED14FF08042002179
:10F53000C2F80C11C2F81011C2F8381502F5404299
:10F54000D3F80414C2F82015D3F80814C2F824150F
:10F55000D3F80C14C2F82815D3F81014C2F82C15DF
:10F56000D3F81414C2F83015D3F81814C2F83415AF
:10F57000D3F81C14C2F84015D3F82014C2F844156F
:10F58000D3F82414C2F84815D3F82814C2F84C153F
:10F59000D3F82C14C2F85015D3F83014C2F854150F
:10F5A000D3F83414C2F86015D3F83814C2F86415CF
:10F5B000D3F83C14C2F86815D3F84014C2F86C159F
:10F5C000D3F84434C2F87035FFF78EFF18B13A4BC8
:10F5D0003A4AC3F88C26FFF787FF18B1384BFB2255
:10F5E000C3F81825FFF780FF70B14FF080414FF04E
:10F5F0008053D1F8E42ED3F8583222F00F0203F0F2
:10F600000F031343C1F8E43EFFF76EFF20B12D4B0B
:10F610004FF40072C3F840264FF08053D3F83031D6
:10F62000082B1AD14FF08043D3F80024D20744BFEF
:10F630006FF00102C3F800244FF08053D3F8343147
:10F64000052B02D8204AD35C3BB14FF01023D3F8EE
:10F6500008224FF08043C3F858254FF01023D3F809
:10F660000022002A03DBD3F80432002B22DA1749E8
:10F6700001234FF01020C1F804351224FFF746FF94
:10F68000C0F80042FFF742FFC0F80442FFF73EFF18
:10F690000023C1F80435FFF739FFBFF34F8F0C4942
:10F6A0000C4BCA6802F4E0621343CB60BFF34F8F88
:10F6B00000BFFDE710BD00BF0050004048810300BF
:10F6C00000F0004000900240FF83030000E0014092
:10F6D00000ED00E00400FA0530B50468CCB1BFF3DA
:10F6E0005B8FB4FA84F3C3F11F03DBB201229A40AB
:10F6F00024EA020250E8005FA54204D140E8002C51
:10F70000BCF1000FF6D1BFF35B8FE6D102480B705E
:10F7100030BD0248FCE700BF0000AD0B0200AD0B9E
:10F7200010B50368CB40DB0714D401238B4002687B
:10F73000BFF35B8F43EA020150E8004F944204D1CB
:10F7400040E8001CBCF1000FF6D1BFF35B8FEED197
:10F75000014810BD0148FCE70000AD0B0400AD0BF3
:10F76000014BC3F80405704700F00140F7B50446AB
:10F7700068B1012832D037493748384A4FF4867388
:10F7800005F05FF935484FF4867105F051F90C2208
:10F790004FF4827302214FF0804003440244C0F8CA
:10F7A00008130026012111601E608C421B688DF831
:10F7B000071008BF0DF1070642F210754FF08047A1
:10F7C00094B3012C15D023492348254A40F2EE4337
:10F7D00005F037F9224840F2EE41D6E704224FF413
:10F7E00080730146D7E783B1012006F0BAF8013DE6
:10F7F00026D0D7F80C3403F48033002EF3D0D7F89A
:10F800000C2402F001023270E3B9164B00225A7147
:10F8100016E006F0A6F8013DD2D111E083B1012037
:10F8200006F09FF8013D0BD0D7F8183403F480336D
:10F83000002EF3D0D7F8182402F0030232600BB97F
:10F8400003B0F0BD9DF807000128E2D0012CF7D1EC
:10F85000DBE700BFAA900300276703000B840300C7
:10F8600048840300C4240020044B1A7922B90122E1
:10F8700018609A800248704702487047C4240020EC
:10F880000000AD0B0C00AD0B08B5104B1A795AB93E
:10F890000F491048104A4FF4B67305F0D2F80E48DD
:10F8A0004FF4B67105F0C4F81B682BB10020FCF7CB
:10F8B00045FA08B9FCF720FA4FF080430022C3F85C
:10F8C0001825064B01221A7008BD00BFC424002071
:10F8D0007C840300276703000B840300DE270020DD
:10F8E00038B5334C23795BB93249334A334840F257
:10F8F000C11305F0A6F840F2C1112F4805F098F8A1
:10F9000058B101284AD02E492B4A2C4840F21D23D9
:10F9100005F097F840F21D21EFE74FF08043D3F850
:10F920001814D3F81824C80320D502F00303012BC0
:10F9300004D013B10020FFF719FF00234FF08042DD
:10F940000220C2F8183508224FF4827303F1804375
:10F950000021196002F180421D68012515602268AE
:10F9600002B34FF08043C3F804030CE0D3F814242F
:10F97000D107E2D5D3F81C249207DBD422681AB150
:10F980000222C3F8042338BDD3F80421002AFBD097
:10F990000022C3F80421D3F80431F4E700224FF425
:10F9A0008073D3E71A68002AFCD019601B68EAE765
:10F9B000C42400207C8403000B8403002767030019
:10F9C000AA90030008B5094B1B795BB9084909489F
:10F9D000094A40F2372305F034F8074840F237214E
:10F9E00005F026F8BDE80840FFF7C0BEC42400209B
:10F9F0007C840300276703000B840300F8B54FF0F5
:10FA00008043214ED3F804430125002704B9F8BDF3
:10FA1000B4FA84F0C0F11F00830003F580739BB239
:10FA200003F1804305FA00F2196892B224EA020455
:10FA30000029EBD01F601B684FF08043012AC3F8F8
:10FA400008230DD0022A13D010491148114A4FF44F
:10FA50006F7304F0F6FF0F484FF46F7104F0E8FF86
:10FA60007379002BD2D172713368C0B29847CDE759
:10FA7000D3F81814D3F818148907F5D1C3F818551A
:10FA8000C3F804239D60C1E7C4240020AA900300AA
:10FA9000276703000B840300034A430900F01F009B
:10FAA000D35C1844C0B270478C85030008B5026867
:10FAB0000146104605F063FF58B91149114A124832
:10FAC00040F2CA3304F0BDFF40F2CA310D4804F0E1
:10FAD000AFFF02F01F0352090B600BD0012A0CD0BC
:10FAE0000A49084A084840F2D33304F0AAFF40F21A
:10FAF000D331EBE74FF0A04008BD0548FCE700BF5D
:10FB00002F830300FC82030027670300AA900300F1
:10FB100000030050072808B50BD908490848094ACE
:10FB200040F2D13304F08DFF064840F2D13104F0A9
:10FB30007FFF800000F5807008BD00BFCF84030008
:10FB4000276703009A84030070B50546FFF7A4FFFA
:10FB50000C4C08300E4634F81030DA0508D5C3F3E3
:10FB6000432304EBC302284654F8333052689847C5
:10FB7000A3682BB1E26831462846BDE870401847BB
:10FB800070BD00BFCC24002008B5FFF785FF034BF4
:10FB9000083033F81000400B08BD00BFCC24002013
:10FBA00008B5FFF779FF034B083033F81000C0F3B6
:10FBB000400008BDCC24002008B5FFF76DFF044BC2
:10FBC000083033F8100010F01C0018BF012008BDE9
:10FBD000CC24002008B5FFF75FFF034B083033F853
:10FBE0001000C0F3401008BDCC240020034611F0E3
:10FBF000010010B5CCB20DD1A207C4F3400012D55C
:10FC0000094AD2F820055860C2F82005003818BF0C
:10FC1000012008E04FF0A041D1F820251A60C1F87A
:10FC20002025002AE8D010BD0003005010B5FFF7D2
:10FC300033FF184A083032F81030D9051DD5C3F308
:10FC4000432123F4F85322F8103002F10E0400206F
:10FC500034F8023F13F4807F03D0C3F34323994267
:10FC60000BD001303028F3D100230B4842F831305B
:10FC7000FFF756FD094B984200D110BD08490948CD
:10FC8000094A40F2EB1304F0DCFE074840F2EB11A6
:10FC900004F0CEFECC240020442500200000AD0B53
:10FCA0007E83030027670300D98403002DE9F8430E
:10FCB00000240746CEB225464FF00108A146B442C3
:10FCC0000DD1124BD3F87C2132B10022C3F87C2134
:10FCD000D3F87C3145F000452846BDE8F88320463E
:10FCE000FFF718FFA0F58072920808FA02F2174297
:10FCF00009D000F1804303F5C043196819B1C3F876
:10FD000000901B6815430134E4B2D8E7006000405E
:10FD1000F7B506460846FFF7BFFE194F00F1080584
:10FD20000C4637F81530DB0727D5304605F0A0FE26
:10FD30002046FFF74FFF40B12046FFF725FF31680F
:10FD400000F5A270002341F820302046FFF76EFF37
:10FD5000002301A827F815300194FFF7A7FE019BA7
:10FD600000EB8300074BD0F80027134043F0020359
:10FD7000C0F80037044803B0F0BD0448FBE700BFFB
:10FD8000CC240020F0F8FCFF0000AD0B0400AD0B0C
:10FD90002DE9FF41164607460846FFF77DFED6F8D7
:10FDA00000800D460446B8F1000F1CD0084605F04F
:10FDB00054FE10BBCDE900008DF80E008DF80F0049
:10FDC00043460DF10F020DF10E01284605F0E9FD45
:10FDD000494A04F1080132F8113023F0020343F0DC
:10FDE000010322F81130736873B3284693F800803A
:10FDF0005968FFF7D5FE10B1D9B1404827E03E4A17
:10FE000004F1080C32F81C3023F02003DB04DB0C77
:10FE100022F81C3069B1B8F1030FEED87168386868
:10FE200049680978B8F1000F14D101F5A27140F8C2
:10FE30002180314A04F1080132F8113023F01C030B
:10FE400043EA880322F81130B36863BB2C4804B03E
:10FE5000BDE8F08100EB810043EA4133D0F810E5C2
:10FE60002EF0030EC0F810E53F6807EB810743F062
:10FE70002003D7F8100522F81C3020F44F3020F46E
:10FE80004070C7F810052802D7F810E500F47C5040
:10FE900040EA084040EA0E00C7F8100502EB4100B6
:10FEA000A0F87C50C5E7D3E900672846FFF7BEFEFF
:10FEB000002ECBD0104DD5E90023964203D19F42AE
:10FEC00001D1002209E00F480DF10F01FFF704FCFA
:10FED0000B4B9842BBD19DF80F2045F8326005EBE3
:10FEE000C20308345F6035F8143043EA422343F418
:10FEF000807325F81430A9E7CC2400200400AD0B52
:10FF00000000AD0B442500202DE9FF410C46804642
:10FF1000204611461E46FFF7BFFD054621B3204689
:10FF2000FFF73EFE18B92046FFF754FE10BB2046EF
:10FF3000FFF742FE10B14B78012B1BD001238DF847
:10FF40000F300023CDE900134A1C8B1C20460DF115
:10FF50000F0105F026FD274A05F1080132F811309E
:10FF600043F0030322F81130002E41D02046FFF762
:10FF700017FE18B9204804B0BDE8F08196F800C01B
:10FF8000D8F800301B4F0CF5A272002143F8221064
:10FF900005F1080237F8121021F02001C904C90C3C
:10FFA00027F8121075781DB3D8F80000B67800EB6A
:10FFB0008C002D04D0F8103523F4991323F4F85352
:10FFC000C0F81035230203F47C5305F440353605A0
:10FFD000D0F810E52B4306F4801641EA4C31334348
:10FFE00041F0200143EA0E0327F81210C0F8103543
:10FFF0000248C0E7CC2400200400AD0B0000AD0B8C
:020000023000CC
:10000000014BC3E902127047CC24002010B51446FE
:100010005AB90E490E480F4A40F24D3304F011FD13
:100020000C4840F24D3104F003FD0846FFF7D2FDC5
:1000300050B10846FFF730FD074B083033F8103059
:1000400006485B0B237010BD0548FCE7778503006D
:1000500027670300D9840300CC2400200000AD0BE7
:100060000400AD0BF8B5164E96F88C4005462CBB37
:100070006022214606F1100005F010FF2D6827468A
:10008000E0B2FFF747FDA0F580739B081F2B08BF68
:100090002F5004F1010408BF2B58082CF0D1002385
:1000A000C5F87C3145F30730D5F87C31FBF724FEE9
:1000B0000123044886F88C30B367F8BD0248FCE79A
:1000C000CC2400200000AD0B0C00AD0B034B93F8CB
:1000D0008C00003818BF0120704700BFCC240020DE
:1000E0000079024B03EB8000FFF71ABB0C060020DF
:1000F0000079024B03EB8000FFF7EEBA0C060020FC
:100100002DE9F341054608460C461646FFF754FD17
:1001100058B93349334A344840F2534304F091FC10
:1001200040F253412F4804F083FC0846FFF752FD8C
:100130002F6800B30846FFF733FD8046D8B908465C
:10014000FFF722FD0446FFF7E5FC47F800803B5827
:100150002B6822B203EB8203D3F8102542F0010290
:10016000C3F8102526B12A680123A340C2F804333E
:1001700002B0BDE8F081D7F80433002BA4BF4FF0E4
:100180000043C7F804334EB91849164A164840F2DE
:100190006D4304F056FC40F26D41C3E72046FFF783
:1001A0007BFC134B083033F81030C3F38203042B6D
:1001B00012D0052B12D001A80194FFF777FC019B08
:1001C000D0F81015D94001F001010231204602B0EB
:1001D000BDE8F04105F032BC0321F7E70221F5E765
:1001E00056850300D9840300276703008185030037
:1001F000CC2400202DE9F04F654BD3F80403C0B2A6
:1002000087B0082140F00040FFF750FD051E2BDAB3
:100210000023032104A8CDE90433FFF7E7FCDFF84E
:1002200074A10DF110084FF000094FF0010B1AF8FE
:10023000013B5949DA0803F007038A5C22FA03F309
:10024000DA071CD408F10408B9F1000F14D000211A
:100250004FF00040FFF72AFD032104A8FFF7C6FC7A
:100260000028DCD125F00045494E4C4F0124002DDB
:1002700078D107B0BDE8F08F4FF00109D7E7484BC0
:100280004B440093D8F800100029DBD0009B91FA72
:10029000A1F11C78B1FA81F141EA44142046FFF73C
:1002A000FBFB3E4B0394083033F81070C80801F094
:1002B000070118F800200BFA01F122EA0102BB083D
:1002C00008F8002003A80193FFF7F0FB039A019BB5
:1002D00002F5E072C7F3820650F822205B0737462A
:1002E000C2F3014223D539462046D6B2FFF72CFC93
:1002F00003A80394FFF7DAFB039B03F5E07350F8C0
:100300002330C3F301439E4207D10021204605F06C
:1003100095FB3146204605F091FB03A80394FFF7B7
:10032000C5FB039B0BFA03F3C0F82035AAE7022AAA
:100330000CD10321204605F081FB06F00503012BBB
:10034000EBD139462046FFF7FFFBE6E702212046C6
:10035000019205F073FB032EF3D0019A032ADCD13E
:10036000022EEDE795FAA5F3B3FA83F304FA03F24C
:1003700025EA020503F5A27207EB430356F82210A3
:10038000B3F87C00C1F30141FFF7DEFB6FE700BF6C
:10039000006000409C850300C0650300CC24002061
:1003A0009C85030010B548B91C491D481D4A75239A
:1003B00004F047FB1B48752104F03AFB1A4C2378E4
:1003C00053BB0278C2F34003920712D54FF080531B
:1003D000D3F83021082A0BD1D3F83431052B07D8B4
:1003E000124AD35C23B14FF080430122C3F8382670
:1003F00001234FF08042C2F88035037803F00103F7
:10040000C2F878350020FBF799FC08B9FBF774FCBB
:1004100001230748237010BD0648FCE7DB85030075
:10042000276703009E850300DF2700205F86030007
:100430000000AD0B0C00AD0B4FF080434FF4607229
:10044000C3F80823014B00221A6070475C25002086
:1004500008B558B909490A480A4A4FF4A47304F088
:10046000F0FA08484FF4A47104F0E2FAFFF7E4FF51
:1004700003680BB1044A136008BD00BFE4850300A4
:10048000276703009E8503005C25002010B54FF010
:100490008043D3F80443620714D54FF4847005F009
:1004A0000FFB78B1404B1B685BB94049404A41485B
:1004B0004FF4BA7304F0C5FA4FF4BA713C4804F033
:1004C000B7FA9847A30613D54FF48A7005F0F8FAE7
:1004D00070B1394B1B684BB93849354A354840F241
:1004E0007D1304F0AEFA40F27D11E7E70020984753
:1004F000600613D54FF48C7005F0E2FA70B12E4B04
:100500001B684BB92D492A4A2A484FF4C27304F09C
:1005100098FA4FF4C271D1E701209847210613D50C
:100520004FF48E7005F0CCFA70B1254B1B684BB9B7
:1005300024491F4A1F4840F28D1304F082FA40F20A
:100540008D11BBE700209847E20513D54FF490705A
:1005500005F0B6FA70B11A4B1B684BB91949144A29
:1005600014484FF4CA7304F06CFA4FF4CA71A5E74B
:1005700001209847A30515D54FF4927005F0A0FA15
:1005800080B10F4B1B684BB90E49094A094840F22C
:100590009B1304F056FA40F29B118FE7BDE8104020
:1005A0000220184710BD00BF64250020FC85030011
:1005B0009E85030027670300602500201D86030039
:1005C0005C2500203F86030001460148FFF784B800
:1005D0001006002008B5124BA8220021184605F08D
:1005E0005DFC032202610F4942610F4A8161C261D1
:1005F0004FF480620262002282624262C26201663D
:100600000A49416610218166094902670346C266AC
:10061000426711F8010D98540132102AF9D108BD32
:100620001004002065860300100000200000002058
:100630007E8603002DE9F84FDFF87C80182606FB44
:10064000008E00FB06664644DEF82440DEF828C033
:100650007368A44507468946154603EB040022D873
:10066000DEF820B0ABEB040A0AF1FF339A4203D85C
:1006700005F006FC2C440FE063449A4219D8524618
:100680002C4405F0FDFBB4EB0B0405D0706822464A
:1006900009EB0A0105F0F4FB182303FB0783012093
:1006A0005C62BDE8F88F0CF1FF3CACEB040C9445A8
:1006B000DED20020F5E700BF10040020F8B5144B8F
:1006C000182700FB07751D4407FB00330E46DB6A45
:1006D000012B14460AD0022B14D023B9284605F06A
:1006E00010FA844208D900242046F8BD284605F0B7
:1006F00008FA844228BF044622463146284605F0BF
:1007000009FAF1E72846BDE8F84005F01EBA00BF37
:1007100010040020F8B50B4B1B78532B04460E46F3
:10072000174601D0FFF756FF05F03EFA3A46054658
:1007300031462046FFF7C2FF0446284605F03CFA42
:100740002046F8BD10040020034B182202FB0033A2
:100750009A6A586A801A70471004002010B4084A38
:1007600008490023C85C12F8014D844204D10133CA
:10077000102BF7D110BC704710BCFFF72BBF00BF88
:100780007E8603001004002008B50A4A0A4B9342F3
:100790000ED90A490A4A0B48192304F052F90A48AB
:1007A00004F04FF90648192104F042F92033EEE72E
:1007B000FCD308BDE860030048600300A286030084
:1007C0007F86030027670300436F030010B50446CC
:1007D000F8F786FE0348044A012104F0B6FB2046E0
:1007E00005F0FEF9F0630300BA8603002DE9F84333
:1007F000044600AF0D46EFF31188202383F31288DF
:10080000BFF36F8F0428304A98BF304B9668117C35
:1008100094BF53F820302E4BE9468AB06A462D48E3
:10082000C2E9073140F2013393842B4BC2E905043E
:1008300042F8103F294800234FF43151F8F796FF52
:10084000CD4645B1EB69C3F3080323B1244A2348DD
:10085000012104F07AFB2EB1304605F067FA08B1A9
:10086000037803B91F48E9468AB06A461E4BD06137
:10087000C2E9053640F2013313841C4B42F8103FA5
:10088000164800234FF41151F8F770FF2946CD4662
:100890002046FFF79BFF042C0CD11549154A16483A
:1008A000872304F0CEF8154804F0CBF811488721CF
:1008B00004F0BEF888F31188BFF36F8F3046FBF762
:1008C000C1F9BD46BDE8F88368250020C465030072
:1008D000C9860300DF86030005000001F063030002
:1008E00007870300D7860300288703000400000160
:1008F0006287030040870300276703007F870300A8
:1009000038B50A4B53F82040013053F82050A54227
:1009100000D838BD606830B1037FDB0701D405F033
:1009200067F90834F3E723689847FAE7D8650300C6
:1009300070B5384B384C394D012286B003201A70FF
:10094000FFF7DEFFFAF7FCFC0420FFF7D9FFAC420B
:10095000264628D93249334A3348422304F071F8F5
:10096000324804F06EF842212E4804F061F854F841
:100970000C3C059354F8103C049354F8143C039336
:1009800054F8183C029354F81C3C019354F8203C52
:10099000009354E90A2354E90C0101F019FA54F8C0
:1009A000303C5E65D3E7AE4204F13004DFD301F0A2
:1009B00037FF194C1E4EAC421FD91949194A1A4823
:1009C000662304F03EF8194804F03BF86621CBE7B3
:1009D000D4E90A23B3F1FF3F08BFB2F1FF3F05D0CE
:1009E00052EA0301206803D102F09CF93034E2E7B7
:1009F0003146183002F0D6FCF8E7E9D301F07EFF6B
:100A0000F6F7F0FC0B4A137B23F00103137306B0D7
:100A100070BD00BFE02700206862030098620300F9
:100A20001F880300FE87030027670300436F03004E
:100A3000915D03002810002008B50348034A0021F7
:100A4000121A05F0ECF808BD68080020E427002021
:100A500070B5174E174D184986B0A02303FB0066EA
:100A6000164B059301220F23CDE903320023CDE974
:100A70000133142303FB005504464FF4C07000FB00
:100A800004110F4B00954FF4A072304601F0A0F90D
:100A9000737B0C4AEE6023F0040373734FF404631A
:100AA00004FB033313442C746B6006B070BD00BFAD
:100AB000880F002068250020404700204C88030054
:100AC0007D0E0300003F0020BFB50020FFF718FF98
:100AD0002A4B83F308882A4C2A4F636943F4007336
:100AE00063610025E02384F82230E577257665767A
:100AF000A57684F82050636A43F4E023636284F8A7
:100B00002350FBF71BF8FBF7D1F94FF0FF33A3623B
:100B1000E362FBF7DDFAFBF7EDF9F8F70DFC1A4895
:100B20001A4C01F01DFAFFF72FFE0120FFF7E8FE37
:100B30000220FFF7E5FE01F071FF154B15495C61DE
:100B4000154B05930123CDE903534FF400623B4657
:100B5000CDE901550095204601F03AF9627B064641
:100B600022F004022046627301F074FB2846FFF76E
:100B70006FFF3A4631462046FBF778F940470020A0
:100B800000ED00E031090300C8100020281000200B
:100B900068250020C0480020E567030038B50D4CEB
:100BA0000D4D0020AC4213D90C490D4A0D48942339
:100BB00003F047FF0C4803F044FF0948942103F079
:100BC00037FF204605F02FF8002802DB2034E9E744
:100BD000F7D338BDD0060020F00600207988030046
:100BE0005488030027670300436F03002DE9F74390
:100BF00005460F4691461C4600F10806EFF31188A2
:100C0000202383F31288BFF36F8F304602F054FB2A
:100C100060B9324A32493348882303F012FF314623
:100C2000314803F00EFF88212C4826E0304602F0C0
:100C300067FB2B691BB33B601C68EB692C610133BC
:100C4000EB6114B96A6993421FD0EB68E41A09D4C6
:100C5000D5E905235A43A24204D9B4FBF3F203FBBE
:100C6000124494B12149224A1E48E92303F0E9FEC7
:100C7000204803F0E6FE1E48E92103F0D9FE59EAB8
:100C8000040214D13B606FF00B04304602F022FBEB
:100C9000F0B9124A1849134840F2311303F0D1FE5B
:100CA0003146164803F0CDFE40F23111BCE7CDE9E4
:100CB00000942A464146304601F0AEFB044618B97E
:100CC0000F4B9B681B693B60204603B0BDE8F08377
:100CD00088F31188BFF36F8FF6E700BF946C0300B1
:100CE000C16C030027670300D66C030096880300DD
:100CF0005488030012890300EC6C0300036D0300A9
:100D0000682500202DE9F843C368CB1A05460E4636
:100D100023D4D0E90512514399421ED9B3FBF2F115
:100D200002FB1133CBB900F10807EFF3118920243E
:100D300084F31288BFF36F8F384602F0BDFAD8B93A
:100D4000414A42494248882303F07BFE39464148E4
:100D500003F077FE88213C480CE03F493F4A3C487D
:100D600040F2111303F06DFE3D4803F06AFE3B486C
:100D700040F2111103F05CFE384602F0C1FAD5F8DA
:100D80001080B8F1000F40D1EFF3118384F3128883
:100D9000BFF36F8F83F31188BFF36F8F5BB9314956
:100DA000314A2B48B02303F04CFE304803F049FE93
:100DB000B0212D48DEE72C68A54226D02CB3A368CD
:100DC0003BB92B49284A2248992303F03AFE99213E
:100DD000EFE7D4E9003213605A60637BC4F80880FF
:100DE00023F002036373C4E9008804F1180002F0E1
:100DF000BDFB2046C4F89880266101F02BFA4946D5
:100E00003846BDE8F84301F0B1BC2B693360EB69AB
:100E10002E61013BEB61384602F05CFA68B90A4A80
:100E200014490B4840F2311303F00BFE39461248C7
:100E300003F007FE40F231118DE789F31188BFF30B
:100E40006F8FBDE8F88300BF946C0300C16C030092
:100E500027670300D66C0300AA90030054880300A0
:100E60002D8903007A8903004F89030092890300CA
:100E700095890300EC6C0300036D030008B50D4B6E
:100E80009B6893F90E30002B09DB2024EFF31183CC
:100E900084F31288BFF36F8F04F052FAF6E7064925
:100EA0000648074A1C2303F0CCFD05481C2103F02B
:100EB000BFFD00BF68250020CD8903002767030020
:100EC000AC8903002DE9F341044617461E46EFF3B3
:100ED000058565B15849594A59486F2303F0B1FD5A
:100EE000584803F0AEFD55486F2103F0A1FDEFF324
:100EF0001188202383F31288BFF36F8F524802F0CA
:100F0000DBF960B9514A52494D48882303F099FDF5
:100F10004D49504803F095FD88214C48E5E74A4883
:100F200002F0EEF9E3684C4A9BB1A06891688842F0
:100F300029D057EA06032ED1434802F0CBF9A0B1DD
:100F400088F31188BFF36F8F6FF00F0002B0BDE818
:100F5000F081916891F90E103B4821610133E36003
:100F60009368A36002F0B6F978B9384A3B4934482F
:100F700040F2311303F065FD3349394803F061FD58
:100F800040F23111C9E72169E6E788F31188BFF320
:100F90006F8F0020DAE791F90E1090F90E30994228
:100FA000A8BF19466FF07E029142B8BF11468B422E
:100FB00002DD04F061FE0546CDE9007622482246B6
:100FC000414601F029FA0028E3D0EFF311862023EF
:100FD00083F31288BFF36F8F1B4802F06DF900286E
:100FE00090D0194802F08CF9A068C0B1236821693B
:100FF0009C420AD04BB193F90E309942A8BF1946D2
:101000006FF07E039942B8BF194604F035FE30B147
:101010000D48314601F0AAFB6FF00A0096E7002D5B
:10102000F6D1094802F056F900289ED086F31188BF
:10103000BFF36F8FF0E700BF178A0300F589030045
:1010400027670300298A030088250020946C030089
:10105000C16C0300D66C030068250020EC6C030013
:10106000036D0300F8B50546EFF3058363B15549F9
:10107000554A5648D72303F0E4FC554803F0E1FCF9
:10108000D721514803F0D4FC8368002B00F09380F3
:10109000504A9268934240F09180C3683BB94E49F0
:1010A000494A4A48EF2303F0CCFCEF21E9E7012B42
:1010B00003D0013BC3600020F8BDEFF3118720246B
:1010C00084F31288BFF36F8F444802F0F5F860B9DB
:1010D000434A44493D48882303F0B3FC3F49424812
:1010E00003F0AFFC88213E48CCE73C4802F008F909
:1010F0002969A86804F0C0FDEFF3118384F3128816
:10110000BFF36F8F83F31188BFF36F8F5BB93749DC
:10111000374A2E48B02303F094FC364803F091FC84
:10112000B0213348AEE72C68AC4215D10023C5E9A5
:1011300002332A4802F0CEF8002837D1284A2E4937
:10114000224840F2311303F07CFC24492B4803F081
:1011500078FC40F23111C6E7002CE7D0A3683BB918
:101160002749234A1948992303F06BFC9921D8E7B2
:10117000D4E9003213605A60637B002623F0020337
:101180006373C4E90066A66004F1180002F0EEF98A
:10119000AC6094F90E302B612046C4F8986001F0E1
:1011A00059F80E48394601F0E1FA84E787F31188CF
:1011B000BFF36F8F7FE76FF015007DE74FF0FF30D3
:1011C0007AE700BF178A0300F58903002767030049
:1011D000298A0300682500204E8A03008825002004
:1011E000946C0300C16C0300D66C03007A89030081
:1011F0004F89030092890300EC6C0300036D030028
:101200009589030008B583684BB90B490B480C4A14
:10121000992303F016FC0A48992103F009FCD0E950
:10122000003213605A60427B0023C0E9003322F091
:1012300002024273836008BD95890300276703009B
:101240004F8903002DE9F04704469DF820600D46C4
:1012500091469A4600F10807EFF31188202383F3A3
:101260001288BFF36F8F384602F026F860B94B4AF8
:101270004B494C48882303F0E4FB39464A4803F0C5
:10128000E0FB882145481BE0384602F039F806B1FA
:101290006568EFF31183202282F31288BFF36F8F0A
:1012A00083F31188BFF36F8F63B94049404A3D48CB
:1012B000B02303F0C6FB3F4803F0C3FB3C48B0211A
:1012C00003F0B6FB234653F80C6F9E4216D0AEB126
:1012D0003046FFF797FF002406F1180002F046F9A8
:1012E0003046C6F89840C6F8109000F0B3FF41466B
:1012F000384601F03BFA2046BDE8F087BAF1000F0E
:1013000014D0082002F036FC00283FD00122C0F89B
:1013100004900260016801F003015DB922680A438C
:101320000260626820606AB960600BE0C9F800A0E2
:101330004846EFE72A68032A1DD801606168A1B911
:10134000C4E900000024384601F0C4FF08BB134A7A
:101350001949144840F2311303F073FB394617481A
:1013600003F06FFB40F231118CE70A6802F00302D0
:1013700002430A60D8E722F003020A4302602A68A7
:1013800002F0030240EA02032B60DBE76FF00B047C
:10139000D9E788F31188BFF36F8FACE7946C030033
:1013A000C16C030027670300D66C03007A89030031
:1013B0004F89030092890300EC6C0300036D030066
:1013C0002DE9F743064690461F4600F10805EFF366
:1013D0001189202383F31288BFF36F8F284601F011
:1013E0006BFF68B9244A25492548882303F029FB67
:1013F0002946244803F025FB88211F4803F018FBE9
:10140000284601F07DFF3468F4B12368726823F048
:10141000030394422046336008BF7360012104F047
:101420003AFC0446284601F055FFE8B9124A16492D
:10143000134840F2311303F004FB2946134803F02C
:1014400000FB40F23111D8E758EA0703EAD0CDE9B2
:10145000008706F10C024946284600F0DDFF38B946
:101460000B4B9B681C6903E089F31188BFF36F8FF6
:10147000204603B0BDE8F083946C0300C16C030008
:1014800027670300D66C0300EC6C0300036D0300B8
:101490006825002008B583684BB90B490B480C4AF6
:1014A000992303F0CEFA0A48992103F0C1FAD0E952
:1014B000003213605A60427B0023C0E9003322F0FF
:1014C00002024273836008BD958903002767030009
:1014D0004F89030070B50446EFF31186202585F38C
:1014E0001288BFF36F8F304801F0E6FE60B92F4AD3
:1014F0002F493048882303F0A4FA2B492E4803F0E3
:10150000A0FA8821294818E0274801F0F9FEEFF3F6
:10151000118385F31288BFF36F8F83F31188BFF3B4
:101520006F8F63B92549264A2248B02303F089FA10
:10153000244803F086FA2248B02103F079FA25689E
:10154000AC4213D095B12846FFF7A4FF05F118006F
:1015500002F00CF800232846C5F8983000F07AFE17
:1015600031461148BDE8704001F000B9D4E90232BB
:101570009A4218BF01330C48A36001F0ABFE68B972
:101580000A4A11490B4840F2311303F05AFA06494E
:101590000E4803F056FA40F23111B3E786F3118892
:1015A000BFF36F8F70BD00BF8C250020946C0300CB
:1015B000C16C030027670300D66C03007A8903001F
:1015C0004F89030092890300EC6C0300036D030054
:1015D000F7B5044616461D46EFF305837BB152EA84
:1015E00005030CD02D492E4A2E48882303F029FAF2
:1015F0002D4803F026FA2A48882103F019FAEFF360
:101600001187202383F31288BFF36F8F274801F0DF
:1016100053FE60B9264A27492248882303F011FA6D
:101620002249254803F00DFA88212148E5E71F48A3
:1016300001F066FEA368D3B1013B1C48A36001F032
:1016400049FE68B91A4A1D49164840F2311303F0A1
:10165000F8F916491A4803F0F4F940F23111E4E7B9
:1016600087F31188BFF36F8F002003B0F0BD56EAF7
:1016700005030BD10D4801F02DFE0028E2D087F3C1
:101680001188BFF36F8F6FF00F00EEE7CDE90065B3
:1016900022463946054800F0BFFEE6E7858A03008A
:1016A000658A030027670300928903008C250020C8
:1016B000946C0300C16C0300D66C0300EC6C030057
:1016C000036D03002DE9F043764E774F85B0044655
:1016D000EFF31188202383F31288BFF36F8F304616
:1016E00001F0EAFD68B9714A71497248882303F034
:1016F000A8F96C49704803F0A4F988216B4803F0FD
:1017000097F9304601F0FCFDD4F8A450F5B9022158
:1017100004F1BC0004F0E2FA002840D004F1B40562
:1017200000220121284601F07FFC0028F8D1002387
:1017300002934FF0FF324FF0FF33CDE900234146D3
:1017400004F1AC02304601F0CDFCC1E7D4F8A8208A
:101750002B68C4F8A430954208BFC4F8A830D4F868
:10176000BC3043F00203C4F8BC30EB68D5F80490F9
:1017700023F0040343F00103EB60304601F0AAFDBF
:10178000F8B94A4A4D494B4840F2311303F059F930
:1017900044494B4803F055F940F23111AEE7D4F813
:1017A000BC30DD06C3D5C4F8BC003E4801F092FD54
:1017B0000028E6D088F31188BFF36F8F05B0BDE82D
:1017C000F08388F31188BFF36F8FB9F1000F0AD14E
:1017D0003C4938483C4A40F2AB2303F032F93A48DE
:1017E00040F2AB218BE72846C847EFF3118820234E
:1017F00083F31288BFF36F8F304601F05DFD002840
:101800003FF471AF304601F07BFDEB68D90623F061
:10181000010231D4EA60EB689A0716D5386823F0E4
:101820000203EB6088B10368002170B14268954201
:1018300030D1036841BB7A683B60824200D17B6053
:10184000002340F8083BFFF745FED4F8BC3023F0F6
:101850000203C4F8BC303046C3F3002501F03AFD62
:1018600000288ED088F31188BFF36F8F002D7FF48E
:101870002FAF01F0DBF82BE723F01103EB6005F14C
:101880001000FFF727FEC6E70B607B68834208BFA6
:101890007960D5E723B11A68014618461346C4E7B4
:1018A0001A46F9E79825002090250020946C030043
:1018B000C16C030027670300D66C0300EC6C0300C7
:1018C000036D0300158B0300D38A0300F8B5C368CA
:1018D0009A0704460F46C3F340063BD45B0727D460
:1018E0000B680BB983680B60E368DD0723D5A36839
:1018F0005BB9294929482A4A4FF4AA7303F0A1F891
:1019000027484FF4AA7103F093F83B6002263D6824
:10191000002D3ED0234B9A68D5F8A0309A420CD0C7
:10192000D5F8BC30D807C3F3800216D46FF0120686
:1019300000233B6027E00126E9E704F0F1F9D5F840
:10194000BC300028EED1D907C3F3C002EED552B1A6
:101950005B0708D46FF00F06EAE7002AFAD1C3F359
:10196000C003002BF6D100232360D5F8A83063B95B
:10197000C5E92944284604F0BCF9E36843F00403B0
:10198000E3603B68A3603046F8BD1C60C5F8A84022
:10199000F0E76FF01506CBE7F48A03002767030032
:1019A000D38A03006825002073B50446EFF3118540
:1019B000202383F31288BFF36F8F1E4801F07CFC55
:1019C00068B91D4A1D491E48882303F03AF8194991
:1019D0001C4803F036F88821174803F029F8154809
:1019E00001F08EFC00230321201F0193A4F11006B7
:1019F00004F074F928B1A369019301A93046FFF7F7
:101A000065FF0C4801F066FC68B90B4A0E490C48AA
:101A100040F2311303F015F806490C4803F011F8B1
:101A200040F23111D8E785F31188BFF36F8F02B010
:101A300070BD00BF98250020946C0300C16C0300AA
:101A400027670300D66C0300EC6C0300036D0300F2
:101A500038B50D46044648B90C490D4A0D4899233E
:101A600002F0EFFF99210A4802F0E2FF39B90A4972
:101A7000074A08489A2302F0E4FF9A21F3E710226C
:101A8000002104F00BFA656038BD00BF6D8B0300C8
:101A9000D38A030027670300158B030037B50C4674
:101AA000019059B92849294A29484FF4BD7302F0D9
:101AB000C8FF4FF4BD71254802F0BAFF4B684BB91F
:101AC0002449224A224840F27B1302F0BAFF40F236
:101AD0007B11F0E7EFF31185202383F31288BFF326
:101AE0006F8F1D4801F0E8FB60B91C4A1C4918487B
:101AF000882302F0A6FF18491A4802F0A2FF8821A5
:101B00001648D9E7144801F0FBFB204601A9FFF76E
:101B1000DDFE0446104801F0DDFB68B90F4A1249AA
:101B20000B4840F2311302F08CFF0B490F4802F0D2
:101B300088FF40F23111E3E785F31188BFF36F8F1F
:101B4000204603B030BD00BF6D8B0300D38A030075
:101B5000276703000F8B030098250020946C030077
:101B6000C16C0300D66C0300EC6C0300036D030032
:101B7000F0B589B004460E9D58B92F492F4A304818
:101B800040F2F12302F05DFF40F2F1212B4802F018
:101B90004FFF49B92B49294A294840F2F22302F064
:101BA00050FF40F2F221F1E7D0F8BC0010F0010044
:101BB00009D02549214A224840F2F32302F041FF8F
:101BC00040F2F321E2E7C4E9290004F1AC00C4E9E2
:101BD0002B0004F1B400C4E92D0055B32879002886
:101BE00040F2011008BF0120C4F8BC0000204FF0F3
:101BF000FF364FF0FF37CDE90330CDE90100CDE9E5
:101C00000667124B0094204600F064F955B129682C
:101C100011B1204600F0CCF86B791BB1237B43F067
:101C200001032373204601F07DF8C4F8A04009B0F9
:101C3000F0BD0120D8E700BF608B0300D38A03000A
:101C400027670300668B03002C8B0300C516030077
:101C500038B50D46044658B90F49104A104840F2AD
:101C6000923302F0EEFE40F292310C4802F0E0FEB8
:101C700049B90C49094A0A4840F2933302F0E1FE9F
:101C800040F29331F1E73022002104F007F94FF4DC
:101C900080736560E36038BD6C8B0300D38A0300FA
:101CA00027670300158B0300F7B50C460190164615
:101CB0001D4658B93349344A344840F20D4302F0C6
:101CC000C0FE40F20D41304802F0B2FE49B9304941
:101CD0002D4A2E4840F20E4302F0B3FE40F20E4170
:101CE000F1E7EFF31187202383F31288BFF36F8F9F
:101CF000284801F0E1FA60B9274A28492348882397
:101D000002F09FFE2349264802F09BFE88212248CC
:101D1000DAE7204801F0F4FAE36813F01E0F27D148
:101D200055EA060216D1204601A9FFF7CFFD044669
:101D3000184801F0CFFAE8B9174A1A49134840F297
:101D4000311302F07EFE1349174802F07AFE40F28A
:101D50003111DCE743F00803E360019BA36204F167
:101D60001000124932462B4601F01CFB0124DFE72C
:101D70000024DDE787F31188BFF36F8F204603B09F
:101D8000F0BD00BFFA8A0300D38A0300276703006F
:101D90006C8B030098250020946C0300C16C030039
:101DA000D66C0300EC6C0300036D0300A91903005B
:101DB00010B5044608B9054B9C681F2204F1600069
:101DC00004F074F8002084F87F0010BD682500201E
:101DD0002DE9FF470F9D119F0F2D04460E46984693
:101DE00051D1364B984552D1073222F007027F324B
:101DF0001099217304F1580322F03F02C4E916330D
:101E0000042100233F2AC4E90633A3606173A5734C
:101E1000E37306F1400AA2F1400905D883F3118863
:101E2000BFF36F8F084602DFB51829462046F9F741
:101E3000E1FB07300E9B20F00700C4F88800C4E9DE
:101E400020A902930D9B01932D1A0C9B0093314600
:101E500043462A4620460026F9F7D4FF66654FB36D
:101E60001F22394604F1600004F020F884F87F60F6
:101E7000134B9B680BB1D3F88C30C4F88C302846D8
:101E800004B0BDE8F08705F110031E2BACD90D4A54
:101E90000D490E4840F2052302F0D3FD0C482946B7
:101EA0006FF00F030E2202F0CCFD064840F2052130
:101EB00002F0BEFD84F86070DAE700BF7D0E03001B
:101EC00068250020818B0300A48B03002767030093
:101ED000248C0300F0B587B0DDE912760446EFF3F9
:101EE000058575B119491A4A1A4840F2922302F041
:101EF000A8FD194802F0A5FD154840F2922102F014
:101F000097FD0595109D04950F9D03950E9D0295D7
:101F10000D9D01950C9D0095FFF75AFFB6F1FF3F0F
:101F200008BFB7F1FF3F05D056EA070305D12046A9
:101F300000F0F8FE204607B0F0BD3A46334604F103
:101F40001800064901F02EFAF4E700BF178A0300D3
:101F5000818B030027670300558C0300915D03000C
:101F600040F2011383810023C0E92033C0F88C3094
:101F7000014B9860704700BF682500200A4A9368AB
:101F80006FF00A01C3F898100849C3F894004B6831
:101F900043F080534B60002383F31188BFF36F8FAE
:101FA0009368D3F8980070476825002000ED00E0A2
:101FB00038B590F90D20437B002A014611DA03F071
:101FC0007F0343731B4B984209D11B491B481C4A92
:101FD000562302F036FD1A48562102F029FD03F07F
:101FE000A7FE184D2A46AB6852F8184F944200D00D
:101FF00004B9EC688B4214D05BB91349134A0F48FB
:10200000D52302F01EFD124802F01BFD0F48D5211A
:10201000E3E75A7BD20604D1DA897F2A01D9A26983
:102020002AB1A34202D0204601F0BAF823466B61E0
:1020300038BD00BF880F00209C8C03002767030079
:102040007A8C030068250020E98C0300BD8C030016
:102050009289030008B583684BB9094909480A4ABF
:10206000992302F0EEFC0848992102F0E1FC03F00C
:102070005FFE437B23F0020343730023836008BDAC
:1020800095890300276703004F89030070B590F915
:102090000D20437B002A50DBD9064ED163F07F032D
:1020A0004373274B984209D126492748274A4F2393
:1020B00002F0C7FC25484F2102F0BAFC244C22460E
:1020C000E16952F8183F934207D1C0E90021086046
:1020D000E06111E09942F8D01B68002BF5D090F92F
:1020E0000E5093F90E60B542F4D0AE42F2DD59685D
:1020F000C0E9003108605860A569954200D005B973
:10210000E568A3685BB91349134A0F48D52302F069
:1021100098FC124802F095FC0F48D521CCE75A7B79
:10212000D20604D1DA897F2A01D9AA6932B1AB4239
:1021300002D0284601F034F8656170BD6361FCE7A8
:10214000880F00209C8C0300276703007A8C030013
:1021500068250020E98C0300BD8C030092890300F0
:1021600070B590F90D20437B324C002A014610DAFD
:1021700003F07F03A042437309D12F492F4A30480F
:10218000562302F05EFC56212C4802F051FC03F06D
:10219000CFFD4B7BA14263F07F034B7307D12649F0
:1021A000264A27484F2302F04CFC4F21ECE7254CF0
:1021B0002246E06952F8183F934207D1C1E9002056
:1021C0000160E16111E09842F8D01B68002BF5D066
:1021D00091F90E5093F90E60B542F4D0AE42F2DDA3
:1021E0005868C1E9003001605960A569A36895424B
:1021F00000D005B9E5688B4214D05BB91249134A87
:102200000F48D52302F01DFC114802F01AFC0F48BC
:10221000D521BAE75A7BD20604D1DA897F2A01D9BF
:10222000AA692AB1AB4202D0284600F0B9FF2B467A
:10223000636170BD880F00209C8C03007A8C0300C2
:102240002767030068250020E98C0300BD8C03008C
:102250009289030038B50446EFF31185202383F3F8
:102260001288BFF36F8F174801F026F868B9164A35
:1022700016491748882302F0E4FB1249154802F07A
:10228000E0FB8821104802F0D3FB0E4801F038F83B
:102290002046FFF7FBFE0B4801F01CF868B90A4A1C
:1022A0000D490B4840F2311302F0CBFB05490B48B6
:1022B00002F0C7FB40F23111E4E785F31188BFF368
:1022C0006F8F38BD9C250020946C0300C16C030007
:1022D00027670300D66C0300EC6C0300036D03005A
:1022E00038B50446EFF31185202383F31288BFF33A
:1022F0006F8F184800F0E0FF68B9174A174918486F
:10230000882302F09EFB1349164802F09AFB8821AD
:10231000114802F08DFB0F4800F0F2FFA36813B1E3
:102320002046FFF797FE0B4800F0D4FF68B90A4A31
:102330000D490B4840F2311302F083FB05490B486D
:1023400002F07FFB40F23111E2E785F31188BFF321
:102350006F8F38BD9C250020946C0300C16C030076
:1023600027670300D66C0300EC6C0300036D0300C9
:1023700038B50446EFF31185202383F31288BFF3A9
:102380006F8F1E4800F098FF68B91D4A1D491E480E
:10239000882302F056FB19491C4802F052FB8821A1
:1023A000174802F045FB154800F0AAFF637B13F0C5
:1023B000280F0BD1A36813B12046FFF74BFE637BB8
:1023C00023F0040363732046FFF760FE0B4800F020
:1023D00081FF68B90A4A0E490B4840F2311302F0F6
:1023E00030FB06490B4802F02CFB40F23111D7E7D5
:1023F00085F31188BFF36F8F38BD00BF9C25002087
:10240000946C0300C16C030027670300D66C0300C3
:10241000EC6C0300036D03002DE9F047DFF8D4A056
:10242000354D364B1746A842DAF808201A60DDE928
:10243000089804460E460BD131493248324A40F2E0
:10244000722302F0FEFA304840F2722102F0F0FAF4
:10245000EFF31183202383F31288BFF36F8F284695
:1024600000F02AFF60B9294A29492648882302F04A
:10247000E8FA2946274802F0E4FA88212348E5E7EC
:10248000284600F03DFFDAF808503946284603F0A8
:1024900057FCB8F1FF3F08BFB9F1FF3F06D01E4916
:1024A0004A46434605F1180000F07CFF204600F044
:1024B00011FF68B91949154A124840F26B1302F02E
:1024C000C0FA2146164802F0BCFA40F26B11D5E77B
:1024D000094800F0FFFE40B910490C4A094840F293
:1024E0006B1302F0AEFA0449ECE73046BDE8F04762
:1024F000FFF744BD682500209C250020A025002072
:10250000108D0300276703007A8C0300946C03008E
:10251000C16C0300D66C0300915D0300EC6C0300FA
:10252000036D030070B50546EFF31186202383F396
:102530001288BFF36F8F1B4800F0BEFE68B91A4ABD
:102540001A491B48882302F07CFA1649194802F000
:1025500078FA8821144802F06BFA124800F0D0FE95
:102560002C68A54215D014B12046FFF773FD0D4825
:1025700000F0B0FE78B90C4A0F490D4840F2311313
:1025800002F05FFA07490D4802F05BFA40F23111A0
:10259000E0E70024EBE786F31188BFF36F8F204656
:1025A00070BD00BF9C250020946C0300C16C03002B
:1025B00027670300D66C0300EC6C0300036D030077
:1025C0002DE9F04104460D46EFF31187202383F3F4
:1025D0001288BFF36F8F584800F06EFE60B9574AFB
:1025E00057495848882302F02CFA5349564802F0BC
:1025F00028FA8821514818E04F4800F081FE637B9B
:1026000003F01F02002A0CBF012600265DD103F053
:102610007F0363734D4B9C4209D14D4949484D4A54
:10262000562302F00EFA4B48562102F001FA2046DA
:1026300003F07EFBDFF82081637B424663F07F037B
:102640006DB2A573637352F8183F93423AD1D8F82C
:102650001C10C4E900210C60C8F81C400FE099422E
:10266000F7D01B68002BF4D093F90E008542F6D00A
:10267000A842F4DD5968C4E900310C605C60D8F808
:102680001840944200D00CB9D8F80C40D8F8083063
:102690009C4202D0204600F083FDC8F81440264832
:1026A00000F018FE00283FD1244A2C49254840F26A
:1026B000311302F0C6F92049294802F0C2F940F26C
:1026C000311197E7D8F81C10CCE79B072AD5A168F1
:1026D00041B924491B48244A992302F0B2F92248FF
:1026E0009921A2E720466DB203F022FBA5730B6887
:1026F000994209D14B68C4E900131C604C60CEE7D5
:102700004A689342F6D01B68002BF3D093F90E2051
:102710009542F5D0AA42F3DD5A68C4E9003214604C
:102720005C60BCE7A573BAE787F31188BFF36F8FCE
:102730003046BDE8F08100BF9C250020946C03006A
:10274000C16C030027670300D66C0300880F0020CC
:102750009C8C03007A8C030068250020EC6C03003D
:10276000036D0300958903004F89030070B504468B
:102770000D46F9B9EFF30586E6B91A4B5A699B681D
:102780009A4217D000F0A6FD78B9174A17491848A1
:1027900040F26B1302F055F92146164802F051F948
:1027A00040F26B11104802F043F93046BDE870402A
:1027B000FFF7E4BB204600F08DFD68B90A4A0B49DB
:1027C0000B4840F2311302F03CF92146094802F06F
:1027D00038F940F23111E5E785F31188BFF36F8FC7
:1027E00070BD00BF68250020946C0300EC6C0300F2
:1027F00027670300036D0300034648B9EFF3058222
:1028000032B9064A51699268914201D0FFF7B6BBCE
:1028100083F31188BFF36F8F704700BF68250020D6
:1028200010B5EFF31184202383F31288BFF36F8F69
:10283000264800F041FD60B9254A264926488823EC
:1028400002F0FFF82149254802F0FBF888212048D2
:1028500010E01E4800F054FDEFF3058363B12049FA
:10286000204A1D488F2302F0ECF81F4802F0E9F8D7
:102870008F211C4802F0DCF81C4B9A68D37B012B9B
:102880000AD11B49174A1448902302F0DAF8164877
:1028900002F0D7F89021ECE7013BD3730B4800F02E
:1028A00019FD68B90A4A13490B4840F2311302F086
:1028B000C8F80649104802F0C4F840F23111C6E7E2
:1028C00084F31188BFF36F8F10BD00BF9C250020DB
:1028D000946C0300C16C030027670300D66C0300EF
:1028E000178A03004F89030092890300682500209E
:1028F000498D0300EC6C0300036D030070B5EFF32A
:102900001186202383F31288BFF36F8F374800F0BE
:10291000D3FC60B9364A37493748882302F091F82A
:102920003249364802F08DF88821314813E0344DA1
:102930002E4800F0E5FCAB68DA7B72B93149324AC7
:102940002D4840F20D3302F07CF8304802F079F85F
:1029500040F20D312C4802F06BF8EFF3058161B1C4
:102960002B49294A244840F20E3302F06AF82748DE
:1029700002F067F840F20E31ECE70132DA732A46D2
:1029800052F8184F944200D004B9EC685A7BD20632
:1029900004D1DA897F2A01D9A2692AB1A34202D0DF
:1029A000204600F0FDFB234610486B6100F092FCCE
:1029B00068B90F4A1749104840F2311302F041F844
:1029C0000A49154802F03DF840F23111ADE786F3AF
:1029D0001188BFF36F8FEFF31180202383F31288E8
:1029E000BFF36F8FBDE87040FFF706BF9C25002046
:1029F000946C0300C16C030027670300D66C0300CE
:102A0000682500207A8D03007A8C030092890300E8
:102A1000178A0300EC6C0300036D0300024B03F103
:102A20001802C3E9062270476825002070B5EFF34D
:102A3000058373B139493A4A3A4840F2244302F0D7
:102A400000F8394801F0FDFF354840F2244101F01B
:102A5000EFFFEFF31186202383F31288BFF36F8F0C
:102A6000324800F029FC60B9314A32492D488823A8
:102A700001F0E7FF2D49304801F0E3FF88212C48A1
:102A8000E5E72E4C294800F03BFCA168E0690B68A3
:102A9000814214BF1A46002249680B605960A3683E
:102AA000E1692AB9264AC3E900210B60E3610CE021
:102AB00093F90E0092F90E50A84225D0854223DDED
:102AC0005168C3E900210B605360A5691C4B9D420E
:102AD00000D005B9E568A3689D4202D0284600F001
:102AE0005FFB1248656100F0F5FB88B9104A154993
:102AF0000C4840F26B1301F0A4FF0C49124801F09E
:102B0000A0FF40F26B11BAE78A42CBD01268C8E747
:102B10003046BDE87040FFF731BA00BF178A0300A6
:102B20007A8C030027670300928903009C2500200C
:102B3000946C0300C16C0300D66C03006825002070
:102B400080250020EC6C0300036D03002DE9F041AB
:102B500006460C46EFF3058777B13449344A3548C9
:102B600040F23C4301F06DFF334801F06AFF30480A
:102B700040F23C4101F05CFF50EA010304D1FFF751
:102B800055FF0020BDE8F081EFF31188202383F387
:102B90001288BFF36F8F294800F08EFB60B9284A76
:102BA00028492448882301F04CFF2449264801F095
:102BB00048FF88212248DDE7244D204800F0A0FB93
:102BC000234BA8681860FFF7F3F9A868214923464A
:102BD0003246183000F0E6FBAA68537B43F004034A
:102BE00004465373154800F075FB68B9144A1A4936
:102BF000104840F26B1301F024FF1049174801F010
:102C000020FF40F26B11D5E74046FFF7B7F9AB68FC
:102C1000D3E90A23B3F1004F08BFBA42B1D103F0A0
:102C2000F0F8201A20EAE070ACE700BF178A030032
:102C30007A8C030027670300928903009C250020FB
:102C4000946C0300C16C0300D66C0300682500205F
:102C5000A0250020915D0300EC6C0300036D0300D0
:102C600070B504460E46EFF3058575B11A491B4A47
:102C70001B4840F2664301F0E4FE1A4801F0E1FE11
:102C8000164840F2664101F0D3FEFFF75FFFB6F150
:102C9000FF3F08BFB4F1FF3F0246204616D047F67B
:102CA000FF704FF47A7403462946C2FB0431B3F532
:102CB000004F71F100020AD36FF400429A4243F6CA
:102CC000FF728A4105D3D80B40EA414070BD2846C7
:102CD000FCE76FF00040F9E7178A03007A8C0300E5
:102CE00027670300928903000C490D4A38B5002478
:102CF0004FF400458C462146C0FB05C100236046C9
:102D0000F4F7FEF9C117FFF721FF054A47F6FF73F5
:102D1000C0FB0234DB0B43EA444038BD3F420F00A6
:102D200040420F0038B50446EFF31185202383F3AA
:102D30001288BFF36F8F204800F0BEFA68B91F4AAF
:102D40001F492048882301F07CFE1B491E4801F0E2
:102D500078FE8821194801F06BFE174800F0D0FA80
:102D6000637B5B0710D504F1180000F0FFFB637B69
:102D700023F0040320466373FFF788F929460E48C1
:102D8000BDE83840FFF7F2BC0B4800F0A3FA68B981
:102D90000A4A0E490B4840F2311301F052FE06492F
:102DA0000B4801F04EFE40F23111D3E785F3118854
:102DB000BFF36F8F38BD00BF9C250020946C0300CB
:102DC000C16C030027670300D66C0300EC6C0300A2
:102DD000036D0300014B9868704700BF6825002011
:102DE0002DE9F8430446077BEFF31185202383F395
:102DF0001288BFF36F8F7B4800F05EFA68B97A4A99
:102E00007A497B48882301F01CFE7649794801F015
:102E100018FE8821744801F00BFE724800F070FA29
:102E2000637B190717D56F4800F054FA68B96E4AEA
:102E300071496F4840F2311301F003FE69496F4850
:102E400001F0FFFD40F23111E4E785F31188BFF393
:102E50006F8FBDE8F883D90943F008027FD1627310
:102E6000A36813B12046FFF7F5F804F1180000F04D
:102E70007DFBA66D04F15808B04511D04FF0000954
:102E800076B13046FFF7E6F806F1180000F06EFB69
:102E9000C6F898903046FFF7F9F8A66DB045EFD127
:102EA000DFF85C81D8F808309C426DD1EFF30589DA
:102EB000B9F1000918BF4FF00109D8F81860514A5C
:102EC000964200D00EB9D8F80C60B34202D030461A
:102ED00000F066F9C8F81460B9F1000F02D04A4852
:102EE000FFF73EF8D8F808309C4260D1EFF3058632
:102EF000002E5CD1237BDA071FD53A4800F0EAF9AF
:102F0000002894D085F31188BFF36F8F86F3118862
:102F1000BFF36F8F0423184602DFEFF311852023E0
:102F200083F31288BFF36F8F2E4800F0C5F9002895
:102F30003FF465AF2B4800F0E3F92A4800F0CAF9E6
:102F400028BB294A2C492A4840F26B1301F079FD2D
:102F500024492A4801F075FD40F26B115AE703F04D
:102F60007F0343F008036373284B9C4208D1284930
:102F7000284A1F48562301F064FD562125484AE798
:102F8000204602F0D5FE6BE74FF0000995E7284692
:102F9000FEF7F4FF20491F4A15484FF4DD7301F096
:102FA00050FD1E4801F04DFD4FF4DD71E6E70D4880
:102FB00000F090F900283FF43AAF85F31188BFF391
:102FC0006F8FFB077FF545AF124A1549084840F25D
:102FD0003D5301F036FD2146124801F032FD40F22A
:102FE0003D51CBE79C250020946C0300C16C03008D
:102FF00027670300D66C0300EC6C0300036D03002D
:103000006825002080250020C8100020880F00209F
:103010009C8C03007A8C0300AB8D0300B68D0300FB
:10302000D88D0300E38D03002DE9F843064688465A
:103030001746EFF31189202383F31288BFF36F8FB4
:10304000214800F039F9054668B9204A204921484D
:10305000882301F0F6FC1C491F4801F0F2FC88218E
:103060001A4801F0E5FC184800F04AF93468A64215
:103070001FD004B32046C4F898802761FEF7EAFF0A
:1030800004F1180000F072FA2046FEF7FFFF0E4828
:1030900000F020F988B90D4A10490E4840F231136A
:1030A00001F0CFFC08490E4801F0CBFC40F2311191
:1030B000D6E70025EBE72546E9E789F31188BFF35A
:1030C0006F8F2846BDE8F8839C250020946C030090
:1030D000C16C030027670300D66C0300EC6C03008F
:1030E000036D0300D3B5DDE90667089CCDE90067F1
:1030F000FFF792F91CB1034B9B681B69236002B078
:10310000D0BD00BF6825002008B568B10F4B9842BC
:103110000AD303F11802904206D2C01A1822B0FB5B
:10312000F2F302FB13034BB109490A480A4A382358
:1031300001F087FC0848382101F07AFC074BC010E9
:103140005843074B01221A5408BD00BF68110020E4
:10315000298E030027670300018E0300ABAAAAAAE9
:10316000E1270020C3897F2B12D80A4B1B6863B16B
:10317000094B90F90E201B689A4209DB437BDB0662
:1031800006D1064BC31A18BF012303F00100704794
:103190000023FAE714060020A4250020880F002051
:1031A00070B50E4B0E4C1E7C06EB460304EBC304BD
:1031B0000546204600F0DAF90A4B002228469A55C7
:1031C000FFF7D0FF48B1084B08491A68013A20467A
:1031D000D317BDE8704000F0E5B870BD6825002049
:1031E00068110020E12700201406002009310300A7
:1031F00038B5EFF31185202383F31288BFF36F8F67
:10320000234800F059F868B9224A23492348882303
:1032100001F017FC1E49224801F013FC88211D48CB
:1032200001F006FC1A4800F06BF81E4B1E4A9C6821
:103230001068A04213D1FFF7B3FF154800F04AF819
:1032400008BB144A1949154840F2311301F0F9FB43
:103250000F49174801F0F5FB40F23111DFE700217B
:103260001B7C1160134AD35C002BE6D02046FFF78D
:1032700079FF0028E1D0637BDB0602D12046FEF710
:103280006FFF2046D7E785F31188BFF36F8F38BDF6
:103290009C250020946C0300C16C03002767030089
:1032A000D66C030068250020A0250020EC6C0300EC
:1032B000036D0300E1270020006838B1044B1B7C3C
:1032C00000F00300C01A18BF0120704701207047AA
:1032D00068250020002302680360EFF30581074B97
:1032E00019B19968497BC90706D4197C98680843C5
:1032F000831A5842584170470120704768250020C2
:10330000024B1A7C9B6813430360704768250020BA
:103310000748084A084908B5121A02F082FC074813
:10332000074A0849BDE80840121A02F07ABC00BFFB
:10333000C00400206408002078910300B804002035
:10334000C004002070910300024B1868984208BF27
:103350000020704718060020034B1B680BB9FCF7D0
:10336000A1B80020704700BFA825002030B570B17B
:103370000B4B5B6898420AD0036843B1D3E9042140
:10338000D0E90445121941EB0501C3E90421D0E954
:10339000003213605A600023C0E9003330BD00BF23
:1033A00018060020B3F1FF3F08BFB2F1FF3F2DE93F
:1033B000F74F044690469B4615461F4600F0B880DE
:1033C000D0F80090B9F1000F0CD05B495B4A5C4823
:1033D000722301F036FB5B4801F033FB5748722142
:1033E00001F026FB8160EFF311830193202383F327
:1033F0001288BFF36F8F5448FFF75EFF824660B9B3
:10340000524A53494E48882301F01BFB4E4951480C
:1034100001F017FB88214D48E2E74B48FFF770FFAA
:10342000B8F1FF3F7BF1FF334B4A1FDBFFF794FFFF
:10343000494A0135D2E900174BF1000B2D184BEB2F
:10344000E073C4E904536D18064643EB0707FFF722
:103450007BFFDFF808E1DEF804900346F3B9C4E926
:1034600000E9C9F80040CEF8044029E0D2E9001292
:103470006FF001035B1A4FF0FF3161EB0202B3EB17
:10348000080362EB0B02012B72F10001BCBF0123A8
:103490004A46C4E904324FF0000AD8E7D3E9041CD5
:1034A000D4E904208A4270EB0C0B2EDA891A5A6890
:1034B0006CEB0000C3E90410C4E9003214605C60E6
:1034C000FFF742FF84420ED1254B1B685BB9BAF16E
:1034D000000F02D1FFF740FF0646304602F07AFCAB
:1034E0000021FBF7B9FF1848FFF7F4FEB0B9174AFF
:1034F0001C49134840F2311301F0A3FA12491A484B
:1035000001F09FFA40F2311185E7521A60EB0C008E
:103510009945C4E90420A2D01B689FE7019B83F36F
:103520001188BFF36F8F2846394603B0BDE8F08F8E
:1035300000252F46F7E700BFFE8F0300DA8F030058
:103540002767030092890300AC250020946C0300D8
:10355000C16C0300D66C0300801100201806002007
:10356000A8250020EC6C0300036D030070B5044631
:10357000EFF31186202383F31288BFF36F8F234864
:10358000FFF79AFE68B9224A22492348882301F0AE
:1035900058FA1E49214801F054FA88211C4801F0CC
:1035A00047FA1A48FFF7ACFE236833B3FFF7CCFEA7
:1035B00005462046FFF7DAFE00224FF00043A54201
:1035C000C4E9042306D1FFF7C7FE02F003FC002183
:1035D000FBF742FF00240D48FFF77CFE80B90C4A40
:1035E0000F490D4840F2311301F02BFA07490D48FD
:1035F00001F027FA40F23111D0E76FF01504EAE745
:1036000086F31188BFF36F8F204670BDAC25002074
:10361000946C0300C16C030027670300D66C0300A1
:10362000EC6C0300036D03002DE9F0470446EFF353
:103630001188202383F31288BFF36F8F4448FFF76C
:103640003BFE68B9434A44494448882301F0F9F9EC
:103650003F49434801F0F5F988213E4801F0E8F977
:10366000DFF800913A48DFF800A1FFF749FEC9F8FA
:103670000040FFF769FE002604460027D9F8003015
:10368000DAE900C0D91754B1D4E90452AB4271EB66
:10369000020E20DAED1A62EB0102C4E9045213EBC8
:1036A0000C034FF0000440EB01012046CAE9003151
:1036B000C9F8004002F08EFB2146FBF7CDFE2448FE
:1036C000FFF708FEB0B188F31188BFF36F8FBDE834
:1036D000F047FFF78DBD15EB0C0340EBE570CAE931
:1036E0000030C4E904672046FFF740FE1848FFF7A2
:1036F000F1FD68B9174A1D49184840F2311301F02D
:10370000A0F913491A4801F09CF940F23111A4E7DD
:1037100088F31188BFF36F8FA36820469847EFF3B3
:103720001188202383F31288BFF36F8F0848FFF7B7
:10373000C3FD002886D00648FFF7E2FDD9F8003027
:103740005B1BC9F80030FFF7FFFD044696E700BF9A
:10375000AC250020946C0300C16C030027670300B4
:10376000D66C0300A825002080110020EC6C03001B
:10377000036D030070B5EFF31186202383F31288E5
:10378000BFF36F8F1A48FFF797FD68B9194A1A49B6
:103790001A48882301F055F91549194801F051F9E3
:1037A0008821144801F044F91148FFF7A9FDFFF7FB
:1037B000D3FD144AD2E90045041945EBE0750C48E5
:1037C000FFF788FD68B90B4A0F490C4840F23113E6
:1037D00001F037F906490D4801F033F940F2311193
:1037E000DFE786F31188BFF36F8F2046294670BD4F
:1037F000AC250020946C0300C16C03002767030014
:10380000D66C030080110020EC6C0300036D0300F4
:10381000F8B50446EFF31187202383F31288BFF332
:103820006F8F4F48FFF748FD68B94E4A4E494F48E1
:10383000882301F006F94A494D4801F002F9882130
:10384000484801F0F5F84648FFF75AFD226892B162
:103850004348FFF73FFD00287DD1424A4549434890
:1038600040F2311301F0EDF83D49434801F0E9F829
:1038700040F23111E4E7D4E90A36581C46F1000160
:10388000022871F1000127D3012B76F10001BCBFA2
:10389000012316465D1E46F1FF3602F0B6FA0130EE
:1038A00041F10001401946EB0101012871F10001CD
:1038B0004CDB02F0AAFA013041F100016FF0010285
:1038C000401946EB0103121A4FF0FF3161EB03037D
:1038D0002A492046FFF766FD236B01332363236AE1
:1038E000D3B11F48FFF7F6FC0028B6D087F3118844
:1038F000BFF36F8F236A20469847EFF31187202389
:1039000083F31288BFF36F8F1548FFF7D5FC0028AB
:103910008BD01348FFF7F4FC54F8185FA54297D0FA
:10392000002D95D02846FEF7DBFC00230C48C5F897
:103930009830FFF7CFFC00288FD087F31188BFF3B2
:103940006F8F2846BDE8F840FEF784BC6FF0010297
:103950004FF0FF33BCE787F31188BFF36F8FF8BDDB
:10396000B0250020946C0300C16C0300276703009E
:10397000D66C0300EC6C0300036D030011380300E8
:103980002DE9F843064614461D4691469846EFF346
:103990001187202383F31288BFF36F8F2848FFF726
:1039A0008BFC68B9274A28492848882301F049F840
:1039B0002349274801F045F88821224801F038F8CA
:1039C0001F48FFF79DFCB5F1FF3F08BFB4F1FF3F73
:1039D00011D11B48FFF77EFC60BB1A4A1D491B48EA
:1039E00040F2311301F02DF815491B4801F029F878
:1039F00040F23111E1E7631C75F1FF330ADB012C62
:103A000075F100032246BCBF0122002512F1FF39E7
:103A100045F1FF383046FFF7A9FDDDE90823C6E987
:103A20000A23002333634A46434630460B49FFF7D7
:103A3000B9FCCEE787F31188BFF36F8FBDE8F88339
:103A4000B0250020946C0300C16C030027670300BD
:103A5000D66C0300EC6C0300036D03001138030007
:103A60002DE9F84F05460C46924602F059F9002818
:103A700064D1344B9B68D3F88C60002E5ED06F1EEF
:103A80003D420BD03049314A3148172300F0D9FF6D
:103A9000304800F0D6FF17212C481CE004344DD2EA
:103AA00045F0040B06F11408EFF31189202383F38A
:103AB0001288BFF36F8F4046FFF7FEFB68B9264AB6
:103AC00026492348882300F0BCFF4146244800F0E3
:103AD000B8FF8821204800F0ABFF4046FFF710FCFC
:103AE000224659463046D04704464046FFF7F2FB8F
:103AF00068B9194A1B49164840F2311300F0A1FF7A
:103B00004146194800F09DFF40F23111E2E789F388
:103B10001188BFF36F8F8CB144F8046B7DB13C42C8
:103B20000DD00A4A11490A48342300F08AFF214681
:103B30000F482A4600F085FF3421ADE700242046D7
:103B4000BDE8F88F68250020429003001E90030016
:103B5000276703005D900300946C0300C16C0300B1
:103B6000D66C0300EC6C0300036D03007A90030035
:103B7000AC9003000146024A0020FFF771BF00BF6E
:103B80005D49030038B50D4C0D4DAC4213D90D49BC
:103B90000D4A0E481A2300F054FF0D4800F051FF63
:103BA00009481A2100F044FFD4E90112204602F02E
:103BB0005DF91834E9E7F7D3002038BDF00600209E
:103BC000F00600203C910300D49003002767030017
:103BD000436F0300F8B505460E4600F11404EFF3F9
:103BE0001187202383F31288BFF36F8F2046FFF7DE
:103BF00063FB68B91B4A1C491C48882300F021FF5D
:103C000021461B4800F01DFF8821164800F010FFD8
:103C10002046FFF775FB28463146F3F715FE05F100
:103C20000C0002F0C3F828B139462046BDE8F84040
:103C3000FEF79CBD2046FFF74DFB68B9094A0D49C8
:103C40000A4840F2311300F0FCFE21460A4800F019
:103C5000F8FE40F23111D8E787F31188BFF36F8F78
:103C6000F8BD00BF946C0300C16C0300276703001C
:103C7000D66C0300EC6C0300036D030007B5074B23
:103C80000093074907484FF0FF334FF48062FDF778
:103C90006FFF002003B05DF804FB00BFF065030078
:103CA000005100208811002010B50A4C23681BB178
:103CB00001232360002010BD00F0EAF80028F7D0AF
:103CC0000138062803D8044B53F8200010BD0348E0
:103CD00010BD00BFB4250020F8650300FE8FFFFF74
:103CE000BFF34F8F0549064BCA6802F4E0621343E5
:103CF000CB60BFF34F8F00BFFDE700BF00ED00E0DA
:103D00000400FA0510B4094B09490A4C4FF0FE3281
:103D1000C3F800244968C3F80424C3F80824C3F88E
:103D20000C240023C4F8003510BC084700B0025032
:103D30002006002000A00250D0E90012014BC3E988
:103D4000001270472006002010B5044650B1636889
:103D500013F0685F05D0064A934202D00023236027
:103D6000626010BD034B04485B689847EFE700BFF3
:103D70002C5F5CA92006002014660300C8B14368CC
:103D80000D4A934213D013F0685F0ED0012350E820
:103D9000002F194640E8001C9CF0000FF7D1012AC3
:103DA000F5D0BFF35F8F0020704704487047044888
:103DB00070476FF4E04070472C5F5CA9E98FFFFF0C
:103DC000EA8FFFFF80B14368094A93420AD013F09B
:103DD000685F05D0BFF35F8F00230360184670470C
:103DE00004487047044870476FF4E040704700BFD4
:103DF0002C5F5CA9E98FFFFFEA8FFFFF10B5044637
:103E000020B1044B63600022226010BD0248FFF71E
:103E100079FFF6E73A00003A3C66030070B5D0E956
:103E20000023174C174D6360D0E90230C4E902301B
:103E300022604868D1F800C0134BC3E900C0D5F830
:103E40001801D1F808C0C3F808C010F0685FD1F8B5
:103E50000CC00969C3F80CC0196110D00B49C5F832
:103E6000BC110023C5E9453105F58A70C5F8B831A4
:103E70009047236805F5DC70BDE87040184770BDB9
:103E80003C060020CC250020280600202C5F5CA9E1
:103E900038B500F02FF820B1032400F063F8204675
:103EA00038BD00F031F898B900F0ACF898B90F4D72
:103EB000D5F828391B0EF02B08D1D5F8242A0C4B45
:103EC0009A420AD0072400F017F8E6E70624FAE73A
:103ED0000424204638BD0024F5E7012000F092F8C4
:103EE00004460028F7D1C5F80C0AD8E700B0025004
:103EF0000000E0200020704700207047014BC3F80D
:103F0000040A704700B0025010B5114800F048F89C
:103F100000B110BD0F4800F043F80028F9D10E4C55
:103F2000204600F03DF80028F3D10C4B0C481C60F3
:103F300000F036F801460028EBD100F02DF80446D9
:103F400008B1204610BD00F03FF82046FAE700BF58
:103F50007C06002078060020740600206C060020F5
:103F60007006002008B5084800F024F8074800F063
:103F700021F8074800F01EF8064800F01BF8BDE8DD
:103F8000084000F00BB800BF7C0600207806002037
:103F9000740600207006002000207047704700BFA4
:103FA00008B5034B02681B6810689847002008BDDD
:103FB0003C06002008B5034B02685B681068984710
:103FC000002008BD3C06002070B5094C094D206951
:103FD000AB68984718B1084B08485B689847084A8F
:103FE000EB68206900211160BDE87040184700BFF0
:103FF000280600203C060020200600206066030002
:10400000C8250020F8B51A4D1A4E0446B268286932
:104010009047E8B9184F3B684CB1A3B1012B19D0B8
:10402000013B3B602869F36898470020F8BD43B91D
:10403000124A0121C2F800151149D1F81029002AAD
:10404000FBD101333B60F368286998470020F8BD35
:104050000C48F8BD0A4AD2F81039002BFBD1074AA8
:104060006FF07E40C2F80035FFF748FF3B68D7E7A6
:10407000280600203C060020C825002000A0025091
:1040800000B00250E98FFFFF0CB430B589B005468F
:104090000C461C22002101A801F000FF02238DF82C
:1040A00006300E4B0293059523462CB1B4F1004F18
:1040B00028BF4FF00043013B1D440DAA0C99069503
:1040C00001A8009200F00CF814B1059B00221A70B0
:1040D00009B0BDE8304002B0704700BF935F0300F5
:1040E0002DE9F04F8DB043680293837815469A0707
:1040F000804640F10D8100240E78002E00F00A81E8
:10410000252E0BD04B1C03930134029B41463046B5
:1041100098470028C0F2F6800399EDE74E788B1C93
:10412000252E0393F0D00027B946BB46BBF11F0FE5
:1041300038D8A6F12003102B0AD8DFE803F02A09AB
:1041400009300909092109090928092D09091F0050
:10415000A6F13003092B33D92A2E37D11BF0400F9B
:1041600055F8043B40F08280002BA7BF4BF0200B9A
:104170009946C3F100094BF0280B01E04BF0010B0D
:10418000039B13F8016B0393002ECFD130E04BF06B
:10419000020B4BF0040BF3E74BF0080BF0E74BF08E
:1041A000100BEDE7BBF17F0F19D8A6F13003092BF7
:1041B000D2D81BF0400F03D00A2101FB0737DFE7FD
:1041C0000A2101FB09394BF0200BD9E72E2E06D12D
:1041D0001BF0400F40F09E804BF0400BD0E76C2E60
:1041E00031D02BD8682E36D06A2E3CD04C2E3AD007
:1041F000002F46F02003B8BF2BF04002A3F1650169
:10420000BCBF1FFA82FB0027022901D9612B2FD1E5
:10421000073525F00705DFF8ACA2083507271BF0A6
:10422000080F66D00AEB070B56465E4563D1A4EB38
:104230000A0A06EB0A02A9EB07096FE1742E9FD068
:104240007A2E9DD0D4E71BF0800F18BF4BF4007B73
:104250004BF0800B94E71BF4807F18BF4BF4007B7E
:104260004BF4807B8CE74BF4207B89E71F4687E784
:10427000A6F16301122900F2F080DFE811F01300CB
:104280004F00EE00EE00EE00EE004F00EE00EE00FC
:10429000EE00EE00EE00FE00E900EE00EE001B0076
:1042A000EE00AF0055F8043B8DF8183001270DF1F2
:1042B000180AB4E755F804AB834BBAF1000F08BFF6
:1042C0009A461BF0400F14BF39464FF0FF3150465D
:1042D00001F0FCFD0746A2E7029B414620209847DB
:1042E00000280FDB013EB742F6D34C44A41BB14675
:1042F00098E74E46F7E716F8010B029B41469847B0
:10430000002892DA98F8023043F0040388F802306B
:104310004FF0FF3420460DB0BDE8F08F1BF0800F4A
:1043200034D01BF4007F2CD0073525F00705AA46B2
:1043300069685AF8080B2BF010050029ADB237DA7E
:10434000404261EB410145F480650DF1180B0A23F1
:104350005A4601F0C7FDA0EB0B0301936B0662D533
:10436000019B25F001019F4289B240F3A180002EFC
:1043700000F0998015F0100240F09C80BB460D467D
:1043800023E0AA465AF8040BC117D4E7AA461BF447
:10439000807F5AF8041B01D10846F5E71BF4007F23
:1043A00015BF48B208B241F3C01141F3C031C2E7B2
:1043B00050EA0103C9D11BF0400FC6D0002FC4D171
:1043C0002BF0110295B2BB46019740F2064115EA67
:1043D00001021CBF0BF1010B00222CE02BF010029C
:1043E0001FFA82FB0A231BF0800C49D01BF40071DA
:1043F0001DBF073525F00705AA46AA461ABF5AF879
:10440000080B69685AF8040B50EA010545D12BF0F6
:1044100016051BF0400FADB242D0002F40D12BF05B
:10442000170295B2019715F0100248D0019B002E9B
:1044300042D103F1010B29075AD4EB0706D5D94520
:104440006FDD0199A9EB0B035F18CB465B4649E092
:104450004BF0100B10237826C5E7782B04D1C6F15A
:10446000780343F01003BEE7029B4146252098479E
:104470000028FFF647AF023447E608230026B2E7DC
:10448000AA461BF480715AF8040BBDD01BF40071CE
:104490001ABFC0B2614680B2B6E72BF0060295B2F1
:1044A0000DF1180B54E725F01105ADB2BB468CE7B2
:1044B0000D46B8E73B460D4603F1020BBBE7DDF8BE
:1044C00004B082E7659103005E910300CDE90432F8
:1044D0004146029B202098470028FFF613AF049B1B
:1044E000059A01339945F1DCA4EB0B01CC189B46EE
:1044F0000AB3029B4146302098470028FFF602AFDE
:104500008EB901342744019B391B994224DC1D4696
:104510005DBB019AA9EB0B09224455461446914410
:1045200035E0019F92E7023441463046029B9847AE
:104530000028E7DAE6E640F206410D42E2D015F047
:10454000020F14BF2B20202015F4806F04F101040A
:10455000414618BF2D20E9E7029B4146302098478D
:10456000002804F10104CEDACCE606AB013D414659
:10457000585D029B98470028CADAC3E6029B414671
:1045800020209847002804F10104FFF6BBAEA9EBF8
:104590000403002BF2DCBFE570470020704700B534
:1045A000C1B04FF0FF324FF0FF334FF480716846D7
:1045B000FFF7F3FFF5E700207047836800EBC101C8
:1045C000B3F5004F2CBF51F8220031F812007047AC
:1045D00000EBC1018068B0F5004F2CBF41F82230DC
:1045E00021F81230704708B50122FFF7E6FFD040EE
:1045F00008BD8368B3F5004F00EBC10108D34B68D9
:104600001AB143F001034B60704723F00103FAE74E
:104610004B881AB143F001034B80704723F001032C
:10462000FAE753000122FFF7D3BF8368B3F5004FC9
:1046300034BF04230823C91A081AC0087047B0F50C
:10464000004F34BF042308230731C818C00870473F
:1046500008B50A460121FFF7F2FF0132121AB2FA39
:1046600082F0C0F11F0008BD2DE9F041174603227A
:104670000E460446FFF7A1FF8642054607F10408EF
:104680000AD1E3680122BA4023EA0203E36000236F
:1046900044F82830BDE8F081314602222046FFF779
:1046A0008CFF2B460646014644F82850204603223C
:1046B000FFF78EFF3346294620460222BDE8F0412F
:1046C000FFF786BF70B50D4686680446FFF78BFF7F
:1046D000B6F5004F014601D3012809D03046FFF757
:1046E000B7FF294602462046BDE87040FFF7BCBF31
:1046F00070BD2DE9F047054680688846FFF7A8FFA2
:1047000005EB800A0646DAF81090B9F1000F1BD0CD
:104710000327DAF8104028462146FFF764FF40459A
:1047200007D3324621462846FFF79EFF2046BDE8C4
:10473000F087032221462846FFF73FFF013FCAF8D2
:10474000100001D08145E4D1EB6801364FF0FF3411
:10475000B4401C40EAD094FAA4F2B2FA82F2131DDB
:1047600055F82340DEE72DE9F041144605460E4694
:10477000FFF739FFA4EB0608371B074442463146D2
:104780002846FFF74EFF3A4621462846FFF749FFE5
:104790004346002221462846FFF71AFF21462846B5
:1047A000FFF721FF3B46211800222846BDE8F041D3
:1047B000FFF70EBF2DE9F041164604460F46FFF7FE
:1047C00012FF314605462046FFF70DFF05442A46F5
:1047D00039462046FFF725FF31462046FFF703FF05
:1047E0002B46311800222046BDE8F041FFF7F0BE0D
:1047F0002DE9F0410D4686680446FFF7F4FEB6F554
:10480000004F014601D3012832D03046FFF720FF88
:1048100004EB80010E6996B9E368012282401343DC
:10482000E36002220D612B4629462046FFF7D0FEA9
:10483000032229462046BDE8F041FFF7C9BE022207
:1048400031462046FFF7B9FE294603460746204673
:10485000FFF7BEFE0322334629462046FFF7B8FE87
:1048600039462B462046FFF7B3FE02223146E1E7E8
:10487000BDE8F081F8B50C460546FFF7B4FE2618F2
:10488000012231462846FFF798FEC3070CD4314673
:104890002846FFF717FF21462846FFF7A4FE2146CA
:1048A00022182846FFF786FF002221462846FFF7F8
:1048B00084FE271A012239462846FFF77EFE10EAB9
:1048C000020613D139462846FFF7FCFE2146324640
:1048D0002846FFF772FE2246211A2846FFF76AFF94
:1048E000214632462846FFF768FE241A214628460C
:1048F000BDE8F840FFF77CBF70B5066809B9002035
:1049000070BDB068B0EBD10FF9D9FFF798FE014642
:1049100005463046FFF7EDFE04460028EFD001467D
:104920003046FFF760FEA84209D9254421463046AB
:104930002A46FFF718FF29463046FFF759FF304651
:1049400001222146FFF755FEB368B3F5004F34BF8F
:104950000423082303EBC4031844D1E71146FFF7EF
:10496000CBBF2DE9F04706460D46174698462BB3B8
:1049700098F8004093F80190DB78A40004EB43041E
:1049800098F802301C4444444FF0000ACA4509D349
:10499000D8F8042008F1080339463046AC46BDE893
:1049A000F047604714F8013B48F823402046F2F7EF
:1049B000C1FB013004440AF1010AE7E76FF015007A
:1049C000BDE8F08770B5002502462846144614F865
:1049D000013B0BB9184609E098B18D4207D1702B05
:1049E00004D0A3F140023A2A0BD8002070BDA3F1F5
:1049F00040063A2E05D853780135941C002BE9D097
:104A00000020252B08BF80F001002246DEE70020B1
:104A1000704700F018BA0FB407B504A951F8040B99
:104A2000019100F010FA03B05DF804EB04B0704798
:104A3000002383F31188BFF36F8F0423184602DF2E
:104A400070470FB407B504A951F8040B0191FFF7A3
:104A5000E0FF03B05DF804EB04B0704710B50369E4
:104A6000024613F0080009D11368D4689C4297BF2E
:104A7000526AE31AD31A01200B6010BD00231846B6
:104A8000FAE713B501A90446FFF7E8FF20B1019B3F
:104A9000E268013B13440193606A019BC01A01382C
:104AA00002B010BD10B5044650182269636AD207DF
:104AB00002D5013B184010BD984228BFC01AFAE742
:104AC00010B504460A46C168FFF7ECFF2369E060B1
:104AD00023F00803236110BD38B50D46026A8B0030
:104AE000016843F0020342F82130044601682A4677
:104AF000FFF7D8FFE36861682060984202BF23692E
:104B000043F0080323612A462046FFF7CBFF60608D
:104B100038BD2DE9F74FC768066A9B4606EB870349
:104B2000009316F8273003F00303022B044688464F
:104B300091464FF000030BD01360CBF8003023698F
:104B40009B0713D44FF0000A504603B0BDE8F08F26
:104B500056F8271013608908CBF80030EFD0FFF724
:104B6000AFFFE368A3604FF0010AEDE7E36906EBEE
:104B70008700984716F8272012F0010A0546E1D071
:104B800012F002021FD0B8F1000F03D041462046B8
:104B9000FFF7A2FF61682A462046FFF783FFD4E9AA
:104BA00002219142606006D12A462046FFF77AFF33
:104BB0004FF0000AA060A2682260E260226942F021
:104BC00008022261C0E7014620460192FFF778FF04
:104BD000E368A360B8F1000F04D02168236A019A4A
:104BE00043F8212005EB0802CBF80020216820467D
:104BF000FFF758FF2369206043F00803236116F88C
:104C000027306FF3000306F82730009BC9F8003007
:104C1000A9E770B504461546FFF744FF23688342B1
:104C200005D12369216023F00803236170BD226A46
:104C3000AB0043F0020342F82130204661682A4667
:104C4000FFF730FF6060F1E738B503695B070446A2
:104C500006D5856AFFF715FF85422CBFA562A062C5
:104C600038BD036800220BB9184670478B4210D13B
:104C70000B6842B942680360914200D1436000234F
:104C80000B600120704713604368994208BF42607F
:104C9000F5E71A461B68E6E7838B13F0070305D197
:104CA0000368002B0CBF002003207047022B05D1A6
:104CB000C08BB0FA80F0400980007047012B05D10D
:104CC0000368002B0CBF00200520704700207047B0
:104CD00010B50C4600B111B96FF0150010BD081DDC
:104CE00000F02FF80028F9D1A368032BF6D9F3E7D9
:104CF0002DE9F0410D4607461946281D90461E46EF
:104D0000F4F726F9044638B1334642462946384678
:104D1000A446BDE8F0416047BDE8F08138B50C46D7
:104D2000054658B151B10B6843B14B6833B12022ED
:104D3000002101F0B3F82C61002038BD6FF01500A0
:104D4000FBE7034658B1426802F00302012A03D090
:104D5000032A04D1026812B10020986070476FF0F6
:104D60001500704770B50C8806468888241A30698B
:104D7000A4B2844285B224BF641BA4B22D1BA8B286
:104D8000984228BF18463368234413600B880344B5
:104D90000B8070BD70B4838985880669ED1AADB249
:104DA000731B934228BF134670BC0A46011DFFF7D0
:104DB000D9BF70B40E460146C58831F80A3FEC1AD7
:104DC000A3B2934228BF1346324670BCFFF7CABF56
:104DD00010B54B880C88E41AA4B294420ED31A443E
:104DE00092B28B884A800A800069D21A92B28242BB
:104DF00001D2002010BD03448B80FAE76FF015004C
:104E0000F8E7704703785B075FBF03684288C3F326
:104E10004A2303EB12105DBF173020F00700800813
:104E2000002070470020704700F08BBD0346BFF3A1
:104E30005B8F53E8000F421C43E800210029F8D1A2
:104E4000BFF35B8F70471FB50023CDE90201CDE9A9
:104E500000331A4619461846F4F71EFD05B05DF8F2
:104E600004FB0120F4F7F6B9002070474368DA71BB
:104E700043681960436801225A71F4F7DDB970B5CF
:104E8000D2E901369B1B8B420C4615460AD31368A8
:104E90000A460146981900F0F3FFAB682344AB6063
:104EA000204670BD6FF01B00FBE770B50E4615463F
:104EB0001946044618B9BDE87040F4F7CBB933B1D0
:104EC000C2F34A231030120D184400F0D9FFC4E990
:104ED00000562046BDE87040F4F728BC2DE9F341A8
:104EE0005F1C4FEA8708064608F1170020F007000C
:104EF00080080C461546F4F75FFA0023ADF805303C
:104F00008DF807308DF8047068B10346019A43F8B4
:104F1000102FA8F104012A46294452F8045B43F8F3
:104F2000045F8A42F9D1A20102F4E07242EA482207
:104F300022F07F4222F47002002322F03F02314629
:104F400002B0BDE8F041FFF7B0BF07B50123019201
:104F500001AAFFF7C3FF03B05DF804FB07B5CDE975
:104F6000002302236A46FFF7B9FF03B05DF804FB94
:104F70001FB5CDE90123069B039301AA0323FFF785
:104F8000ADFF05B05DF804FBF8B506460D461446C6
:104F90001F4604B9F8BD214628463A46B047241AB0
:104FA0000544F6E710B5426881680446D2E900235B
:104FB0000068FFF7E9FF636800221A6010BD0A2845
:104FC00038B504460D4602D10D20F4F701FD2946FF
:104FD0002046F4F7FDFC002038BD2DE9F0430546DE
:104FE00087B008460E8891F80090D1F808800C46EA
:104FF0001746F4F7C1FC011EC6F38216C9F3C209B5
:105000001EDB4846F4F7A4FB03462146608851F8AE
:10501000102B0196C2F34A22002A01EB0204C0F3CE
:105020000B1008BF00210022CDE90407CDE90214CE
:10503000009241462846F4F7FBFC07B0BDE8F08338
:105040000023E2E710F0700F08D100F07F0310F0AA
:10505000800F18BF10330120984070470020704720
:105060002DE9F84306460F469046994604254B46DF
:10507000424639463046F7F7C5FF10F10B0F04469C
:1050800003D1FDF7D3FC013DF1D12046BDE8F88303
:10509000006840B150F8043C5B688B42A0F104000A
:1050A00001D04068F5E77047006850B150F8043C03
:1050B0005B685B689B788B42A0F1040001D040687C
:1050C000F3E7704730B5006888B150F8043C5B687E
:1050D0001A6A1D7F04380023043ADCB2A54201D8C5
:1050E0004068F1E7013312F833408C42F5D130BD0E
:1050F00008B5F5F783FD28B1406810F1100F14BF13
:105100000020012008BD4B1CDBB28170817680F845
:105110002530C37600F8061C704750E90231D0F8FC
:105120009C0018470369002283F84A2070470369EE
:1051300093F84A0050B193F8480038B1D3F8902062
:105140009388918910695B1A9BB2C01A70470369F2
:10515000002283F84B207047036993F8490008B197
:1051600093F84B00704708B50246FFF7F5FF30B9DA
:105170001046FFF7DCFF003818BF012008BD0120F2
:10518000FCE70369C3E9001270470229036908D0EC
:1051900004290BD001290ED1D3F8943013600020DC
:1051A000704793F89B30C3F34003F7E793F89B30C5
:1051B00003F00103F2E76FF08500704708B540295E
:1051C00003693FD013D8102932D006D801291ED048
:1051D000082920D06FF0120008BD2029FAD193F8D9
:1051E0009C1001F0FB0152B341F0040127E0B1F53E
:1051F000807F30D0B1F5007F36D08029EAD193F896
:105200009C1001F0EF01D2B141F0100117E0C3F89A
:1052100094200020E0E793F89C1001F0FE010AB111
:1052200041F0010183F89C100121F5F75DFFF0E7E3
:1052300093F89C1001F0FD010AB141F0020183F8DE
:105240009C10F2E793F89C1001F0F701002AF6D0C9
:1052500041F00801F3E793F89C1001F0DF01002A08
:10526000EDD041F02001EAE793F89C1001F0BF0176
:10527000002AE4D041F04001E1E770B50469054639
:10528000D4F88C00F3F7B6FE94F8A0300646B3B11C
:10529000D4F88C209388918912695B1A9BB2D31A37
:1052A0003F2B0CD994F89E3033B16B681B6A2246B1
:1052B000187B0021F5F7AEFF002384F8A0303046BC
:1052C00070BD08B50122FFF7D8FF013818BF4FF0B5
:1052D000FF3008BD0269D2F8901088898B8809696F
:1052E0001B1A9BB2994204BF002382F84830D2F8BF
:1052F0008C30D9885B89994204BF002382F84930F9
:105300000120704708B50020F3F796FA01460068BF
:10531000F6F710B908B5F6F769F9BDE80840F6F7F1
:1053200089B90A460121FFF710BE00210120F6F7D6
:1053300001B961B662B680F31188BFF36F8F704711
:1053400072B6002383F31188BFF36F8FBFF34F8FC3
:1053500030BF62B6BFF36F8F704772B6002383F31E
:105360001188BFF36F8FBFF34F8F20BF80F3118879
:10537000BFF36F8F62B67047202809D9B0F1004F94
:1053800008D80138B0FA80F0C0F11F004000704723
:10539000082070473E20704708B5D1E9043198478E
:1053A000002008BD08B5F6F7C7FF002008BD10B5FE
:1053B0000369C0E905330023C360837F044613B14A
:1053C000407AF8F719FF0123237700236377E37707
:1053D000A37710BDFFF7B9BDFBF774BDFBF742BE65
:1053E00038B50446F7F70CF8054660B1037A6BB19F
:1053F00020460024F8F7AAFF2846AC77FFF7D7FF2E
:105400002C72204638BD6FF01500FBE76FF0770077
:10541000F8E770B504460E461546F7F77DFE30B93D
:1054200006B925B12046BDE87040F7F7CBBE70BD88
:1054300010B50C46F7F790FFEFF31183202282F3AB
:105440001288BFF36F8F02692260027B2AB9807DC8
:1054500083F31188BFF36F8F10BD0420F8E7F8B510
:10546000069F0469C9B2EFF31186202585F31288DF
:10547000BFF36F8F0C2569430C44A56C05F0070C36
:10548000BCF1010F0BD1A76486F31188BFF36F8FB6
:10549000C4E9102343685B5898470020F8BD05F025
:1054A000C005AF4286F31188BFF36F8F0CBF6FF05A
:1054B00077004FF0FF30F1E713B580240094FFF739
:1054C000CEFF02B010BD0069CBB200EB431000214B
:1054D00010470020FAF704BA0020FAF773BA104612
:1054E000FBF7F8BF8022F8F7F7BF43685B68D3F893
:1054F00010350B600020704743685B6802EA0100CA
:1055000021EA0201C3F80805C3F80C150020704712
:1055100043685B680020C3F80815704743685B6800
:105520000020C3F80C15704743685A68D2F8043558
:1055300021EA03000B40C2F80805C2F80C35002030
:10554000704713B54FF080520829136E526E28BF72
:10555000082112BA00921BBA0C460A46694601930A
:1055600000F08EFC204602B010BD4FF08043D3F80F
:10557000002402F00103910748BF43F01003110714
:1055800048BF43F48073D10348BF43F08003510305
:1055900048BF43F02003510748BF43F00203910383
:1055A00048BF43F08003110348BF43F08003D20299
:1055B00048BF43F008030360002070474FF080436A
:1055C0004FF0FF32C3F800240020704730B5436825
:1055D0001360057A446804EBC504A34202D36FF05C
:1055E000010030BD5C798C4201D00833F0E7002027
:1055F000F7E743681B68D3F88004C3F8800470475A
:1056000042681368D3F8100150B1D26900201278B3
:105610000A70C3F81001D3F8102101221A607047F4
:105620004FF0FF307047002A0FDD42681368D3F84F
:10563000100158B10020C3F81001D269D3F810014D
:1056400012780A700120186070470020704710B56A
:10565000436819680369EFF31182202080F31288F0
:10566000BFF36F8F1868002484731B680120D87300
:105670004FF48003C1F8043382F31188BFF36F8FB6
:1056800010BD03691A68012191731B680022DA7347
:105690007047026911680346C87B40B15B681B68AC
:1056A000D3F8580118B100230B611368988970472B
:1056B00043681B68D3F81001003818BF01207047F9
:1056C00043681B681022C3F80423704743681B68B3
:1056D0001022C3F80823704743681B684FF4007218
:1056E000C3F80423704743681B684FF40072C3F883
:1056F0000823704738B543681D68D5F804335B024A
:10570000044605D4D5F8040310F0100006D138BDC6
:10571000FFF7BFFF0028F5D00120F8E72046FFF78C
:10572000C7FF003818BF0120F1E701207047036967
:10573000186801601B685A60704702680346D2F817
:10574000580140B95B68DB0706D4D2F82001003865
:1057500018BF012070470120704713B501AA044605
:10576000FFF734FF002805DB019B226819791868D0
:10577000F9F736FB02B010BD38B5002104680546C4
:10578000C068FFF7EAFF0823C4F800352A7A52B947
:10579000EB69C4F834350123C4F83835C4F8102156
:1057A000D4F81021236038BD10B543681C68C4F8D4
:1057B0004415C4F848250022C4F82021D4F820114B
:1057C000C4F858215B68D4F858215A0709D50269F2
:1057D000936843F001019B07916002D14068FFF795
:1057E000CBFF0123A36010BDF8B5066933689C891F
:1057F000BFF35B8F9442A8BF1446054610330122C5
:1058000053E8000F002803D143E80027002FF7D109
:10581000BFF35B8F0CBF134600231ED133682246B3
:10582000986800F02DFBEFF31187202383F3128893
:10583000BFF36F8F6868FFF780FF336838B918616E
:10584000044687F31188BFF36F8F2046F8BD99682F
:1058500022462846FFF7A8FFF3E71C46F5E72DE9A7
:10586000F041436806691C68D4F80423D205054654
:1058700017D5D4F82021A2B1EFF31182202181F3B2
:105880001288BFF36F8FD4F8201131B10021C4F812
:105890002011D4F820110121E16082F31188BFF3B7
:1058A0006F8FD4F8582122B93368002B38D1BDE866
:1058B000F0815B685B0721D5EFF31187202383F329
:1058C0001288BFF36F8F2A696868936823F001011B
:1058D00013F00203916007D16A681268C2F80035BC
:1058E000C0680121FFF739FF33681BB94FF480030B
:1058F000C4F8083387F31188BFF36F8F3368002B28
:10590000D5D000221A613368DB7B1BB94FF48003CA
:10591000C4F8083333689A7B12B100229A73C6E741
:10592000D4F8243123B10023C4F82431D4F824312D
:1059300032681368002BBAD028465168BDE8F041A0
:10594000184708B5F9F712FC08BDFEF7ADB908B560
:10595000F5F704FDF5F7D8FDBDE80840FEF7A4B95A
:10596000004700F02EB9C00000F1804000F5F8308B
:10597000C0F81015C0F814257047FAF725BE430982
:105980000AD0012B0BD14FF6FF7300F01F0023FA52
:1059900000F000F0010070474FF0FF33F5E7002002
:1059A00070472DE9F341019001A8DDE908580C4644
:1059B00017461E46FAF77AF8019B391E18BF0121D7
:1059C00000EB8300231E18BF0123002E43EA41038E
:1059D00014BF0C210021002D43EA010314BF4FF432
:1059E000E0610021B8F1000F43EA0103D0F800277D
:1059F00014BF4FF4403100210B4322EA030304B1EA
:105A000024780FB13F787F001C430EB13678B60082
:105A10003C438DB1297809023443B8F1000F03D01B
:105A200098F800804FEA0848214341EA0801C0F88D
:105A3000001702B0BDE8F0812946EDE71FB50DF172
:105A40000F03019300238DF80F1000931A46194697
:105A5000FFF7A7FF05B05DF804FB08B50146FAF7AC
:105A60009FF810B10846FAF7B5F800F0010008BD3C
:105A700038B5054608460C46FAF7ACF8B0B108460A
:105A8000FAF78EF890B90846FAF77EF82A680123EB
:105A90008340C2F808332A6803B202EB8303D3F8C9
:105AA000102522F00302C3F8102538BD204600213E
:105AB000BDE83840FFF7C2BFFAF72AB9FFF7D8BFF1
:105AC00000F180431A68002A1FBF00221A601B6879
:105AD000012008BF002070474FF080434FF46072F0
:105AE000C3F8042370474FF080434FF46072C3F84B
:105AF0000823704708B5FAF7C9FCBDE80840F9F774
:105B00007DBF0369C26893429CBF81685B18013BFB
:105B1000981A70472DE9F041D0E902840546A8EBB8
:105B200004064068964220440F46144404D900F00D
:105B3000A7F9EC60BDE8F0813246A4EB080400F060
:105B40009FF968682246B919F1E72DE9F843C5685D
:105B50000646894617464FF000083369B4687068F6
:105B60009D4228BF1B19641BBC4203F1FF3328BFB1
:105B70003C465B1B9C4228BF1C46494628442246A3
:105B800000F07EF9B3682544AB4208BF00253F1BF7
:105B9000A044A144F560E0D14046BDE8F88308B5D3
:105BA000FAF7DCFD002008BDEFF31180202383F31A
:105BB0001288BFF36F8F704780F31188BFF36F8F28
:105BC000704708B1F6F700BC704740B1C368587819
:105BD00010F001001EBF1878B0FA80F0400970473D
:105BE000EFF31183202383F31288BFF36F8FFEE757
:105BF00010B54369044633B90020E268537843F096
:105C00000103537010BD98470028F5D00028B8BF95
:105C10004042E368FF28A8BFFF201870EDE700F0BE
:105C20003DB900F02DB98169C36843EA010212F061
:105C300003020FD102614269013A01FB0233C268DB
:105C40009A4201D90020704702691A608269036193
:105C50009B1AF4E76FF01500704710B5C0E90532E4
:105C60000023C160C36183600446FFF7DCFF0028A6
:105C7000A8BFC4E9004410BD90F90E308B4201D09A
:105C8000FCF79EBC0020704703460020C3E90200D9
:105C9000C3E90033704710B5044630B1026893077A
:105CA00003D0446809B100F0DAF8204610BD07B50A
:105CB0000123009300230A461946FBF7C3FA03B0F9
:105CC0005DF804FB3AB18A4205D3C0E90212C0E98B
:105CD0000000002070476FF0150070470268012334
:105CE0008B4022EA0303036022FA01F000F0010076
:105CF000704720B100221146AC30FDF795B97047CE
:105D000010B5FBF7CBFE041E08DDEFF31180202356
:105D100083F31288BFF36F8FFCF76EFD204610BD32
:105D2000EFF30580003818BF0120704760307047DE
:105D3000D0E9003213605A600023C0E90033704795
:105D400038B504460D46FCF733F9637B43F0020394
:105D50006373E5B1A5602B689D4209D16B68C4E906
:105D600000531C606C6012E06A689A42F6D01B68AF
:105D7000002BF3D094F90E2093F90E108A42F3D041
:105D80009142F1DD5A68C4E9003214605C6038BDAC
:105D900001211838FCF7ECBA10B50446FCF7A0FA5C
:105DA00004F11800BDE81040FDF7E0BB38B5046809
:105DB0000546AC424FF0000000D138BD002CFCD0AD
:105DC0002046FFF7E9FF2046FCF744FA2C68012043
:105DD000A542F1E708B50246FDF7B6FA70B1D0E981
:105DE00004319B1A61EBE272B3F1004F72F10001D2
:105DF00004DA002AACBF1846002008BD6FF000404E
:105E0000FBE708B5FDF7B6FC08BDFDF7B3BC002302
:105E1000C0E9081200F11802C0E90622C0E9003307
:105E200003634363704710B50446FDF79FFBA8B9B1
:105E3000636A0BB12046984704F11800FCF772FB27
:105E400060B1FCF707FAEFF31180202383F3128887
:105E5000BFF36F8FBDE81040FCF7CEBC10BD20B182
:105E6000011F50F8040CFDF7B5BE704710B400F1E7
:105E70000C04C0E903440024446110BCF1F732BDB6
:105E80000A44914200F1FF3300D1704710B511F878
:105E9000014B03F8014F9142F9D110BD0244034672
:105EA000934200D1704703F8011BF9E710B501399F
:105EB000044632B111F8013F00F8013B013A002BD2
:105EC000F7D10021FFF7EAFF204610BD10B50246CA
:105ED00001448A42134603D01C780132002CF8D1C9
:105EE000181A10BDF0B5C3F137070446FFB203F02E
:105EF0001F031046082BE6B233D0102B3ED06508A6
:105F0000A40844EA817445EAC1752D194FEA91024B
:105F100042EB5102290941EA02716D1842EB12125B
:105F2000290A41EA02616D1842EB1222290C41EA6A
:105F300002416D1842EB1242AD1842F10002EC082A
:105F400044EA4274D10804EB8402A6EB4205EDB2A8
:105F5000092D0CD90134A5F10A0541F10001EDB27A
:105F600012E0E40844EA417406F00705C908303538
:105F700054EA010200F8015BBCD1F0BD240944EAF7
:105F8000017406F00F050909092D84BFED19EDB262
:105F9000EDE7D1E9043293421EBF5A1C0A61187022
:105FA0007047000001480068704700008419002015
:085FB0008411FF7F01000000D5
:105FB80085C30200000000000000000048600300E4
:105FC8009F5B0300000000009D0B03000000000021
:105FD800853B03000000000000000000886003000B
:105FE8000000000068600300A5E80200000000004F
:105FF8004B5903000000000000000000C8600300C7
:1060080000000000A8600300D9F3020000000000AF
:106018005D9002000000000061C302000000000063
:106028000DB30200000000004F59030000000000FB
:106038007D3C03000000000011C5020000000000C4
:106048005682030038650300BC6203008606002000
:106058004424002079E50200000000000000000050
:106068009E830300506503009862030088060020A1
:10607800A02400203DED0200000000000000000008
:10608800AC83030068650300986203008A06002059
:10609800AC2400203DED02000000000000000000DC
:1060A8009F72030040080020D86203008406002085
:1060B800C0040020A1B002000000000000000000A1
:1060C800E1830300806503003C6303008C06002025
:1060D800E80500202DF0020000000000000000008C
:1060E800F55A030061590300000000002B53030018
:1060F800C86003005F580300000000002B53030032
:10610800000000002B530300000000002B53030085
:10611800F501030061590300000000002B53030040
:10612800000000002B530300000000002B53030065
:10613800000000002B530300000000002B53030055
:10614800000000002B530300000000002B53030045
:10615800000000002B530300000000002B53030035
:10616800000000002B53030000000000B1F1020002
:10617800000000002B530300000000002B53030015
:10618800000000002B530300000000002B53030005
:10619800000000002B530300000000002B530300F5
:1061A800000000002B530300000000002B530300E5
:1061B800000000002B530300000000002B530300D5
:1061C800000000002B530300000000002B530300C5
:1061D800000000002B530300000000002B530300B5
:1061E800000000002B530300000000002B530300A5
:1061F800000000002B530300000000002B53030095
:10620800000000002B530300000000002B53030084
:10621800000000002B5303005DD902006159030000
:10622800000000002B530300000000002B53030064
:10623800000000002B530300000000002B53030054
:10624800000000002B530300000000002B53030044
:10625800000000002B530300000000002B53030034
:106268006808002000280020000600009F45030061
:106278000000000000000000000000000500000011
:1062880000000000B4680300FFFFFFFFFFFFFFFFEF
:1062980029EB0200EB540300F954030011550300E5
:1062A8001D5503002955030001EA020005E9020013
:0462B80000000000E2
:1062BC00D1E50200E5540300B954030000000000CE
:0C62CC00A1E4020000000000000000003F
:1062D80000000000000000000000000000000000B6
:1062E8000000000000000000C35203002DB10200AE
:1062F8000000000059AF02007B52030039AF0200D2
:10630800255103002F51030019AF02004F5103001C
:1063180000000000595103000000000000000000C8
:1063280067510300D552030083510300BD51030098
:106338008B51030000000000000000000000000076
:1063480000000000000000000000000001560300EB
:1063580081EF0200F3550300E957030027560300B5
:106368004F5603008356030093560300C15603009B
:10637800CD56030093560300B1560300D9560300C7
:10638800E7560300F55603002B5703002F57030069
:086398000000000000000000FD
:1063A000C468030003000000546C030003000000F5
:1063B0004168030003000000718203000300000035
:1063C00009690300030000007E6F03000300000062
:1063D000826F030003000000E56703000300000074
:1063E0003379030003000000E5810300030000008F
:1063F0005188030003000000417B030003000000FC
:106400005B690300030000008F68030003000000C5
:10641000EF83030003000000477E03000300000039
:10642000A464030078120020427103000100000000
:1064300000C2010000000800000000000000000091
:106440000338FDD870470000000000000000000085
:106450000000000000000000A8090020000100006A
:10646000634E0300054E030002000000DB4F0300F3
:10647000000000000000000000000000000000001C
:10648000227103002A7103000000000000000000D8
:106490000000000032710300367103003A710300FE
:1064A0003E710300F59D0200E99D0200199E020065
:1064B000D19D020000000000DD9D020000000000F0
:1064C000759E02008012002091270020100000001D
:1064D0000000000005530300D0050020C80500207F
:1064E000C005002000000000B805002075B40200BF
:1064F00069B30200BDB302001DB40200C004002055
:106500000000000000000B06020000001065030000
:10651000000000002C7B0300260002060000002083
:10652000347B030022000B11B1C6020065E40200B7
:1065300051E5020000000000E1E6020005E602006D
:1065400065820300D3540300D95403006B82030017
:10655000FFFF0000000300500000000001000000E9
:106560000060004000000000FFFFFFFF000000503F
:10657000000000000000000000600040000000007B
:10658000002000400100000000000000A0650300A2
:106590000000001000000000BD270020BC270020E4
:1065A00000200040AC65030001000000B46503005A
:1065B000020000002B0000002C0600010800000073
:1065C00003000000B4870300C2870300D6870300DE
:1065D000E5870300F1870300B85F0300B85F03009D
:1065E0001060030018600300486003004860030067
:1065F0005591030000010000FF8FFFFFFF8FFFFF99
:10660000FE8FFFFFFE8FFFFFFD8FFFFFFC8FFFFF61
:10661000FC8FFFFF6D757465785F6672656520633A
:10662000616C6C65642077697468204E554C4C2011
:10663000706172616D6574657200000043616E2760
:106640007420696E697469616C697A65206D75740E
:1066500065782C20776173204E554C4C0D0A000054
:10666000436F756C64206E6F74206C6F636B207069
:106670006F7765722073617665206D75746578003B
:106680004342504D20646F6E676C65207625752EF1
:106690002575207374617274696E67006E6F207364
:1066A0007461747573204C4544206F6E2074686962
:1066B0007320626F61726400574553545F544F50AA
:1066C0004449522F7A65706879722F696E636C75D0
:1066D00064652F7A65706879722F64726976657265
:1066E000732F6770696F2E6800286366672D3E7090
:1066F0006F72745F70696E5F6D61736B2026202806
:106700006770696F5F706F72745F70696E735F74CA
:10671000292831554C203C3C202870696E292929B4
:1067200020213D20305500415353455254494F4E8E
:10673000204641494C205B25735D20402025733A5B
:1067400025640A0009556E737570706F7274656404
:106750002070696E0A00434443206C696E6B2066AA
:1067600061696C65642028256429202D2D207468BA
:106770006520686F73742077696C6C207365652081
:106780006E6F20706F727400526F6F2055415254BB
:10679000206661696C65642028256429006D6F643A
:1067A000652025752C20626C652025752C2075616F
:1067B00072742025752C20746F5F726F6F202575A1
:1067C000204220282575206C6F7374292C20746F4B
:1067D0005F686F7374202575204220282575206C12
:1067E0006F737429006D61696E004344432D41430A
:1067F0004D20646576696365206E6F7420726561F3
:106800006479007573625F656E61626C65206661B4
:10681000696C65642028256429004344432D414365
:106820004D20757020286275666665727320257527
:1068300020627974657320656163682077617929C6
:10684000006364635F6C696E6B0075617274302005
:106850006E6F7420726561647900756172745F6334
:10686000616C6C6261636B5F736574206661696CF7
:106870006564202825642900526F6F2055415254C9
:106880002075702061742025642062617564007534
:106890006172745F6C696E6B0070756D705F746FA0
:1068A0005F726F6F006272696467652073746172F2
:1068B0007465640070756D705F746F5F726F6F5F89
:1068C00074696400627269646765005541525400DE
:1068D000424C4500636F6E74726F6C206368616E2A
:1068E0006E656C2072656164792C207665726273C6
:1068F000203078253032582E2E3078253032582CE2
:10690000206D6F646520257300646F6E676C655F32
:106910006374726C0020285741544348444F472900
:1069200000626F6F742025752C207265736574206A
:1069300063617573652030782530387825732C2095
:1069400070726576696F7573206D6F64652025754B
:106950002C206661756C74202575007379735F68EF
:1069600065616C746800574553545F544F504449F7
:10697000522F7A65706879722F6C69622F68656131
:10698000702F686561702E63006368756E6B5F754C
:1069900073656428682C2063290009756E6578701A
:1069A00065637465642068656170207374617465E3
:1069B0002028646F75626C652D667265653F2920BD
:1069C000666F72206D656D6F72792061742025701D
:1069D0000A006C6566745F6368756E6B28682C20AE
:1069E00072696768745F6368756E6B28682C2063D2
:1069F0002929203D3D20630009636F727275707410
:106A00006564206865617020626F756E647320280C
:106A1000627566666572206F766572666C6F773F29
:106A20002920666F72206D656D6F72792061742008
:106A300025700A006279746573203E206865617074
:106A40005F666F6F7465725F6279746573286279CF
:106A5000746573290009686561702073697A65201F
:106A6000697320746F6F20736D616C6C0A006865C8
:106A700061705F737A203E206368756E6B737A284D
:106A800073697A656F6628737472756374207A5FB0
:106A9000686561702929006368756E6B305F736982
:106AA0007A65202B206D696E5F6368756E6B5F730E
:106AB000697A65286829203C3D20686561705F73AC
:106AC0007A00574553545F544F504449522F7A65CA
:106AD000706879722F6C69622F6F732F63627072A6
:106AE000696E74665F7061636B616765642E6300D5
:106AF00009537472696E67207769746820746F6FC8
:106B0000206D616E7920617267756D656E74730AB0
:106B100000097374725F7074725F706F735B5D20D5
:106B2000746F6F20736D616C6C0A0009756E657807
:106B30007065637465642073697A652025750A0041
:106B400009746F6F206D616E7920666F726D61746C
:106B500020617267730A00696E5F7061636B6167C1
:106B6000656420213D202828766F6964202A293019
:106B7000290028756E7369676E65642920636861F2
:106B800072202A207573656420666F722025257037
:106B900020617267756D656E742E204974277320AD
:106BA0007265636F6D6D656E64656420746F2063DC
:106BB00061737420697420746F20766F6964202A71
:106BC0002062656361757365206974206D61792049
:106BD0006361757365206D69736265686176696F5D
:106BE0007220696E206365727461696E20636F6ED6
:106BF00066696775726174696F6E732E2053747263
:106C0000696E673A2225732220617267756D656E21
:106C1000743A256400736370795F636E74203C205E
:106C200073697A656F66286370795F7374725F70D9
:106C30006F7329006B6565705F636E74203C207311
:106C4000697A656F66286B6565705F7374725F70D3
:106C50006F73290063627072696E74665F7061633E
:106C60006B61676500574553545F544F5044495218
:106C70002F7A65706879722F6C69622F6F732F6D30
:106C80007073635F706275662E6300657272203D7B
:106C90003D203000574553545F544F504449522FC4
:106CA0007A65706879722F696E636C7564652F7A86
:106CB00065706879722F7370696E6C6F636B2E6884
:106CC000007A5F7370696E5F6C6F636B5F76616C87
:106CD0006964286C290009496E76616C69642073C7
:106CE00070696E6C6F636B2025700A007A5F737039
:106CF000696E5F756E6C6F636B5F76616C6964283B
:106D00006C2900094E6F74206D79207370696E6C68
:106D10006F636B2025700A004661696C656420749E
:106D20006F207265626F6F743A207370696E6E695E
:106D30006E6720656E646C6573736C792E2E2E0AF7
:106D400000574553545F544F504449522F7A657051
:106D50006879722F6C69622F7574696C732F6F6E0E
:106D60006F66662E63007374617465203D3D20304C
:106D70005500217379735F736C6973745F69735F16
:106D8000656D70747928266D67722D3E636C696538
:106D90006E747329007472616E73697420213D20D2
:106DA0002828766F6964202A293029007374617459
:106DB00065203D3D202831554C203C3C2028312980
:106DC00029006D67722D3E72656673203D3D20304F
:106DD000007374617465203D3D202831554C203C82
:106DE0003C2028302929006D67722D3E726566733C
:106DF000203E203000287374617465203D3D2028BA
:106E00002831554C203C3C2028322929207C202840
:106E100031554C203C3C20283129292929207C7CD3
:106E200020287374617465203D3D20282831554C1D
:106E3000203C3C2028322929207C2030552929203B
:106E40007C7C20287374617465203D3D20282831A6
:106E5000554C203C3C2028322929207C20283155C3
:106E60004C203C3C202830292929290057455354DF
:106E70005F544F504449522F7A65706879722F6C75
:106E800069622F7574696C732F6E6F746966792EE1
:106E90006300574553545F544F504449522F7A650D
:106EA000706879722F6C69622F7574696C732F72B8
:106EB000696E675F6275666665722E63006C6F67E8
:106EC00067696E6700574553545F544F50444952A9
:106ED0002F7A65706879722F7375627379732F6C6E
:106EE0006F6767696E672F6C6F675F636F72652E80
:106EF00063006C6F675F6261636B656E645F636F95
:106F0000756E745F6765742829203C202828333209
:106F1000202F20335529202D202831202B203029C7
:106F200029006261636B656E64203C3D205F6C6F7D
:106F3000675F6261636B656E645F6C6973745F65E4
:106F40006E640009756E6578706563746564206CA5
:106F500069737420656E64206C6F636174696F6E11
:106F60000A006C6F675F6261636B656E645F636F7D
:106F7000756E745F6765742829203E2030006C6F41
:106F800067006C6F675F6D676D74004D657373614B
:106F90006765202822257322292064726F7070652E
:106FA0006420626563617573652069742065786328
:106FB000656564732073697A65206C696D697461B5
:106FC00074696F6E202825752900574553545F5406
:106FD0004F504449522F7A65706879722F737562E9
:106FE0007379732F6C6F6767696E672F6C6F675F5C
:106FF0006D73672E6300706C656E203E3D2030001F
:107000004D6573736167652064726F70706564208D
:107010006265636175736520697420657863656571
:1070200064732073697A65206C696D697461746931
:107030006F6E2028257529000D0A00574553545FAF
:10704000544F504449522F7A65706879722F737586
:10705000627379732F6C6F6767696E672F6C6F67E8
:107060005F6F75747075742E63006F75745F6374F1
:10707000782D3E636F6E74726F6C5F626C6F636BC2
:107080002D3E6F6666736574203C3D206F75745F9E
:107090006374782D3E73697A65001B5B306D006CFC
:1070A0006576656C203C3D203400257320005B250F
:1070B00030386C755D20005B253032753A253032F2
:1070C000753A253032752E253033752C25303375C1
:1070D0005D200025732F003C25733E200025733A68
:1070E0002000657272203E3D20300025303278202D
:1070F00000202020007C00256300206D65737361F3
:107100006765732064726F70706564202D2D2D0D7E
:107110000A1B5B306D001B5B313B33316D2D2D2D18
:1071200020001B5B313B33316D001B5B313B333344
:107130006D006572720077726E00696E660064623F
:1071400067006C6F675F6261636B656E645F72742A
:107150007400574553545F544F504449522F7A6539
:10716000706879722F7375627379732F7573622FDC
:107170006465766963652F7573625F6465766963BC
:10718000652E63006366675F64617461203C3D2027
:107190005F7573625F6366675F646174615F6C698A
:1071A00073745F656E64003031323334353637388E
:1071B0003941424344454600574553545F544F506C
:1071C0004449522F7A65706879722F7375627379AA
:1071D000732F7573622F6465766963652F757362AB
:1071E0005F64657363726970746F722E6300726599
:1071F00074203D3D203000094661696C656420744F
:107200006F2066696E642076616C696420624D61EE
:10721000785061636B657453697A65300A006275F2
:10722000665B61736369695F6964785F6D61785DEE
:10723000203E2030783146202626206275665B612C
:10724000736369695F6964785F6D61785D203C2074
:107250003078374600094F6E6C79207072696E7411
:1072600061626C652061736369692D3720636861B1
:10727000726163746572732061726520616C6C6FFA
:1072800077656420696E2055534220737472696E6D
:10729000672064657363726970746F72730A006249
:1072A0006F6172645F6364635F61636D5F75617278
:1072B0007400757362776F726B71002A2A2A2042FC
:1072C0006F6F74696E67206E524620436F6E6E65F5
:1072D00063742053444B2076332E312E302D366389
:1072E00036653562333234393665202A2A2A0A0057
:1072F0002A2A2A205573696E67205A657068797248
:10730000204F532076342E312E39392D31363132FB
:107310003638336434303130202A2A2A0A006D7519
:107320007465785F696E69742063616C6C65642054
:1073300077697468204E554C4C20706172616D65A0
:1073400074657200436F756C64206E6F7420616C9D
:107350006C6F63617465206D757465782062656615
:107360006F726520696E697469616C697A696E67AC
:107370000072302F61313A20203078253038782063
:107380002072312F61323A20203078253038782031
:107390002072322F61333A2020307825303878003F
:1073A00072332F61343A20203078253038782072BB
:1073B00031322F69703A20203078253038782072A9
:1073C00031342F6C723A2020307825303878002004
:1073D000787073723A202030782530387800466112
:1073E000756C74696E6720696E7374727563746905
:1073F0006F6E206164647265737320287231352F5B
:107400007063293A2030782530387800556E6861ED
:107410006E646C6564204952516E3A202564002ADE
:107420002A2A2A2A20425553204641554C54202AC4
:107430002A2A2A2A002020537461636B696E672010
:107440006572726F72002020556E737461636B6990
:107450006E67206572726F720020205072656369DA
:107460007365206461746120627573206572726F48
:107470007200202042464152204164647265737359
:107480003A2030782578002020496D707265636954
:107490007365206461746120627573206572726F18
:1074A00072002020496E737472756374696F6E2068
:1074B000627573206572726F72002020466C6F6176
:1074C00074696E672D706F696E74206C617A7920B3
:1074D0007374617465207072657365727661746926
:1074E0006F6E206572726F72002A2A2A2A2A20552E
:1074F00053414745204641554C54202A2A2A2A2ADE
:107500000020204469766973696F6E206279207A61
:1075100065726F002020556E616C69676E6564202E
:107520006D656D6F727920616363657373002020F0
:107530004E6F20636F70726F636573736F72206933
:107540006E737472756374696F6E73002020496C7A
:107550006C6567616C206C6F6164206F66204558B4
:10756000435F52455455524E20696E746F2050430C
:10757000002020496C6C6567616C20757365206F15
:107580006620746865204550535200202041747471
:10759000656D707420746F206578656375746520FF
:1075A000756E646566696E656420696E7374727564
:1075B0006374696F6E002A2A2A2A2A204D505520AA
:1075C0004641554C54202A2A2A2A2A002020537446
:1075D00061636B696E67206572726F722028636FDA
:1075E0006E746578742061726561206D6967687476
:1075F000206265206E6F742076616C6964290020BA
:107600002044617461204163636573732056696F20
:107610006C6174696F6E0020204D4D4641522041CF
:107620006464726573733A203078257800202049AD
:107630006E737472756374696F6E204163636573F2
:10764000732056696F6C6174696F6E0057455354AF
:107650005F544F504449522F7A65706879722F6198
:107660007263682F61726D2F636F72652F636F7223
:107670007465785F6D2F6661756C742E63002128C8
:1076800028285343425F54797065202A29202828EE
:1076900030784530303045303030554C29202B2063
:1076A000307830443030554C2920292D3E43465304
:1076B000522026202831554C203C3C202830552093
:1076C0002B2034552929290009537461636B696E95
:1076D00067206572726F72206E6F74206120737400
:1076E00061636B206661696C0A0A0052657365729A
:1076F00076656420457863657074696F6E20280034
:1077000053707572696F757320696E7465727275E6
:10771000707420284952512000535053454C206921
:107720006E20746872656164206D6F646520646F9B
:107730006573206E6F7420696E646963617465207F
:107740005053500065736620213D202828766F69CC
:1077500064202A293029000945534620636F756C3F
:1077600064206E6F7420626520726574726965763C
:107770006564207375636365737366756C6C792ECD
:10778000205368616C6C206E65766572206F636350
:1077900075722E0A002A2A2A2A2A20484152442099
:1077A0004641554C54202A2A2A2A2A002020427574
:1077B00073206661756C74206F6E20766563746FDC
:1077C00072207461626C65207265616400202044DF
:1077D00065627567206576656E7400202046617568
:1077E0006C7420657363616C6174696F6E202873BB
:1077F00065652062656C6F772900415243485F459B
:107800005843455054207769746820726561736FDE
:107810006E2025780A00094661756C7420657363D3
:10782000616C6174696F6E20776974686F7574201C
:1078300046535220696E666F0A00094861726446B9
:1078400061756C7420776974686F7574204846534D
:107850005220696E666F205368616C6C206E65768D
:107860006572206F636375720A002A2A2A2A2A2009
:107870004465627567206D6F6E69746F72206578FC
:1078800063657074696F6E202A2A2A2A2A002A2AC0
:107890002A2A2A20257320256429202A2A2A2A2AEE
:1078A00000574553545F544F504449522F7A6570E6
:1078B0006879722F617263682F61726D2F636F72C6
:1078C000652F636F727465785F6D2F6972715F6D7C
:1078D000616E6167652E63007072696F203C3D20A8
:1078E000282831554C203C3C2028332929202D20A4
:1078F00031290009696E76616C6964207072696F64
:107900007269747920256420666F7220256420696D
:107910007271212076616C756573206D75737420AA
:107920006265206C657373207468616E20256C75C8
:107930000A0A006D7075004661696C656420746F99
:1079400020616C6C6F63617465206E6577204D50AB
:107950005520726567696F6E2025750A0050617247
:10796000746974696F6E2025753A2073616E69744D
:107970007920636865636B206661696C65642E00BD
:10798000574553545F544F504449522F7A6570689D
:1079900079722F617263682F61726D2F636F7265E8
:1079A0002F6D70752F61726D5F6D70752E6300099C
:1079B000436F6E6669677572696E672025752073FF
:1079C0007461746963204D505520726567696F6EEC
:1079D00073206661696C65640A0A0009436F6E660C
:1079E00069677572696E672025752064796E616DAF
:1079F0006963204D505520726567696F6E7320660C
:107A000061696C65640A0A00095265717565737471
:107A100020746F20636F6E6669677572653A202502
:107A20007520726567696F6E732028737570706F4B
:107A3000727465643A202575290A0A002128726546
:107A400067696F6E5B6964785D2E64745F617474DE
:107A5000722026202831554C203C3C2028302929F2
:107A600029000952414D5F4E4F434143484520771D
:107A70006974682044545F4D454D5F434143484518
:107A800041424C45206174747269627574650A0ADA
:107A900000094661696C656420746F20616C6C6FCD
:107AA00063617465204D505520726567696F6E7310
:107AB0002066726F6D2044540A0A002828284D5011
:107AC000555F54797065202A292028283078453060
:107AD000303045303030554C29202B203078304420
:107AE0003930554C2920292D3E5459504520262007
:107AF0002830784646554C203C3C203855292920D2
:107B00003E3E203855203D3D20380009496E7661C3
:107B10006C6964206E756D626572206F66204D50D1
:107B20005520726567696F6E730A0A00464C4153AF
:107B3000485F30005352414D5F30000000010000AB
:107B400000736F630055534244206576656E742060
:107B50006D656D6F727920636F7272757074656494
:107B600000574553545F544F504449522F7A657023
:107B70006879722F647269766572732F7573622FDC
:107B80006465766963652F7573625F64635F6E72A7
:107B900066782E6300757362645F776F726B710035
:107BA00065705F6374780055534244206576656E56
:107BB0007420616C6C6F636174696F6E20666169BB
:107BC0006C65642100556E6B6E6F776E2055534265
:107BD00020706F776572206576656E74202564006D
:107BE0006E6F742061747461636865642C20455005
:107BF00020307825303278206576656E7420647286
:107C00006F707065640065705F6374782D3E6366A5
:107C1000672E74797065203D3D205553425F444383
:107C20005F45505F434F4E54524F4C0009496E76AA
:107C3000616C6964206576656E74206F6E204354B4
:107C4000524C2045502E0A006E5246205553424455
:107C5000207472616E73666572206572726F722035
:107C6000284F5554293A2030782530327800466123
:107C7000696C656420746F20616C6C6F632065763D
:107C8000740055534244206576656E7420717565A5
:107C900075652066756C6C2100556E6B6E6F776E26
:107CA0002055534244206576656E743A20256864F9
:107CB00000556E6578706563746564206576656EE1
:107CC0007420286E7266785F75736264293A202585
:107CD000642C20657020307825303278005F657024
:107CE0005F7374617475735F676574206661696C36
:107CF00065642120436F64653A20256400616464F3
:107D000072203D3D202875696E74385F74292828DB
:107D10004E52465F555342445F547970652A29207C
:107D200030783430303237303030554C292D3E5594
:107D30005342414444520009555342204164647205
:107D400065737320696E636F7272656374210A00D4
:107D5000696E76616C696420656E64706F696E74BB
:107D600020636F6E66696775726174696F6E006912
:107D70006E76616C696420656E64706F696E7420E4
:107D8000696E6465782F6164647265737300696EEF
:107D900076616C696420656E64706F696E742074BE
:107DA0007970650069736F20656E64706F696E74B9
:107DB0002063616E206F6E6C792062652069736F3D
:107DC000004550206D6178207061636B657420738D
:107DD000697A65206D757374206265206120706F0B
:107DE000776572206F662032005354414C4C2075E9
:107DF0006E737570706F72746564206F6E20495376
:107E00004F20656E64706F696E7400456E64706FAC
:107E1000696E7420307825303278206973206E6F57
:107E20007420656E61626C6564006E524620555325
:107E30004244207772697465206572726F723A20CD
:107E4000256400010002037573625F6E726678003C
:107E5000574553545F544F504449522F7A657068C8
:107E600079722F647269766572732F7573622F63EE
:107E70006F6D6D6F6E2F6E72665F757362645F6398
:107E80006F6D6D6F6E2F6E72665F757362645F6388
:107E90006F6D6D6F6E2E6300282828286570202670
:107EA000203078383029203D3D2030783830292066
:107EB0002626202828657020262030784629203C58
:107EC00020392929207C7C2028282865702026201C
:107ED0003078383029203D3D2030292026262028A2
:107EE00028657020262030784629203C2039292911
:107EF00029006D5F6472765F7374617465203D3D27
:107F0000204E5246585F4452565F53544154455F89
:107F1000494E495449414C495A4544006B5F736589
:107F20006D5F636F756E745F6765742826646D613D
:107F30005F617661696C61626C6529203D3D20312D
:107F4000006D5F6472765F7374617465203D3D20DF
:107F50004E5246585F4452565F53544154455F5009
:107F60004F57455245445F4F4E0028282873697A81
:107F7000652026202873697A65202D203129292043
:107F80003D3D203029207C7C20282865702026203B
:107F90003078462920213D20302929002873697A2C
:107FA0006520213D203029207C7C202828657020F8
:107FB00026203078462920213D20302900282828F5
:107FC000657020262030784629203E3D2038292023
:107FD0002626202873697A65203C3D2075736264EB
:107FE0005F65705F69736F5F636170616369747906
:107FF000286570292929207C7C2028212828657063
:1080000020262030784629203E3D2038292026266B
:10801000202873697A65203C3D2036342929006583
:1080200076656E745F68616E646C657200705F7413
:1080300072616E7366657220213D202828766F6913
:1080400064202A29302900282865702026203078CD
:10805000383029203D3D203078383029207C7C2064
:1080600028705F7472616E736665722D3E705F6416
:108070006174612E7278203D3D202828766F6964F6
:10808000202A29302929207C7C20286E7266785F7E
:1080900069735F696E5F72616D28705F7472616E83
:1080A000736665722D3E705F646174612E7278290B
:1080B0002900216E72665F757362645F636F6D6D18
:1080C0006F6E5F73757370656E645F636865636B15
:1080D000282900705F73746174652D3E6D6F726541
:1080E0005F7472616E73616374696F6E730074782C
:1080F0005F73697A65203C3D2036340065705F739C
:10810000697A65203E3D20646174615F73697A65B8
:108110000028705F7472616E736665722D3E705FC9
:10812000646174612E7278203D3D202828766F6945
:1081300064202A29302929207C7C206E7266785F91
:1081400069735F696E5F72616D28705F7472616ED2
:10815000736665722D3E705F646174612E7278295A
:10816000007472616E736665722E73697A65203D64
:108170003D2030007472616E736665722E73697A89
:1081800065203D3D2072785F73697A65002128285B
:10819000657020262030784629203E3D2038290071
:1081A000282865702026203078383029203D3D2051
:1081B0003029006D5F6472765F737461746520218D
:1081C0003D204E5246585F4452565F5354415445E9
:1081D0005F554E494E495449414C495A4544000067
:1081E00001010101016E72665F757362645F636F06
:1081F0006D6D6F6E00574553545F544F5044495254
:108200002F7A65706879722F647269766572732F40
:10821000636C6F636B5F636F6E74726F6C2F636CF4
:108220006F636B5F636F6E74726F6C5F6E72662EDE
:10823000630074797065203C20434C4F434B5F438F
:108240004F4E54524F4C5F4E52465F545950455F0B
:10825000434F554E5400636C6F636B403430303085
:1082600030303030006866636C6B006C66636C6B3A
:1082700000636C6F636B5F636F6E74726F6C00573B
:108280004553545F544F504449522F7A6570687972
:10829000722F696E636C7564652F7A657068797288
:1082A0002F647269766572732F6770696F2F6770BC
:1082B000696F5F7574696C732E680063616C6C62C2
:1082C00061636B00094E6F2063616C6C6261636B6C
:1082D000210A0063616C6C6261636B2D3E68616EA4
:1082E000646C657200094E6F2063616C6C6261633F
:1082F0006B2068616E646C6572210A0057455354A7
:108300005F544F504449522F6D6F64756C65732FE5
:1083100068616C2F6E6F726469632F6E7266782F5E
:1083200068616C2F6E72665F6770696F2E68006E91
:1083300072665F6770696F5F70696E5F7072657398
:10834000656E745F636865636B282A705F70696E21
:108350002900574553545F544F504449522F7A6572
:10836000706879722F647269766572732F677069AD
:108370006F2F6770696F5F6E7266782E630065722B
:1083800072203D3D204E5246585F5355434345535E
:10839000530063622D3E68616E646C6572006770A5
:1083A000696F403530303030333030006770696F7E
:1083B00040353030303030303000000102030405E9
:1083C00006074661696C656420746F20616C6C6F90
:1083D0006361746520505049204368616E6E656C1E
:1083E0000075617274403430303032303030007596
:1083F0006172745F6E7266785F7561727465000099
:108400000000000001010000000000574553545FC8
:10841000544F504449522F6D6F64756C65732F68CB
:10842000616C2F6E6F726469632F6E7266782F6451
:108430007269766572732F7372632F6E7266785FDE
:10844000636C6F636B2E6300574553545F544F50FA
:108450004449522F6D6F64756C65732F68616C2F82
:108460006E6F726469632F6E7266782F68616C2F0D
:108470006E72665F636C6F636B2E68006D5F636C1A
:108480006F636B5F63622E6D6F64756C655F696EA1
:10849000697469616C697A656400574553545F5427
:1084A0004F504449522F6D6F64756C65732F68612E
:1084B0006C2F6E6F726469632F6E7266782F6861BD
:1084C0006C2F6E72665F6770696F74652E680069E5
:1084D0006E646578203C203800574553545F544FF4
:1084E000504449522F6D6F64756C65732F68616CD1
:1084F0002F6E6F726469632F6E7266782F64726973
:10850000766572732F7372632F6E7266785F677011
:10851000696F74652E63006E7266795F6770696F4C
:108520005F70696E5F70726573656E745F636865B6
:10853000636B2870696E290070696E5F69735F698B
:108540006E70757428705F696E7374616E63652CEC
:108550002070696E290070696E5F6861735F747264
:10856000696767657228705F696E7374616E6365B1
:108570002C2070696E2900705F6368616E6E656C97
:1085800000696E745F656E61626C6500002030305A
:1085900030303030303030303030303000015745FE
:1085A00053545F544F504449522F6D6F64756C653E
:1085B000732F68616C2F6E6F726469632F6E7266C1
:1085C000782F647269766572732F7372632F6E727F
:1085D00066785F706F7765722E6300705F636F6E91
:1085E00066696700705F636F6E66696720213D2072
:1085F0002828766F6964202A293029006D5F706F02
:10860000667761726E5F68616E646C657220213D91
:10861000202828766F6964202A293029006D5F732D
:108620006C6565706576745F68616E646C657220F8
:10863000213D202828766F6964202A293029006D81
:108640005F7573626576745F68616E646C657220D5
:10865000213D202828766F6964202A2930290000CE
:1086600000010000005465726D696E616C000000CD
:1086700000000000545452205245474745530057CC
:108680004553545F544F504449522F7A657068796E
:10869000722F6B65726E656C2F6465766963652EEB
:1086A0006300646576203C3D205F646576696365A0
:1086B0005F6C6973745F656E640048616C74696EA9
:1086C000672073797374656D00556E6B6E6F776E8E
:1086D000206572726F7200756E6B6E6F776E003E02
:1086E0003E3E205A455048595220464154414C2064
:1086F0004552524F522025643A202573206F6E2038
:10870000435055202564004661756C742064757271
:10871000696E6720696E7465727275707420686125
:108720006E646C696E670A0043757272656E7420C0
:108730007468726561643A202570202825732900C9
:10874000574553545F544F504449522F7A657068CF
:1087500079722F6B65726E656C2F666174616C2E19
:108760006300726561736F6E20213D204B5F45523F
:10877000525F4B45524E454C5F50414E49430009B4
:10878000417474656D7074656420746F20726563E4
:108790006F7665722066726F6D2061206B65726EF8
:1087A000656C2070616E696320636F6E64697469C3
:1087B0006F6E0A0043505520657863657074696F69
:1087C0006E00556E68616E646C656420696E7465D8
:1087D000727275707400537461636B206F7665728A
:1087E000666C6F77004B65726E656C206F6F70738F
:1087F000004B65726E656C2070616E696300574551
:1088000053545F544F504449522F7A6570687972BF
:108810002F6B65726E656C2F696E69742E630074C0
:1088200068726561645F64617461203C3D205F5FD4
:108830007374617469635F7468726561645F6461B5
:1088400074615F6C6973745F656E640069646C6504
:10885000006F7300574553545F544F504449522F93
:108860007A65706879722F6B65726E656C2F6D65B5
:108870006D5F736C61622E6300736C6162203C3DBE
:10888000205F6B5F6D656D5F736C61625F6C6973B8
:10889000745F656E640028736C61622D3E6672655C
:1088A000655F6C697374203D3D202828766F69648C
:1088B000202A29302920262620736C61622D3E69EA
:1088C0006E666F2E6E756D5F75736564203D3D201D
:1088D000736C61622D3E696E666F2E6E756D5F62A0
:1088E0006C6F636B7329207C7C20736C61625F709A
:1088F00074725F69735F676F6F6428736C61622C59
:1089000020736C61622D3E667265655F6C6973747D
:10891000290009736C616220636F727275707469EB
:108920006F6E2064657465637465640A0009496E3E
:1089300076616C6964206D656D6F727920706F6906
:108940006E7465722070726F76696465640A005790
:108950004553545F544F504449522F7A657068799B
:10896000722F6B65726E656C2F696E636C756465D2
:108970002F6B73636865642E680021617263685FA2
:108980006972715F756E6C6F636B6564286B657976
:108990002900090A007468726561642D3E62617382
:1089A000652E70656E6465645F6F6E005745535445
:1089B0005F544F504449522F7A65706879722F6B1B
:1089C00065726E656C2F69646C652E63005F6B6504
:1089D000726E656C2E637075735B305D2E6375729D
:1089E00072656E742D3E626173652E7072696F20C0
:1089F0003E3D203000574553545F544F5044495238
:108A00002F7A65706879722F6B65726E656C2F6D49
:108A1000757465782E630021617263685F69735FA6
:108A2000696E5F697372282900096D7574657865D0
:108A3000732063616E6E6F74206265207573656468
:108A400020696E7369646520495352730A006D751D
:108A50007465782D3E6C6F636B5F636F756E742009
:108A60003E20305500574553545F544F50444952AF
:108A70002F7A65706879722F6B65726E656C2F73D3
:108A8000656D2E63002828617263685F69735F6992
:108A90006E5F6973722829203D3D203029207C7C3F
:108AA00020282874696D656F7574292E7469636B4D
:108AB00073203D3D202828286B5F74696D656F75B4
:108AC000745F7429207B307D29292E7469636B7350
:108AD000292900574553545F544F504449522F7A27
:108AE00065706879722F6B65726E656C2F776F7227
:108AF0006B2E6300776F726B2D3E71756575652007
:108B0000213D202828766F6964202A2930290077A2
:108B10006F726B2D3E68616E646C657220213D2022
:108B20002828766F6964202A2930290021666C6123
:108B3000675F74657374282671756575652D3E666B
:108B40006C6167732C204B5F574F524B5F515545FB
:108B500055455F535441525445445F42495429009E
:108B6000717565756500737461636B0064776F720E
:108B70006B20213D202828766F6964202A2930291E
:108B800000574553545F544F504449522F7A6570F3
:108B90006879722F6B65726E656C2F74687265618F
:108BA000642E6300282828287072696F2929203DC7
:108BB0003D203135202626207A5F69735F69646C19
:108BC000655F7468726561645F656E747279282888
:108BD000656E747279292929207C7C202828283107
:108BE00035202D203129203E3D2028282D313629C1
:108BF00029292026262028287072696F2929203EDD
:108C00003D2028282D313629292026262028287085
:108C100072696F2929203C3D20283135202D2031D3
:108C20002929290009696E76616C6964207072696E
:108C30006F7269747920282564293B20616C6C6F00
:108C40007765642072616E67653A20256420746FD1
:108C50002025640A000954687265616473206D619F
:108C600079206E6F7420626520637265617465643B
:108C700020696E20495352730A00574553545F547C
:108C80004F504449522F7A65706879722F6B657224
:108C90006E656C2F73636865642E6300217A5F696B
:108CA000735F69646C655F7468726561645F6F624D
:108CB0006A65637428746872656164290057455356
:108CC000545F544F504449522F7A65706879722F1F
:108CD0006B65726E656C2F696E636C7564652F6B66
:108CE0007468726561642E68005F6B65726E656C96
:108CF0002E637075735B305D2E63757272656E7472
:108D000020213D202828766F6964202A29302900F7
:108D100073697A656F66285F73636865645F7370F3
:108D2000696E6C6F636B29203D3D2030207C7C2078
:108D30006C6F636B20213D20265F73636865645F01
:108D40007370696E6C6F636B005F6B65726E656CE0
:108D50002E637075735B305D2E63757272656E7411
:108D60002D3E626173652E73636865645F6C6F632B
:108D70006B656420213D203155005F6B65726E6527
:108D80006C2E637075735B305D2E63757272656EE9
:108D9000742D3E626173652E73636865645F6C6FEA
:108DA000636B656420213D20305500217465726D30
:108DB000696E617465000961626F72746564205F39
:108DC00063757272656E74206261636B2066726F88
:108DD0006D20646561640A0021657373656E746952
:108DE000616C000961626F727465642065737365FC
:108DF0006E7469616C207468726561642025700A04
:108E000000574553545F544F504449522F7A657070
:108E10006879722F6B65726E656C2F74696D6573FE
:108E20006C6963696E672E6300282874696D656FCD
:108E300075742920262620282875696E747074722E
:108E40005F74292028736C6963655F74696D656F51
:108E50007574732929203C3D20282875696E74702B
:108E600074725F7429202874696D656F757429297F
:108E700020262620282875696E747074725F742904
:108E8000202874696D656F75742929203C20282875
:108E900075696E747074725F742920282628736C4B
:108EA0006963655F74696D656F757473295B2828E4
:108EB00073697A655F742920282828696E742920CF
:108EC00073697A656F6628636861725B31202D2053
:108ED00032202A202128215F5F6275696C74696ED7
:108EE0005F74797065735F636F6D70617469626CD4
:108EF000655F70285F5F747970656F665F5F287368
:108F00006C6963655F74696D656F757473292C2076
:108F10005F5F747970656F665F5F282628736C6980
:108F200063655F74696D656F757473295B305D2966
:108F300029295D29202D203129202B202873697AA9
:108F4000656F6628736C6963655F74696D656F75BD
:108F5000747329202F2073697A656F662828736CD3
:108F60006963655F74696D656F757473295B305DE6
:108F7000292929295D2929202626202828287569BC
:108F80006E747074725F7429202874696D656F75D2
:108F9000742929202D20282875696E747074725FD9
:108FA00074292028736C6963655F74696D656F75DA
:108FB000747329292920252073697A656F6628280A
:108FC000736C6963655F74696D656F757473295B34
:108FD000305D29203D3D20302900574553545F54D2
:108FE0004F504449522F7A65706879722F6B6572C1
:108FF0006E656C2F74696D656F75742E63002173D7
:1090000079735F646E6F64655F69735F6C696E6BC3
:1090100065642826746F2D3E6E6F64652900574580
:1090200053545F544F504449522F7A657068797297
:109030002F6B65726E656C2F6D656D706F6F6C2E2A
:10904000630028616C69676E20262028616C69675F
:109050006E202D20312929203D3D20300009616CF2
:1090600069676E206D757374206265206120706F72
:10907000776572206F6620320A00616C69676E2026
:109080003D3D2030207C7C20282875696E747074EA
:10909000725F74296D656D20262028616C69676E8A
:1090A000202D20312929203D3D203000096D697394
:1090B000616C69676E6564206D656D6F72792061A2
:1090C000742025702028616C69676E203D20257A08
:1090D00075290A00574553545F544F504449522F45
:1090E0007A65706879722F6B65726E656C2F6B682C
:1090F0006561702E630021617263685F69735F69E7
:109100006E5F6973722829207C7C20282874696D21
:10911000656F7574292E7469636B73203D3D20283B
:1091200028286B5F74696D656F75745F7429207B87
:10913000307D29292E7469636B732900686561701D
:10914000203C3D205F6B5F686561705F6C69737484
:109150005F656E6400737973776F726B7100286E50
:10916000756C6C29002A666C6F61742A000000001F
:1091780000000000000000000000000000000000E7
:1091880000000000000000000000000000000000D7
:1091980000000000000000000000000000000000C7
:1091A80000000000000000000000000000000000B7
:1091B80000000000000000000000000000000000A7
:1091C8000000000000000000000000000000000097
:1091D8000000000000000000000000000000000087
:1091E8000000000000000000000000000000000077
:1091F8000000000000000000000000008C050020B6
:109208007805002000C201000000080000000000EE
:109218000000000000000000000000000000000046
:109228000F4A0300254E0300C85700200000000025
:10923800000000000000000000040000C85B0020DF
:109248000000000000000000000000000004000012
:109258004DB002008000000029AD020000000000AF
:1092680029AD020080000000040700203A00000039
:10927800180700203A000000F00600203A0000001D
:109288002C0700203A00000000000000A55303004E
:109298000000000000000000F805002000000000A9
:1092A80000000000000000000000000000000000B6
:1092B800BE2700202000000000000000FF00000082
:1092C800FFFF0F009002000018060020180600207B
:1092D80000000000E13C0300640600205C0600205A
:1092E80054060020000000004C060020FD3D03004D
:1092F800493D03007D3D0300C53D0300B82500201E
:109308003A00003ABC2500203A00003AC025002067
:109318003A00003AC42500203A00003A74060020BA
:1093280038060020300600202C06002028060020E1
:019338000133
:0F93390000000000000000000000000000000025
:109348000000000000000000000000000000000015
:109358000000000000000000000000000000000005
:1093680000000000000000000000000000000000F5
:0C937800000000000000000000000000E9
:0493840000000000E5
:10938800D0060020D006002000000000485500202C
:109398000000000020000000140000000000000091
:1093A800F0060020F0060020000000000000000089
:1093B8000E00000004070020040700200000000041
:1093C800000000000E000000180700201807002009
:1093D80000000000000000000E0000002C07002024
:1093E8002C07002000000000000000000E00000014
:1093F8004007002040070020000000000000000097
:049408000E00000052
:10940C005407002054070020010000000100000058
:10941C006407002064070020000000000100000029
:10942C0074070020740700200000000001000000F9
:10943C000000000000000000000000009007002069
:04944C009007002065
:1094500012010002EF020140E32F000101040102AA
:10946000030109020000000100E032080B000202C3
:10947000020000090400000102020000052400109F
:10948000010524010201042402020524060001074B
:1094900005800310000A09040100020A0000000709
:1094A0000580024000000705000240000004030997
:1094B000040A034D43524900000000180343425080
:1094C0004D20646F6E676C650000000000000000B6
:1094D0000000002203303132333435363738394119
:1094E0004243444546000000000000000000000028
:0794F0000000000000000075
:1094F80000000000BB0700200751030089B20200EA
:10950800E9AF0200000000000000000003000000B6
:04951800A00500208A
:04951C0015E015E061
:040000032000BB69B5
:00000001FF
